DELETE FROM `broadcast_text` WHERE `ID` BETWEEN 147322 AND 147331;
INSERT INTO `broadcast_text` (`ID`, `Text`, `Text1`, `EmoteID1`, `EmoteID2`, `EmoteID3`, `EmoteDelay1`, `EmoteDelay2`, `EmoteDelay3`, `EmotesID`, `LanguageID`, `Flags`, `ConditionID`, `SoundEntriesID1`, `SoundEntriesID2`, `VerifiedBuild`) VALUES
(147322, 'That device you just destroyed helps stabilize the Legion\'s buildings.', '', 0, 0, 0, 0, 0, 0, 0, 0, 0, 0, 55235, 0, 27404),
(147323, 'See if there are others around the fortress.', '', 0, 0, 0, 0, 0, 0, 0, 0, 0, 0, 55236, 0, 27404),
(147324, '<Saurfang looks you up and down with narrowed eyes.>\n\nWhen Khadgar claimed we would be seeing demon hunters today, I laughed in his face. When he said I should hear you out, I laught louder.\n\nAnd yet, here you are.\n\nI will permit you alone to enter the Hold. You will leave your weapons and companions at the door. You will not speak until spoken to.\n\nOne false move and my axe will end you.', '', 0, 0, 0, 0, 0, 0, 0, 0, 0, 0, 0, 0, 27404),
(147325, 'You are the demon hunters who escaped the Vault of the Wardens?\n\nYou draw your very power from those who seek to destroy our world. Tell me, why should I possibly trust you?', '', 0, 0, 0, 0, 0, 0, 0, 0, 0, 0, 0, 0, 27404),
(147326, 'We are indomitable. We are Illidari.', '', 0, 0, 0, 0, 0, 0, 0, 0, 0, 0, 0, 0, 27404),
(147327, 'Let nothing stand in your way.', '', 0, 0, 0, 0, 0, 0, 0, 0, 0, 0, 0, 0, 27404),
(147328, 'I don\'t have time for pleasantries, demon hunter.\n\nAs I told the other Illidari, I have much to contemplate.\n\nI must prepare our armies to take on the Legion, even as some of my allies cry out for vengeance against the Horde.', '', 0, 0, 0, 0, 0, 0, 0, 0, 0, 0, 0, 0, 27404),
(147329, 'The Aldrachi Warblades', '', 0, 0, 0, 0, 0, 0, 0, 0, 0, 0, 0, 0, 27404),
(147330, '$n, is that you? Finally some good news.', '', 0, 0, 0, 0, 0, 0, 0, 0, 0, 0, 58226, 0, 27404),
(147331, 'There is no such thing as "to many dead demons".', '', 0, 0, 0, 0, 0, 0, 0, 0, 0, 0, 0, 0, 27404);

DELETE FROM `spell` WHERE `ID`=197627;
INSERT INTO `spell` (`ID`,`Name`,`NameSubtext`,`Description`,`AuraDescription`,`VerifiedBuild`) VALUES
(197627,'Brood Swarm','','A Swarm of Spiders attacks nearby players, inflicting Shadow damage to all nearby enemies.','A Swarm of Spiders attacks nearby players, inflicting Shadow damage to all nearby enemies.', 26972);

DELETE FROM `spell_misc` WHERE `ID`=197627;
INSERT INTO `spell_misc` (`ID`,`CastingTimeIndex`,`DurationIndex`,`RangeIndex`,`SchoolMask`,`SpellIconFileDataID`,`Speed`,`ActiveIconFileDataID`,`LaunchDelay`,`DifficultyID`,`Attributes1`,`Attributes2`,`Attributes3`,`Attributes4`,`Attributes5`,`Attributes6`,`Attributes7`,`Attributes8`,`Attributes9`,`Attributes10`,`Attributes11`,`Attributes12`,`Attributes13`,`Attributes14`,`SpellID`,`VerifiedBuild`) VALUES
(197627,1,31,291,1,132091,0,0,0,0,327696,0,67108864,0,2048,-2147483648,8388608,25165824,1,0,0,0,0,0,223591,26972);

DELETE FROM `broadcast_text` WHERE `ID` BETWEEN 147332 AND 147339;
INSERT INTO `broadcast_text` (`ID`, `Text`, `Text1`, `EmoteID1`, `EmoteID2`, `EmoteID3`, `EmoteDelay1`, `EmoteDelay2`, `EmoteDelay3`, `EmotesID`, `LanguageID`, `Flags`, `ConditionID`, `SoundEntriesID1`, `SoundEntriesID2`, `VerifiedBuild`) VALUES
(147332, '', 'Whenever you\'re ready.', 0, 0, 0, 0, 0, 0, 0, 0, 0, 0, 64700, 0, 27404),
(147333, '', 'This way. Your forces await.', 0, 0, 0, 0, 0, 0, 0, 0, 0, 0, 58265, 0, 27404),
(147334, '', 'The Fel Hammer is ours at last. Gaze upon the might of the Twinblades of the Deceiver!', 0, 0, 0, 0, 0, 0, 0, 0, 0, 0, 58266, 0, 27404),
(147335, '', 'The Ashtongue will fight beside you.', 0, 0, 0, 0, 0, 0, 0, 0, 0, 0, 64714, 0, 27404),
(147336, '', 'You may call upon the Coilskar as well.', 0, 0, 0, 0, 0, 0, 0, 0, 0, 0, 64715, 0, 27404),
(147337, '', 'Our mission is not yel complete. We are all yours to command.', 0, 0, 0, 0, 0, 0, 0, 0, 0, 0, 64716, 0, 27404),
(147338, '', 'We will follow $n into battle, and we will strike down the Legion once and for all!', 0, 0, 0, 0, 0, 0, 0, 0, 0, 0, 58267, 0, 27404),
(147339, '', 'Glory to the Illidari!', 0, 0, 0, 0, 0, 0, 0, 0, 0, 0, 58268, 0, 27404);

DELETE FROM `broadcast_text` WHERE `ID` BETWEEN 147340 AND 147342;
INSERT INTO `broadcast_text` (`ID`, `Text`, `Text1`, `EmoteID1`, `EmoteID2`, `EmoteID3`, `EmoteDelay1`, `EmoteDelay2`, `EmoteDelay3`, `EmotesID`, `LanguageID`, `Flags`, `ConditionID`, `SoundEntriesID1`, `SoundEntriesID2`, `VerifiedBuild`) VALUES
(147340, 'Behold the Legion\'s primary gateway into Azeroth... the Tomb of Sargeras.', 'Behold the Legion\'s primary gateway into Azeroth... the Tomb of Sargeras.', 0, 0, 0, 0, 0, 0, 0, 0, 0, 0, 64708, 0, 26972),
(147341, '', 'The situation is more dire than we knew. The demons have already infested the surrounding isles.', 0, 0, 0, 0, 0, 0, 0, 0, 0, 0, 64709, 0, 26972),
(147342, '', 'We must act now, or I fear the situation will become... unsalvageable.', 0, 0, 0, 0, 0, 0, 0, 0, 0, 0, 64710, 0, 26972);

DELETE FROM `conversation_line` WHERE `ID` BETWEEN 13028 AND 13030;
INSERT INTO `conversation_line` (`ID`, `BroadcastTextID`, `SpellVisualKitID`, `AdditionalDuration`, `NextConversationLineID`, `AnimKitID`, `SpeechType`, `StartAnimation`, `EndAnimation`, `VerifiedBuild`) VALUES
(13028, 147340, 0, 500, 13029, 0, 0, 60, 60, 26972),
(13029, 147341, 0, 500, 13030, 0, 0, 60, 60, 26972),
(13030, 147342, 0, 500, 0, 0, 0, 60, 60, 26972);
DELETE FROM `conversation_line` WHERE `ID` BETWEEN 13019 AND 13020;
INSERT INTO `conversation_line` (`ID`, `BroadcastTextID`, `SpellVisualKitID`, `AdditionalDuration`, `NextConversationLineID`, `AnimKitID`, `SpeechType`, `StartAnimation`, `EndAnimation`, `VerifiedBuild`) VALUES
(13019, 147322, 0, 0, 13020, 0, 0, 60, 60, 26972),
(13020, 147323, 0, 500, 0, 0, 0, 60, 60, 26972);
-- Bastillax Vault of the Wardens conversations
DELETE FROM `broadcast_text` WHERE `ID` BETWEEN 143461 AND 143463;
INSERT INTO `broadcast_text` (`ID`, `Text`, `Text1`, `EmoteID1`, `EmoteID2`, `EmoteID3`, `EmoteDelay1`, `EmoteDelay2`, `EmoteDelay3`, `EmotesID`, `LanguageID`, `Flags`, `ConditionID`, `SoundEntriesID1`, `SoundEntriesID2`, `VerifiedBuild`) VALUES
(143461, 'Ahahaha... so the desperate Warden has turned to her enemies? Give up, demon hunter! If you hope to escape the Vault, you will have to face ME.', '', 0, 0, 0, 0, 0, 0, 0, 0, 0, 0, 57315, 0, 27404),
(143462, 'Your persistence is admirable, but my demons have infiltrated every floor of the Vault. Only death awaits you.', '', 0, 0, 0, 0, 0, 0, 0, 0, 0, 0, 57316, 0, 27404),
(143463, 'Your allies have fallen. My army will crush you before you can see the light of day!', '', 0, 0, 0, 0, 0, 0, 0, 0, 0, 0, 57317, 0, 27404);
DELETE FROM `broadcast_text_locale` WHERE `ID` BETWEEN 143462 AND 143463;
INSERT INTO `broadcast_text_locale` (`ID`, `locale`, `Text_lang`, `Text1_lang`, `VerifiedBuild`) VALUES
(143462, 'ruRU', 'Ваша настойчивость похвальна, но мои демоны захватили все уровни Казематов. Впереди вас ждет только смерть.', 'Ваша настойчивость похвальна, но мои демоны захватили все уровни Казематов. Впереди вас ждет только смерть.', 26972),
(143463, 'ruRU', 'Ваши союзники погибли. Мы сокрушим вас. Вам не видать солнечного света!', 'Ваши союзники погибли. Мы сокрушим вас. Вам не видать солнечного света!', 26972);
DELETE FROM `conversation_line` WHERE `ID` BETWEEN 13016 AND 13018;
INSERT INTO `conversation_line` (`ID`, `BroadcastTextID`, `SpellVisualKitID`, `AdditionalDuration`, `NextConversationLineID`, `AnimKitID`, `SpeechType`, `StartAnimation`, `EndAnimation`, `VerifiedBuild`) VALUES
(13016, 143461, 0, 500, 0, 0, 0, 60, 60, 26972),
(13017, 143462, 0, 500, 0, 0, 0, 60, 60, 26972),
(13018, 143463, 0, 500, 0, 0, 0, 60, 60, 26972);
-- By Any Means (Kayn Sunfury) conversations
DELETE FROM `broadcast_text` WHERE `ID` BETWEEN 143458 AND 143460;
INSERT INTO `broadcast_text` (`ID`, `Text`, `Text1`, `EmoteID1`, `EmoteID2`, `EmoteID3`, `EmoteDelay1`, `EmoteDelay2`, `EmoteDelay3`, `EmotesID`, `LanguageID`, `Flags`, `ConditionID`, `SoundEntriesID1`, `SoundEntriesID2`, `VerifiedBuild`) VALUES
(143458, 'If you would do the honors, I will stand guard to ensure no one interferes.', '', 0, 0, 0, 0, 0, 0, 0, 0, 0, 0, 57565, 0, 26972),
(143459, 'Where is he?! Where is Varedis? Tell us or die.', '', 0, 0, 0, 0, 0, 0, 0, 0, 0, 0, 57562, 0, 26972),
(143460, 'We have what we came for. Finish him!', '', 0, 0, 0, 0, 0, 0, 0, 0, 0, 0, 57563, 0, 26972);
DELETE FROM `conversation_line` WHERE `ID` BETWEEN 13013 AND 13015;
INSERT INTO `conversation_line` (`ID`, `BroadcastTextID`, `SpellVisualKitID`, `AdditionalDuration`, `NextConversationLineID`, `AnimKitID`, `SpeechType`, `StartAnimation`, `EndAnimation`, `VerifiedBuild`) VALUES
(13013, 143458, 0, 500, 0, 0, 0, 60, 60, 26972),
(13014, 143459, 0, 500, 0, 0, 1, 60, 60, 26972),
(13015, 143460, 0, 500, 0, 0, 0, 60, 60, 26972);
-- By Any Means (Altruis the Sufferer) conversations
DELETE FROM `broadcast_text` WHERE `ID` BETWEEN 143455 AND 143457;
INSERT INTO `broadcast_text` (`ID`, `Text`, `Text1`, `EmoteID1`, `EmoteID2`, `EmoteID3`, `EmoteDelay1`, `EmoteDelay2`, `EmoteDelay3`, `EmotesID`, `LanguageID`, `Flags`, `ConditionID`, `SoundEntriesID1`, `SoundEntriesID2`, `VerifiedBuild`) VALUES
(143455, 'I will ensure no one interferes. The demon is all yours.', '', 0, 0, 0, 0, 0, 0, 0, 0, 0, 0, 64636, 0, 26972),
(143456, 'Do not test our patience. Tell us where your master is... or die!', '', 0, 0, 0, 0, 0, 0, 0, 0, 0, 0, 64645, 0, 26972),
(143457, 'That\'s all we needed. Finish him off.', '', 0, 0, 0, 0, 0, 0, 0, 0, 0, 0, 64647, 0, 26972);
DELETE FROM `conversation_line` WHERE `ID` BETWEEN 13010 AND 13012;
INSERT INTO `conversation_line` (`ID`, `BroadcastTextID`, `SpellVisualKitID`, `AdditionalDuration`, `NextConversationLineID`, `AnimKitID`, `SpeechType`, `StartAnimation`, `EndAnimation`, `VerifiedBuild`) VALUES
(13010, 143455, 0, 500, 0, 0, 0, 60, 60, 26972),
(13011, 143456, 0, 500, 0, 0, 1, 60, 60, 26972),
(13012, 143457, 0, 500, 0, 0, 0, 60, 60, 26972);
-- Scenario Data
-- Twinblades of the Deceiver
DELETE FROM `scenario` WHERE `ID` = 900;
INSERT INTO `scenario` (`ID`, `Name`, `AreaTableID`, `Flags`, `Type`, `VerifiedBuild`) VALUES
(900, 'The Twinblades of the Deceiver', 0, 0, 0, 26972);
DELETE FROM `scenario_step` WHERE `ScenarioID` = 900;
INSERT INTO `scenario_step` (`ID`, `Description`, `Title`, `ScenarioID`, `Supersedes`, `RewardQuestID`, `OrderIndex`, `Flags`, `Criteriatreeid`, `RelatedStep`, `VerifiedBuild`) VALUES
(1808, 'Fly into Felsoul Hold.', 'Stalking Your Prey', 900, 0, 0, 0, 0, 44016, 0, 26972),
(1821, 'Dive into the fray.', 'They Are Not Prepared', 900, 0, 0, 1, 0, 44321, 0, 26972),
(1822, 'Destroy the wards protecting Varedis and absorb the souls of his minions.', 'Wrath of the Illidari', 900, 0, 0, 2, 0, 44323, 0, 26972),
(1825, 'Kill Varedis Felsoul.', 'Unleashed Havoc', 900, 0, 0, 3, 0, 44331, 0, 26972),
(2712, 'Wield the Twinblades of the Deceiver.', 'The Twinblades of the Deceiver', 900, 0, 0, 4, 0, 49475, 0, 26972);
-- Aldrachi Warblades
DELETE FROM `scenario` WHERE `ID` = 961;
INSERT INTO `scenario` (`ID`, `Name`, `AreaTableID`, `Flags`, `Type`, `VerifiedBuild`) VALUES
(961, 'The Aldrachi Warblades', 0, 0, 0, 26972);
DELETE FROM `scenario_step` WHERE `ScenarioID` = 961;
INSERT INTO `scenario_step` (`ID`, `Description`, `Title`, `ScenarioID`, `Supersedes`, `RewardQuestID`, `OrderIndex`, `Flags`, `Criteriatreeid`, `RelatedStep`, `VerifiedBuild`) VALUES
(1939, 'Free Allari from her chains.', 'Picking Up the Pieces', 961, 0, 0, 0, 0, 45975, 0, 26972),
(1940, 'Cut through the demon hordes and destroy their portals.', 'Their Blood Will Flow', 961, 0, 0, 1, 0, 45977, 0, 26972),
(2299, 'Two of Caria\'s lieutenants are performing a dark ritual. They must be stopped.', 'A River of Souls', 961, 0, 0, 2, 0, 47200, 0, 26972),
(1948, 'Gorgonnash has risen to stop your assault.', 'In the Darkness of the Pit', 961, 0, 0, 3, 0, 46015, 0, 26972),
(1941, 'Use your demonic senses to pickup Caria\'s trail.', 'Nowhere to Hide', 961, 0, 0, 4, 0, 45979, 0, 26972),
(1942, 'Caria Felsoul\'s time has come.', 'Vengeance for the Illidari', 961, 0, 0, 5, 0, 45981, 0, 26972),
(2302, 'Claim the Aldrachi Warblades as your own.', 'Right by Ascension', 961, 0, 0, 6, 0, 47219, 0, 26972);
-- Twinblades of the Deceiver
DELETE FROM `broadcast_text` WHERE `ID` BETWEEN 143432 AND 143456;
INSERT INTO `broadcast_text` (`ID`, `Text`, `Text1`, `EmoteID1`, `EmoteID2`, `EmoteID3`, `EmoteDelay1`, `EmoteDelay2`, `EmoteDelay3`, `EmotesID`, `LanguageID`, `Flags`, `ConditionID`, `SoundEntriesID1`, `SoundEntriesID2`, `VerifiedBuild`) VALUES
(143456, 'Behold the infinite power of the Twinblades!', '', 0, 0, 0, 0, 0, 0, 0, 0, 0, 0, 52044, 0, 26972), -- Varedis
(143455, 'So, Illidari, you seek my head, that you might take the Twinblades as your own? Allow me to introduce you to their power... personally.', '', 0, 0, 0, 0, 0, 0, 0, 0, 0, 0, 52021, 0, 26972), -- Varedis
(143454, 'Keep your wits about you, $p. Varedis will be a cunning adversary.', '', 0, 0, 0, 0, 0, 0, 0, 0, 0, 0, 58218, 0, 26972), -- Kayn
(143453, 'The demons underestimate your power. Punish them for their hubris.', '', 0, 0, 0, 0, 0, 0, 0, 0, 0, 0, 52028, 0, 26972), -- Kayn
(143452, 'Varedis is well-guarded. We need to take out the wards projecting that barrier.', '', 0, 0, 0, 0, 0, 0, 0, 0, 0, 0, 52007, 0, 26972), -- Kayn
(143451, 'You\'ve been spotted. Push forward! Quickly!', '', 0, 0, 0, 0, 0, 0, 0, 0, 0, 0, 52012, 0, 26972), -- Kayn
(143450, 'There\'s no time to land. You must dive directly into the fray. Go!', '', 0, 0, 0, 0, 0, 0, 0, 0, 0, 0, 52716, 0, 26972), -- Kayn
(143449, 'To arms! Lord Felsoul must not be disturbed.', '', 0, 0, 0, 0, 0, 0, 0, 0, 0, 0, 52013, 0, 26972), -- Igrius
(143448, 'Do you crave death, elf? Do you dare face my lord\'s wrath alone?', '', 0, 0, 0, 0, 0, 0, 0, 0, 0, 0, 52010, 0, 26972), -- Igrius
(143447, 'Finish the portal, damn you! We must protect the wards!', '', 0, 0, 0, 0, 0, 0, 0, 0, 0, 0, 52049, 0, 26972), -- Igrius
(143446, 'Mo\'arg to the front! This has gone on long enough.', '', 0, 0, 0, 0, 0, 0, 0, 0, 0, 0, 52048, 0, 26972), -- Igrius
(143445, 'Bathe them in hellfire! Halt their advance!', '', 0, 0, 0, 0, 0, 0, 0, 0, 0, 0, 52047, 0, 26972), -- Igrius
(143444, '$p... It\'s been years. You should know better than to stand against me.', '', 0, 0, 0, 0, 0, 0, 0, 0, 0, 0, 52045, 0, 26972), -- Varedis
(143443, 'My master has granted me many gifts. Witness the power of the Deceiver!', '', 0, 0, 0, 0, 0, 0, 0, 0, 0, 0, 52005, 0, 26972), -- Varedis
(143442, 'Pity your allies had to die. Don\'t worry... I\'ll put their souls to good use.', '', 0, 0, 0, 0, 0, 0, 0, 0, 0, 0, 52006, 0, 26972), -- Varedis
(143441, 'Do not fail me, Varedis.', '', 0, 0, 0, 0, 0, 0, 0, 0, 0, 0, 64629, 0, 26972), -- Kiljaeden
(143440, 'Unleash the Twinblades and destroy the interloper!', '', 0, 0, 0, 0, 0, 0, 0, 0, 0, 0, 64630, 0, 26972), -- Kiljaeden
(143439, 'Return to Argus. We will deal with this one another day.', '', 0, 0, 0, 0, 0, 0, 0, 0, 0, 0, 64631, 0, 26972), -- Kiljaeden
(143438, 'Keep your guard up out there. Varedis\' skills are the stuff of legend.', '', 0, 0, 0, 0, 0, 0, 0, 0, 0, 0, 64628, 0, 26972), -- Altruis
(143437, 'Damn! You\'ll need to destroy the wards sustaining that barrier before you can engage Varedis.', '', 0, 0, 0, 0, 0, 0, 0, 0, 0, 0, 58246, 0, 26972), -- Altruis
(143436, 'They\'ve spotted you. Hurry!', '', 0, 0, 0, 0, 0, 0, 0, 0, 0, 0, 58247, 0, 26972), -- Altruis
(143435, 'To hell with landing! Dive into the hold yourself. Show them your power!', '', 0, 0, 0, 0, 0, 0, 0, 0, 0, 0, 58248, 0, 26972), -- Altruis
(143434, 'The fools think they can stand against you. Show them the price of their arrogance!', '', 0, 0, 0, 0, 0, 0, 0, 0, 0, 0, 58249, 0, 26972), -- Altruis
(143433, 'The Legion won\'t soon forget this day.', '', 0, 0, 0, 0, 0, 0, 0, 0, 0, 0, 58256, 0, 26972), -- Altruis
(143432, 'We\'ve rid the skies of the worst of them. We should have a clear shot to Dalaran from here.', '', 0, 0, 0, 0, 0, 0, 0, 0, 0, 0, 58257, 0, 26972); -- Altruis
DELETE FROM `conversation_line` WHERE `ID` BETWEEN 15675 AND 15697;
INSERT INTO `conversation_line` (`ID`, `BroadcastTextID`, `SpellVisualKitID`, `AdditionalDuration`, `NextConversationLineID`, `AnimKitID`, `SpeechType`, `StartAnimation`, `EndAnimation`, `VerifiedBuild`) VALUES
(15675, 143454, 0, 500, 0, 0, 0, 60, 60, 26972),
(15676, 143453, 0, 500, 0, 0, 0, 60, 60, 26972),
(15677, 143452, 0, 500, 0, 0, 0, 60, 60, 26972),
(15678, 143451, 0, 500, 0, 0, 0, 60, 60, 26972),
(15679, 143450, 0, 500, 0, 0, 0, 60, 60, 26972),
(15680, 143449, 0, 500, 0, 0, 0, 60, 60, 26972),
(15681, 143448, 0, 500, 15682, 0, 0, 60, 60, 26972),
(15682, 143447, 0, 500, 0, 0, 0, 60, 60, 26972),
(15683, 143446, 0, 500, 0, 0, 0, 60, 60, 26972),
(15684, 143445, 0, 500, 0, 0, 0, 60, 60, 26972),
(15685, 143444, 0, 500, 15686, 0, 0, 60, 60, 26972),
(15686, 143443, 0, 500, 0, 0, 0, 60, 60, 26972),
(15687, 143442, 0, 500, 0, 0, 0, 60, 60, 26972),
(15688, 143441, 0, 500, 15689, 0, 0, 60, 60, 26972),
(15689, 143440, 0, 500, 0, 0, 0, 60, 60, 26972),
(15690, 143439, 0, 500, 0, 0, 0, 60, 60, 26972),
(15691, 143438, 0, 500, 0, 0, 0, 60, 60, 26972),
(15692, 143437, 0, 500, 0, 0, 0, 60, 60, 26972),
(15693, 143436, 0, 500, 0, 0, 0, 60, 60, 26972),
(15694, 143435, 0, 500, 0, 0, 0, 60, 60, 26972),
(15695, 143434, 0, 500, 0, 0, 0, 60, 60, 26972),
(15696, 143433, 0, 500, 0, 0, 0, 60, 60, 26972),
(15697, 143432, 0, 500, 0, 0, 0, 60, 60, 26972);
