-- Pathing for Sylvanas Windrunner Entry: 45051
SET @NPC := 45041;
SET @PATH := 450511011;
-- UPDATE `creature` SET `MovementType`=2 WHERE `guid`=@NPC;
-- DELETE FROM `creature_addon` WHERE `guid`=@NPC;
-- INSERT INTO `creature_addon` (`guid`,`path_id`,`mount`,`bytes1`,`bytes2`,`emote`,`auras`) VALUES (@NPC,@PATH,0,0,1,0, '');
DELETE FROM `waypoint_data` WHERE `id`=@PATH;
DELETE FROM `waypoint_data` WHERE `id`=4501101;
-- INSERT INTO `waypoint_data` (`id`,`point`,`position_x`,`position_y`,`position_z`,`orientation`,`delay`,`move_type`,`action`,`action_chance`,`wpguid`) VALUES
-- (@PATH,1,1382.02,1036.77,53.5615,0,0,1,0,100,0),
-- (@PATH,2,1378.62,1034.99,51.4415,0,0,1,0,100,0),
-- (@PATH,3,1376.69,1033.92,50.8203,0,0,1,0,100,0),
-- (@PATH,4,1370.16,1030.3,51.1979,0,0,1,0,100,0),
-- (@PATH,5,1365.76,1027.85,52.9575,0,0,1,0,100,0),
-- (@PATH,6,1353.93,1021.29,52.3865,0,0,1,0,100,0),
-- (@PATH,7,1342.01,1012.71,54.5486,0,0,1,0,100,0),
-- (@PATH,8,1331.81,1006.42,54.5993,0,0,1,0,100,0),
-- (@PATH,9,1323.18,1004.4,54.5993,0,0,1,0,100,0),
-- (@PATH,10,1320.6,1007.71,54.5993,0,0,1,0,100,0),
-- (@PATH,11,1314.92,1018.28,54.5993,0,0,1,0,100,0),
-- (@PATH,12,1304.12,1038.56,54.5993,0,0,1,0,100,0),
-- (@PATH,13,1291.96,1057.64,54.0229,0,0,1,0,100,0),
-- (@PATH,14,1266.43,1087.83,52.3095,0,0,1,0,100,0),
-- (@PATH,15,1240.92,1112.1,50.9396,0,0,1,0,100,0),
-- (@PATH,16,1186.92,1151.85,49.2966,0,0,1,0,100,0),
-- (@PATH,17,1103.56,1205.04,46.405,0,0,1,0,100,0),
-- (@PATH,18,1087.08,1220.02,46.3391,0,0,1,0,100,0),
-- (@PATH,19,1027.13,1273.88,46.0058,0,0,1,0,100,0),
-- (@PATH,20,1006.07,1289.54,45.9183,0,0,1,0,100,0),
-- (@PATH,21,958.819,1319.75,46.3413,0,0,1,0,100,0),
-- (@PATH,22,937.089,1333.16,46.8987,0,0,1,0,100,0),
-- (@PATH,23,901.874,1348.65,49.0243,0,0,1,0,100,0),
-- (@PATH,24,882.262,1353.33,51.6486,0,0,1,0,100,0),
-- (@PATH,25,864.572,1357.55,54.6863,0,0,1,0,100,0),
-- (@PATH,26,845.214,1358.95,55.5383,0,0,1,0,100,0),
-- (@PATH,27,747.317,1358.59,69.6343,0,0,1,0,100,0),
-- (@PATH,28,720.427,1349.57,73.8387,0,0,1,0,100,0),
-- (@PATH,29,699.874,1333.29,77.7755,0,0,1,0,100,0),
-- (@PATH,30,667.782,1305.19,81.7202,0,0,1,0,100,0),
-- (@PATH,31,643.957,1296.31,85.2994,0,0,1,0,100,0),
-- (@PATH,32,638.748,1296.82,85.6868,0,0,1,0,100,0),
-- (@PATH,33,634.856,1301.78,85.909,0,0,1,0,100,0),
-- (@PATH,34,626.351,1319.04,84.3054,0,0,1,0,100,0),
-- (@PATH,35,587.723,1393.71,92.1448,0,0,1,0,100,0),
-- (@PATH,36,560.69,1441.25,101.771,0,0,1,0,100,0),
-- (@PATH,37,537.474,1465.67,110.813,0,0,1,0,100,0),
-- (@PATH,38,517.445,1482.97,119.81,0,0,1,0,100,0),
-- (@PATH,39,507.389,1491.66,124.016,0,0,1,0,100,0),
-- (@PATH,40,500.267,1505.83,127.459,0,0,1,0,100,0),
-- (@PATH,41,495.328,1528.53,129.898,0,0,1,0,100,0),
-- (@PATH,42,494.859,1549.98,128.962,0,0,1,0,100,0);
UPDATE `creature_template` SET `AIName`='', `ScriptName`='' WHERE `entry`=45051;
UPDATE `creature_template` SET `AIName`='', `ScriptName`='' WHERE `entry`=45057;
UPDATE `creature_template` SET `AIName`='', `ScriptName`='npc_forsaken_warhorse_45041' WHERE `entry`=@NPC;
-- ===============================================
-- = Dranoshar Blackade spawns
-- ===============================================
SET @CGUID := 280000656;
DELETE FROM `creature` WHERE `guid` BETWEEN @CGUID+0 AND @CGUID+482;
INSERT INTO `creature` (`guid`, `id`, `map`, `zoneId`, `areaId`, `spawnDifficulties`, `phaseUseFlags`, `PhaseId`, `PhaseGroup`, `terrainSwapMap`, `modelid`, `equipment_id`, `position_x`, `position_y`, `position_z`, `orientation`, `spawntimesecs`, `spawndist`, `currentwaypoint`, `curhealth`, `curmana`, `MovementType`, `npcflag`, `unit_flags`, `unit_flags2`, `unit_flags3`, `dynamicflags`, `ScriptName`, `VerifiedBuild`) VALUES
(@CGUID+0, 114066, 1, 14, 4982, 0, 0, 0, 532, -1, 0, 0, 1424.01, -4400.3, 92.495, 0, 180, 0, 0, 3100, 0, 0, 0, 0, 0, 0, 0, '', 26972),
(@CGUID+1, 114066, 1, 14, 4982, 0, 0, 0, 532, -1, 0, 0, 1410.95, -4398.48, 94.8595, 3.00335, 180, 0, 0, 3100, 0, 0, 0, 0, 0, 0, 0, '', 26972),
(@CGUID+2, 113373, 1, 14, 4982, 0, 0, 0, 532, -1, 0, 0, 1345.73, -4449.5, 27.0003, 4.06126, 180, 0, 0, 3100, 0, 0, 0, 0, 0, 0, 0, '', 26972),
(@CGUID+3, 114066, 1, 14, 4982, 0, 0, 0, 532, -1, 0, 0, 1424.01, -4400.3, 92.495, 0, 180, 0, 0, 3100, 0, 0, 0, 0, 0, 0, 0, '', 26972),
(@CGUID+4, 114066, 1, 14, 4982, 0, 0, 0, 532, -1, 0, 0, 1414.02, -4394.54, 94.8595, 2.61835, 180, 0, 0, 3100, 0, 0, 0, 0, 0, 0, 0, '', 26972),
(@CGUID+5, 113380, 1, 14, 4982, 0, 0, 0, 532, -1, 0, 0, 1354.6, -4450.64, 27.5571, 3.29408, 180, 0, 0, 3100, 0, 0, 0, 0, 0, 0, 0, '', 26972),
(@CGUID+6, 3296, 1, 14, 4982, 0, 0, 0, 532, -1, 0, 0, 1376.19, -4356.33, 26.3082, 3.28801, 180, 0, 0, 3100, 0, 0, 0, 0, 0, 0, 0, '', 26972),
(@CGUID+7, 114066, 1, 14, 4982, 0, 0, 0, 532, -1, 0, 0, 1424.01, -4400.3, 92.495, 0, 180, 0, 0, 3100, 0, 0, 0, 0, 0, 0, 0, '', 26972),
(@CGUID+8, 113376, 1, 14, 4982, 0, 0, 0, 532, -1, 0, 0, 1340.27, -4451.4, 26.2562, 6.00239, 180, 0, 0, 3100, 0, 0, 0, 0, 0, 0, 0, '', 26972),
(@CGUID+9, 114066, 1, 14, 4982, 0, 0, 0, 532, -1, 0, 0, 1424.01, -4400.3, 92.495, 0, 180, 0, 0, 3100, 0, 0, 0, 0, 0, 0, 0, '', 26972),
(@CGUID+10, 113380, 1, 14, 4982, 0, 0, 0, 532, -1, 0, 0, 1333.96, -4418.36, 27.0096, 2.29372, 180, 0, 0, 3100, 0, 0, 0, 0, 0, 0, 0, '', 26972),
(@CGUID+11, 3296, 1, 14, 4982, 0, 0, 0, 532, -1, 0, 0, 1379.86, -4384.3, 26.1172, 3.28946, 180, 0, 0, 3100, 0, 0, 0, 0, 0, 0, 0, '', 26972),
(@CGUID+12, 114066, 1, 14, 4982, 0, 0, 0, 532, -1, 0, 0, 1424.01, -4400.3, 92.495, 0, 180, 0, 0, 3100, 0, 0, 0, 0, 0, 0, 0, '', 26972),
(@CGUID+13, 114066, 1, 14, 4982, 0, 0, 0, 532, -1, 0, 0, 1411.82, -4405.5, 94.8595, 3.54487, 180, 0, 0, 3100, 0, 0, 0, 0, 0, 0, 0, '', 26972),
(@CGUID+14, 114066, 1, 14, 4982, 0, 0, 0, 532, -1, 0, 0, 1295.25, -4416.27, 26.724, 4.99874, 180, 0, 0, 3100, 0, 0, 0, 0, 0, 0, 0, '', 26972),
(@CGUID+15, 113375, 1, 14, 4982, 0, 0, 0, 532, -1, 0, 0, 1329.68, -4446.71, 26.3532, 2.0769, 180, 0, 0, 3100, 0, 0, 0, 0, 0, 0, 0, '', 26972),
(@CGUID+16, 113377, 1, 14, 4982, 0, 0, 0, 532, -1, 0, 0, 1304.97, -4369.35, 27.8438, 6.13921, 180, 0, 0, 3100, 0, 0, 0, 0, 0, 0, 0, '', 26972),
(@CGUID+17, 3296, 1, 14, 4982, 0, 0, 0, 532, -1, 0, 0, 1297.06, -4400.33, 26.7113, 1.22869, 180, 0, 0, 3100, 0, 0, 0, 0, 0, 0, 0, '', 26972),
(@CGUID+18, 113377, 1, 14, 4982, 0, 0, 0, 532, -1, 0, 0, 1332.32, -4415.3, 26.9194, 4.95144, 180, 0, 0, 3100, 0, 0, 0, 0, 0, 0, 0, '', 26972),
(@CGUID+19, 113373, 1, 14, 4982, 0, 0, 0, 532, -1, 0, 0, 1344.61, -4456.16, 26.5464, 1.97079, 180, 0, 0, 3100, 0, 0, 0, 0, 0, 0, 0, '', 26972),
(@CGUID+20, 113376, 1, 14, 4982, 0, 0, 0, 532, -1, 0, 0, 1330.47, -4418.41, 26.8203, 0.333292, 180, 0, 0, 3100, 0, 0, 0, 0, 0, 0, 0, '', 26972),
(@CGUID+21, 3296, 1, 14, 4982, 0, 0, 0, 532, -1, 0, 0, 1320.42, -4399.27, 25.3281, 2.72822, 180, 0, 0, 3100, 0, 0, 0, 0, 0, 0, 0, '', 26972),
(@CGUID+22, 74228, 1, 14, 4982, 0, 0, 0, 532, -1, 0, 0, 1326.27, -4393.09, 25.9701, 1.99308, 180, 0, 0, 3100, 0, 0, 0, 0, 0, 0, 0, '', 26972),
(@CGUID+23, 113381, 1, 14, 4982, 0, 0, 0, 532, -1, 0, 0, 1308.55, -4367.62, 27.5106, 4.09085, 180, 0, 0, 3100, 0, 0, 0, 0, 0, 0, 0, '', 26972),
(@CGUID+24, 114066, 1, 14, 4982, 0, 0, 0, 532, -1, 0, 0, 1298.89, -4440.04, 27.2353, 2.53287, 180, 0, 0, 3100, 0, 0, 0, 0, 0, 0, 0, '', 26972),
(@CGUID+25, 114066, 1, 14, 4982, 0, 0, 0, 532, -1, 0, 0, 1415.76, -4408.57, 94.8595, 3.92874, 180, 0, 0, 3100, 0, 0, 0, 0, 0, 0, 0, '', 26972),
(@CGUID+26, 113373, 1, 14, 4982, 0, 0, 0, 532, -1, 0, 0, 1278.7, -4378.94, 28.6218, 3.75192, 180, 0, 0, 3100, 0, 0, 0, 0, 0, 0, 0, '', 26972),
(@CGUID+27, 114066, 1, 14, 4982, 0, 0, 0, 532, -1, 0, 0, 1282.82, -4436.48, 27.4897, 4.64012, 180, 0, 0, 3100, 0, 0, 0, 0, 0, 0, 0, '', 26972),
(@CGUID+28, 114066, 1, 14, 4982, 0, 0, 0, 532, -1, 0, 0, 1286.57, -4411.88, 26.6331, 1.45559, 180, 0, 0, 3100, 0, 0, 0, 0, 0, 0, 0, '', 26972),
(@CGUID+29, 114066, 1, 14, 4982, 0, 0, 0, 532, -1, 0, 0, 1279.36, -4419.98, 26.6562, 0.926177, 180, 0, 0, 3100, 0, 0, 0, 0, 0, 0, 0, '', 26972),
(@CGUID+30, 113331, 1, 14, 4982, 0, 0, 0, 532, -1, 0, 0, 1276, -4381.5, 28.7378, 0.930551, 180, 0, 0, 3100, 0, 0, 0, 0, 0, 0, 0, '', 26972),
(@CGUID+31, 113291, 1, 14, 4982, 0, 0, 0, 532, -1, 0, 0, 1290.14, -4429.09, 26.9566, 2.34499, 180, 0, 0, 3100, 0, 0, 0, 0, 0, 0, 0, '', 26972),
(@CGUID+32, 113291, 1, 14, 4982, 0, 0, 0, 532, -1, 0, 0, 1295.37, -4418.01, 26.7069, 3.15033, 180, 0, 0, 3100, 0, 0, 0, 0, 0, 0, 0, '', 26972),
(@CGUID+33, 113291, 1, 14, 4982, 0, 0, 0, 532, -1, 0, 0, 1280.94, -4418.92, 26.6545, 6.08687, 180, 0, 0, 3100, 0, 0, 0, 0, 0, 0, 0, '', 26972),
(@CGUID+34, 114066, 1, 14, 4982, 0, 0, 0, 532, -1, 0, 0, 1289.38, -4425.89, 26.804, 4.73003, 180, 0, 0, 3100, 0, 0, 0, 0, 0, 0, 0, '', 26972),
(@CGUID+35, 113291, 1, 14, 4982, 0, 0, 0, 532, -1, 0, 0, 1286.68, -4408.61, 26.7118, 5.44521, 180, 0, 0, 3100, 0, 0, 0, 0, 0, 0, 0, '', 26972),
(@CGUID+36, 113377, 1, 14, 4982, 0, 0, 0, 532, -1, 0, 0, 1275.28, -4378.35, 28.6545, 5.99207, 180, 0, 0, 3100, 0, 0, 0, 0, 0, 0, 0, '', 26972),
(@CGUID+37, 113291, 1, 14, 4982, 0, 0, 0, 532, -1, 0, 0, 1267.17, -4438.14, 31.7351, 0.742211, 180, 0, 0, 3100, 0, 0, 0, 0, 0, 0, 0, '', 26972),
(@CGUID+38, 113291, 1, 14, 4982, 0, 0, 0, 532, -1, 0, 0, 1283.3, -4441.76, 32.5434, 1.56254, 180, 0, 0, 3100, 0, 0, 0, 0, 0, 0, 0, '', 26972),
(@CGUID+39, 114066, 1, 14, 4982, 0, 0, 0, 532, -1, 0, 0, 1270.52, -4433.29, 26.7837, 3.92527, 180, 0, 0, 3100, 0, 0, 0, 0, 0, 0, 0, '', 26972),
(@CGUID+40, 114066, 1, 14, 4982, 0, 0, 0, 532, -1, 0, 0, 1270.91, -4456.98, 36.9469, 0.843928, 180, 0, 0, 3100, 0, 0, 0, 0, 0, 0, 0, '', 26972),
(@CGUID+41, 114131, 1, 14, 4982, 0, 0, 0, 532, -1, 0, 0, 1345.08, -4568.54, 33.4766, 4.07268, 180, 0, 0, 3100, 0, 0, 0, 0, 0, 0, 0, '', 26972),
(@CGUID+42, 114131, 1, 14, 4982, 0, 0, 0, 532, -1, 0, 0, 1360.64, -4570.47, 37.1026, 4.00509, 180, 0, 0, 3100, 0, 0, 0, 0, 0, 0, 0, '', 26972),
(@CGUID+43, 114066, 1, 14, 4982, 0, 0, 0, 532, -1, 0, 0, 1248.4, -4449.74, 41.7952, 2.05092, 180, 0, 0, 3100, 0, 0, 0, 0, 0, 0, 0, '', 26972),
(@CGUID+44, 114066, 1, 14, 4982, 0, 0, 0, 532, -1, 0, 0, 1265.26, -4454.52, 37.0391, 1.23661, 180, 0, 0, 3100, 0, 0, 0, 0, 0, 0, 0, '', 26972),
(@CGUID+45, 114066, 1, 14, 4982, 0, 0, 0, 532, -1, 0, 0, 1283.73, -4477.17, 41.4047, 6.1491, 180, 0, 0, 3100, 0, 0, 0, 0, 0, 0, 0, '', 26972),
(@CGUID+46, 114131, 1, 14, 4982, 0, 0, 0, 532, -1, 0, 0, 1365.37, -4583.1, 34.5004, 3.53734, 180, 0, 0, 3100, 0, 0, 0, 0, 0, 0, 0, '', 26972),
(@CGUID+47, 114131, 1, 14, 4982, 0, 0, 0, 532, -1, 0, 0, 1376.28, -4591.45, 36.4659, 3.7177, 180, 0, 0, 3100, 0, 0, 0, 0, 0, 0, 0, '', 26972),
(@CGUID+48, 114131, 1, 14, 4982, 0, 0, 0, 532, -1, 0, 0, 1381.14, -4605.44, 34.8731, 3.42227, 180, 0, 0, 3100, 0, 0, 0, 0, 0, 0, 0, '', 26972),
(@CGUID+49, 114131, 1, 14, 4982, 0, 0, 0, 532, -1, 0, 0, 1386.16, -4619.35, 34.4226, 3.36464, 180, 0, 0, 3100, 0, 0, 0, 0, 0, 0, 0, '', 26972),
(@CGUID+50, 114131, 1, 14, 4982, 0, 0, 0, 532, -1, 0, 0, 1385.3, -4632.79, 31.7139, 3.25576, 180, 0, 0, 3100, 0, 0, 0, 0, 0, 0, 0, '', 26972),
(@CGUID+51, 114066, 1, 14, 4982, 0, 0, 0, 532, -1, 0, 0, 1461.82, -5295.25, 78.9867, 4.89511, 180, 0, 0, 3100, 0, 0, 0, 0, 0, 0, 0, '', 26972),
(@CGUID+52, 114066, 1, 14, 4982, 0, 0, 0, 532, -1, 0, 0, 1349.29, -4679.42, 42.2276, 0.346014, 180, 0, 0, 3100, 0, 0, 0, 0, 0, 0, 0, '', 26972),
(@CGUID+53, 114066, 1, 14, 4982, 0, 0, 0, 532, -1, 0, 0, 1410.95, -4398.48, 94.8595, 3.00335, 180, 0, 0, 3100, 0, 0, 0, 0, 0, 0, 0, '', 26972),
(@CGUID+54, 114066, 1, 14, 4982, 0, 0, 0, 532, -1, 0, 0, 1415.76, -4408.57, 94.8595, 3.92874, 180, 0, 0, 3100, 0, 0, 0, 0, 0, 0, 0, '', 26972),
(@CGUID+55, 114066, 1, 14, 4982, 0, 0, 0, 532, -1, 0, 0, 1461.82, -5295.25, 78.9867, 3.33817, 180, 0, 0, 3100, 0, 0, 0, 0, 0, 0, 0, '', 26972),
(@CGUID+56, 114066, 1, 14, 4982, 0, 0, 0, 532, -1, 0, 0, 1414.02, -4394.54, 94.8595, 2.61835, 180, 0, 0, 3100, 0, 0, 0, 0, 0, 0, 0, '', 26972),
(@CGUID+57, 114066, 1, 14, 4982, 0, 0, 0, 532, -1, 0, 0, 1411.82, -4405.5, 94.8595, 3.54487, 180, 0, 0, 3100, 0, 0, 0, 0, 0, 0, 0, '', 26972),
(@CGUID+58, 114066, 1, 14, 4982, 0, 0, 0, 532, -1, 0, 0, 1411.82, -4405.5, 94.8595, 3.54487, 180, 0, 0, 3100, 0, 0, 0, 0, 0, 0, 0, '', 26972),
(@CGUID+59, 114066, 1, 14, 4982, 0, 0, 0, 532, -1, 0, 0, 1410.95, -4398.48, 94.8595, 3.00335, 180, 0, 0, 3100, 0, 0, 0, 0, 0, 0, 0, '', 26972),
(@CGUID+60, 114066, 1, 14, 4982, 0, 0, 0, 532, -1, 0, 0, 1415.76, -4408.57, 94.8595, 3.92874, 180, 0, 0, 3100, 0, 0, 0, 0, 0, 0, 0, '', 26972),
(@CGUID+61, 114066, 1, 14, 4982, 0, 0, 0, 532, -1, 0, 0, 1414.02, -4394.54, 94.8595, 2.61835, 180, 0, 0, 3100, 0, 0, 0, 0, 0, 0, 0, '', 26972),
(@CGUID+62, 114066, 1, 14, 4982, 0, 0, 0, 532, -1, 0, 0, 1461.82, -5295.25, 78.9867, 3.33817, 180, 0, 0, 3100, 0, 0, 0, 0, 0, 0, 0, '', 26972),
(@CGUID+63, 114066, 1, 14, 4982, 0, 0, 0, 532, -1, 0, 0, 1414.02, -4394.54, 94.8595, 2.61835, 180, 0, 0, 3100, 0, 0, 0, 0, 0, 0, 0, '', 26972),
(@CGUID+64, 114066, 1, 14, 4982, 0, 0, 0, 532, -1, 0, 0, 1411.82, -4405.5, 94.8595, 3.54487, 180, 0, 0, 3100, 0, 0, 0, 0, 0, 0, 0, '', 26972),
(@CGUID+65, 114066, 1, 14, 4982, 0, 0, 0, 532, -1, 0, 0, 1410.95, -4398.48, 94.8595, 3.00335, 180, 0, 0, 3100, 0, 0, 0, 0, 0, 0, 0, '', 26972),
(@CGUID+66, 114066, 1, 14, 4982, 0, 0, 0, 532, -1, 0, 0, 1415.76, -4408.57, 94.8595, 3.92874, 180, 0, 0, 3100, 0, 0, 0, 0, 0, 0, 0, '', 26972),
(@CGUID+67, 114066, 1, 14, 4982, 0, 0, 0, 532, -1, 0, 0, 1461.82, -5295.25, 78.9867, 3.33817, 180, 0, 0, 3100, 0, 0, 0, 0, 0, 0, 0, '', 26972),
(@CGUID+68, 114066, 1, 14, 4982, 0, 0, 0, 532, -1, 0, 0, 1410.95, -4398.48, 94.8595, 3.00335, 180, 0, 0, 3100, 0, 0, 0, 0, 0, 0, 0, '', 26972),
(@CGUID+69, 114066, 1, 14, 4982, 0, 0, 0, 532, -1, 0, 0, 1415.76, -4408.57, 94.8595, 3.92874, 180, 0, 0, 3100, 0, 0, 0, 0, 0, 0, 0, '', 26972),
(@CGUID+70, 114066, 1, 14, 4982, 0, 0, 0, 532, -1, 0, 0, 1414.02, -4394.54, 94.8595, 2.61835, 180, 0, 0, 3100, 0, 0, 0, 0, 0, 0, 0, '', 26972),
(@CGUID+71, 114066, 1, 14, 4982, 0, 0, 0, 532, -1, 0, 0, 1461.82, -5295.25, 78.9867, 3.33817, 180, 0, 0, 3100, 0, 0, 0, 0, 0, 0, 0, '', 26972),
(@CGUID+72, 114066, 1, 14, 4982, 0, 0, 0, 532, -1, 0, 0, 1411.82, -4405.5, 94.8595, 3.54487, 180, 0, 0, 3100, 0, 0, 0, 0, 0, 0, 0, '', 26972),
(@CGUID+73, 114066, 1, 14, 4982, 0, 0, 0, 532, -1, 0, 0, 1414.02, -4394.54, 94.8595, 2.61835, 180, 0, 0, 3100, 0, 0, 0, 0, 0, 0, 0, '', 26972),
(@CGUID+74, 114066, 1, 14, 4982, 0, 0, 0, 532, -1, 0, 0, 1461.82, -5295.25, 78.9867, 3.33817, 180, 0, 0, 3100, 0, 0, 0, 0, 0, 0, 0, '', 26972),
(@CGUID+75, 114066, 1, 14, 4982, 0, 0, 0, 532, -1, 0, 0, 1411.82, -4405.5, 94.8595, 3.54487, 180, 0, 0, 3100, 0, 0, 0, 0, 0, 0, 0, '', 26972),
(@CGUID+76, 114066, 1, 14, 4982, 0, 0, 0, 532, -1, 0, 0, 1410.95, -4398.48, 94.8595, 3.00335, 180, 0, 0, 3100, 0, 0, 0, 0, 0, 0, 0, '', 26972),
(@CGUID+77, 114066, 1, 14, 4982, 0, 0, 0, 532, -1, 0, 0, 1415.76, -4408.57, 94.8595, 3.92874, 180, 0, 0, 3100, 0, 0, 0, 0, 0, 0, 0, '', 26972),
(@CGUID+78, 114066, 1, 14, 4982, 0, 0, 0, 532, -1, 0, 0, 1415.76, -4408.57, 94.8595, 3.92874, 180, 0, 0, 3100, 0, 0, 0, 0, 0, 0, 0, '', 26972),
(@CGUID+79, 114066, 1, 14, 4982, 0, 0, 0, 532, -1, 0, 0, 1461.82, -5295.25, 78.9867, 3.33817, 180, 0, 0, 3100, 0, 0, 0, 0, 0, 0, 0, '', 26972),
(@CGUID+80, 114066, 1, 14, 4982, 0, 0, 0, 532, -1, 0, 0, 1414.02, -4394.54, 94.8595, 2.61835, 180, 0, 0, 3100, 0, 0, 0, 0, 0, 0, 0, '', 26972),
(@CGUID+81, 114066, 1, 14, 4982, 0, 0, 0, 532, -1, 0, 0, 1411.82, -4405.5, 94.8595, 3.54487, 180, 0, 0, 3100, 0, 0, 0, 0, 0, 0, 0, '', 26972),
(@CGUID+82, 114066, 1, 14, 4982, 0, 0, 0, 532, -1, 0, 0, 1410.95, -4398.48, 94.8595, 3.00335, 180, 0, 0, 3100, 0, 0, 0, 0, 0, 0, 0, '', 26972),
(@CGUID+83, 114066, 1, 14, 4982, 0, 0, 0, 532, -1, 0, 0, 1410.95, -4398.48, 94.8595, 3.00335, 180, 0, 0, 3100, 0, 0, 0, 0, 0, 0, 0, '', 26972),
(@CGUID+84, 114066, 1, 14, 4982, 0, 0, 0, 532, -1, 0, 0, 1415.76, -4408.57, 94.8595, 3.92874, 180, 0, 0, 3100, 0, 0, 0, 0, 0, 0, 0, '', 26972),
(@CGUID+85, 114066, 1, 14, 4982, 0, 0, 0, 532, -1, 0, 0, 1461.82, -5295.25, 78.9867, 3.33817, 180, 0, 0, 3100, 0, 0, 0, 0, 0, 0, 0, '', 26972),
(@CGUID+86, 114066, 1, 14, 4982, 0, 0, 0, 532, -1, 0, 0, 1414.02, -4394.54, 94.8595, 2.61835, 180, 0, 0, 3100, 0, 0, 0, 0, 0, 0, 0, '', 26972),
(@CGUID+87, 114066, 1, 14, 4982, 0, 0, 0, 532, -1, 0, 0, 1411.82, -4405.5, 94.8595, 3.54487, 180, 0, 0, 3100, 0, 0, 0, 0, 0, 0, 0, '', 26972),
(@CGUID+88, 114066, 1, 14, 4982, 0, 0, 0, 532, -1, 0, 0, 1461.82, -5295.25, 78.9867, 3.33817, 180, 0, 0, 3100, 0, 0, 0, 0, 0, 0, 0, '', 26972),
(@CGUID+89, 114066, 1, 14, 4982, 0, 0, 0, 532, -1, 0, 0, 1411.82, -4405.5, 94.8595, 3.54487, 180, 0, 0, 3100, 0, 0, 0, 0, 0, 0, 0, '', 26972),
(@CGUID+90, 114066, 1, 14, 4982, 0, 0, 0, 532, -1, 0, 0, 1410.95, -4398.48, 94.8595, 3.00335, 180, 0, 0, 3100, 0, 0, 0, 0, 0, 0, 0, '', 26972),
(@CGUID+91, 114066, 1, 14, 4982, 0, 0, 0, 532, -1, 0, 0, 1415.76, -4408.57, 94.8595, 3.92874, 180, 0, 0, 3100, 0, 0, 0, 0, 0, 0, 0, '', 26972),
(@CGUID+92, 114066, 1, 14, 4982, 0, 0, 0, 532, -1, 0, 0, 1414.02, -4394.54, 94.8595, 2.61835, 180, 0, 0, 3100, 0, 0, 0, 0, 0, 0, 0, '', 26972),
(@CGUID+93, 114066, 1, 14, 4982, 0, 0, 0, 532, -1, 0, 0, 1411.82, -4405.5, 94.8595, 3.54487, 180, 0, 0, 3100, 0, 0, 0, 0, 0, 0, 0, '', 26972),
(@CGUID+94, 114066, 1, 14, 4982, 0, 0, 0, 532, -1, 0, 0, 1410.95, -4398.48, 94.8595, 3.00335, 180, 0, 0, 3100, 0, 0, 0, 0, 0, 0, 0, '', 26972),
(@CGUID+95, 114066, 1, 14, 4982, 0, 0, 0, 532, -1, 0, 0, 1415.76, -4408.57, 94.8595, 3.92874, 180, 0, 0, 3100, 0, 0, 0, 0, 0, 0, 0, '', 26972),
(@CGUID+96, 114066, 1, 14, 4982, 0, 0, 0, 532, -1, 0, 0, 1414.02, -4394.54, 94.8595, 2.61835, 180, 0, 0, 3100, 0, 0, 0, 0, 0, 0, 0, '', 26972),
(@CGUID+97, 114066, 1, 14, 4982, 0, 0, 0, 532, -1, 0, 0, 1461.82, -5295.25, 78.9867, 3.33817, 180, 0, 0, 3100, 0, 0, 0, 0, 0, 0, 0, '', 26972),
(@CGUID+98, 114066, 1, 14, 4982, 0, 0, 0, 532, -1, 0, 0, 1411.82, -4405.5, 94.8595, 3.54487, 180, 0, 0, 3100, 0, 0, 0, 0, 0, 0, 0, '', 26972),
(@CGUID+99, 114066, 1, 14, 4982, 0, 0, 0, 532, -1, 0, 0, 1410.95, -4398.48, 94.8595, 3.00335, 180, 0, 0, 3100, 0, 0, 0, 0, 0, 0, 0, '', 26972),
(@CGUID+100, 114066, 1, 14, 4982, 0, 0, 0, 532, -1, 0, 0, 1415.76, -4408.57, 94.8595, 3.92874, 180, 0, 0, 3100, 0, 0, 0, 0, 0, 0, 0, '', 26972),
(@CGUID+101, 114066, 1, 14, 4982, 0, 0, 0, 532, -1, 0, 0, 1414.02, -4394.54, 94.8595, 2.61835, 180, 0, 0, 3100, 0, 0, 0, 0, 0, 0, 0, '', 26972),
(@CGUID+102, 114066, 1, 14, 4982, 0, 0, 0, 532, -1, 0, 0, 1461.82, -5295.25, 78.9867, 3.33817, 180, 0, 0, 3100, 0, 0, 0, 0, 0, 0, 0, '', 26972),
(@CGUID+103, 113373, 1, 14, 4982, 0, 0, 0, 532, -1, 0, 0, 1342.41, -4473.95, 25.7706, 2.2307, 180, 0, 0, 3100, 0, 0, 0, 0, 0, 0, 0, '', 26972),
(@CGUID+104, 114068, 1, 14, 4982, 0, 0, 0, 532, -1, 0, 0, 1341.19, -4482.87, 25.8888, 5.63937, 180, 0, 0, 3100, 0, 0, 0, 0, 0, 0, 0, '', 26972),
(@CGUID+105, 113376, 1, 14, 4982, 0, 0, 0, 532, -1, 0, 0, 1332.63, -4477.36, 25.1426, 5.04677, 180, 0, 0, 3100, 0, 0, 0, 0, 0, 0, 0, '', 26972),
(@CGUID+106, 113380, 1, 14, 4982, 0, 0, 0, 532, -1, 0, 0, 1332.03, -4465, 25.5197, 3.94244, 180, 0, 0, 3100, 0, 0, 0, 0, 0, 0, 0, '', 26972),
(@CGUID+107, 113375, 1, 14, 4982, 0, 0, 0, 532, -1, 0, 0, 1300.63, -4485.63, 24.0885, 5.99207, 180, 0, 0, 3100, 0, 0, 0, 0, 0, 0, 0, '', 26972),
(@CGUID+108, 113373, 1, 14, 4982, 0, 0, 0, 532, -1, 0, 0, 1304.06, -4486.22, 23.9444, 3.75192, 180, 0, 0, 3100, 0, 0, 0, 0, 0, 0, 0, '', 26972),
(@CGUID+109, 114066, 1, 14, 4982, 0, 0, 0, 532, -1, 0, 0, 1461.82, -5295.25, 78.9867, 3.33817, 180, 0, 0, 3100, 0, 0, 0, 0, 0, 0, 0, '', 26972),
(@CGUID+110, 114066, 1, 14, 4982, 0, 0, 0, 532, -1, 0, 0, 1414.02, -4394.54, 94.8595, 2.61835, 180, 0, 0, 3100, 0, 0, 0, 0, 0, 0, 0, '', 26972),
(@CGUID+111, 114066, 1, 14, 4982, 0, 0, 0, 532, -1, 0, 0, 1411.82, -4405.5, 94.8595, 3.54487, 180, 0, 0, 3100, 0, 0, 0, 0, 0, 0, 0, '', 26972),
(@CGUID+112, 114066, 1, 14, 4982, 0, 0, 0, 532, -1, 0, 0, 1410.95, -4398.48, 94.8595, 3.00335, 180, 0, 0, 3100, 0, 0, 0, 0, 0, 0, 0, '', 26972),
(@CGUID+113, 114066, 1, 14, 4982, 0, 0, 0, 532, -1, 0, 0, 1415.76, -4408.57, 94.8595, 3.92874, 180, 0, 0, 3100, 0, 0, 0, 0, 0, 0, 0, '', 26972),
(@CGUID+114, 114066, 1, 14, 4982, 0, 0, 0, 532, -1, 0, 0, 1414.02, -4394.54, 94.8595, 2.61835, 180, 0, 0, 3100, 0, 0, 0, 0, 0, 0, 0, '', 26972),
(@CGUID+115, 114066, 1, 14, 4982, 0, 0, 0, 532, -1, 0, 0, 1411.82, -4405.5, 94.8595, 3.54487, 180, 0, 0, 3100, 0, 0, 0, 0, 0, 0, 0, '', 26972),
(@CGUID+116, 114066, 1, 14, 4982, 0, 0, 0, 532, -1, 0, 0, 1410.95, -4398.48, 94.8595, 3.00335, 180, 0, 0, 3100, 0, 0, 0, 0, 0, 0, 0, '', 26972),
(@CGUID+117, 114066, 1, 14, 4982, 0, 0, 0, 532, -1, 0, 0, 1415.76, -4408.57, 94.8595, 3.92874, 180, 0, 0, 3100, 0, 0, 0, 0, 0, 0, 0, '', 26972),
(@CGUID+118, 114066, 1, 14, 4982, 0, 0, 0, 532, -1, 0, 0, 1461.82, -5295.25, 78.9867, 3.33817, 180, 0, 0, 3100, 0, 0, 0, 0, 0, 0, 0, '', 26972),
(@CGUID+119, 114066, 1, 14, 4982, 0, 0, 0, 532, -1, 0, 0, 1414.02, -4394.54, 94.8595, 2.61835, 180, 0, 0, 3100, 0, 0, 0, 0, 0, 0, 0, '', 26972),
(@CGUID+120, 114066, 1, 14, 4982, 0, 0, 0, 532, -1, 0, 0, 1461.82, -5295.25, 78.9867, 3.33817, 180, 0, 0, 3100, 0, 0, 0, 0, 0, 0, 0, '', 26972),
(@CGUID+121, 114066, 1, 14, 4982, 0, 0, 0, 532, -1, 0, 0, 1411.82, -4405.5, 94.8595, 3.54487, 180, 0, 0, 3100, 0, 0, 0, 0, 0, 0, 0, '', 26972),
(@CGUID+122, 114066, 1, 14, 4982, 0, 0, 0, 532, -1, 0, 0, 1410.95, -4398.48, 94.8595, 3.00335, 180, 0, 0, 3100, 0, 0, 0, 0, 0, 0, 0, '', 26972),
(@CGUID+123, 114066, 1, 14, 4982, 0, 0, 0, 532, -1, 0, 0, 1415.76, -4408.57, 94.8595, 3.92874, 180, 0, 0, 3100, 0, 0, 0, 0, 0, 0, 0, '', 26972),
(@CGUID+124, 114114, 1, 14, 4982, 0, 0, 0, 532, -1, 0, 0, 1313.82, -4522.43, 22.3724, 3.14984, 180, 0, 0, 3100, 0, 0, 0, 0, 0, 0, 0, '', 26972),
(@CGUID+125, 113377, 1, 14, 4982, 0, 0, 0, 532, -1, 0, 0, 1332.9, -4505.7, 26.7895, 1.67928, 180, 0, 0, 3100, 0, 0, 0, 0, 0, 0, 0, '', 26972),
(@CGUID+126, 113377, 1, 14, 4982, 0, 0, 0, 532, -1, 0, 0, 1335.54, -4502.9, 26.7582, 2.44077, 180, 0, 0, 3100, 0, 0, 0, 0, 0, 0, 0, '', 26972),
(@CGUID+127, 113381, 1, 14, 4982, 0, 0, 0, 532, -1, 0, 0, 1302.7, -4489.96, 23.6812, 1.40683, 180, 0, 0, 3100, 0, 0, 0, 0, 0, 0, 0, '', 26972),
(@CGUID+128, 114066, 1, 14, 4982, 0, 0, 0, 532, -1, 0, 0, 1380.21, -4819.05, 34.7288, 0.6306, 180, 0, 0, 3100, 0, 0, 0, 0, 0, 0, 0, '', 26972),
(@CGUID+129, 114066, 1, 14, 4982, 0, 0, 0, 532, -1, 0, 0, 1456.34, -4839.2, 29.4577, 4.43086, 180, 0, 0, 3100, 0, 0, 0, 0, 0, 0, 0, '', 26972),
(@CGUID+130, 113997, 1, 14, 4982, 0, 0, 0, 532, -1, 0, 0, 1333.71, -4656.15, 24.247, 0.917624, 180, 0, 0, 3100, 0, 0, 0, 0, 0, 0, 0, '', 26972),
(@CGUID+131, 3296, 1, 14, 4982, 0, 0, 0, 532, -1, 0, 0, 1308.71, -4546.69, 22.6378, 4.72632, 180, 0, 0, 3100, 0, 0, 0, 0, 0, 0, 0, '', 26972),
(@CGUID+132, 114066, 1, 14, 4982, 0, 0, 0, 532, -1, 0, 0, 1462.2, -4846.32, 29.1815, 4.36623, 180, 0, 0, 3100, 0, 0, 0, 0, 0, 0, 0, '', 26972),
(@CGUID+133, 113331, 1, 14, 4982, 0, 0, 0, 532, -1, 0, 0, 1300.59, -4578.44, 22.933, 2.59835, 180, 0, 0, 3100, 0, 0, 0, 0, 0, 0, 0, '', 26972),
(@CGUID+134, 113331, 1, 14, 4982, 0, 0, 0, 532, -1, 0, 0, 1306.44, -4579.28, 23.3832, 4.22224, 180, 0, 0, 3100, 0, 0, 0, 0, 0, 0, 0, '', 26972),
(@CGUID+135, 113034, 1, 14, 4982, 0, 0, 0, 532, -1, 0, 0, 1326.8, -4585.72, 23.8648, 0.787209, 180, 0, 0, 3100, 0, 0, 0, 0, 0, 0, 0, '', 26972),
(@CGUID+136, 114066, 1, 14, 4982, 0, 0, 0, 532, -1, 0, 0, 1415.76, -4408.57, 94.8595, 3.92874, 180, 0, 0, 3100, 0, 0, 0, 0, 0, 0, 0, '', 26972),
(@CGUID+137, 113551, 1, 14, 4982, 0, 0, 0, 532, -1, 0, 0, 1313, -4610.01, 23.8769, 6.13347, 180, 0, 0, 3100, 0, 0, 0, 0, 0, 0, 0, '', 26972),
(@CGUID+138, 114105, 1, 14, 4982, 0, 0, 0, 532, -1, 0, 0, 1300.57, -4584.03, 22.9261, 1.85097, 180, 0, 0, 3100, 0, 0, 0, 0, 0, 0, 0, '', 26972),
(@CGUID+139, 114066, 1, 14, 4982, 0, 0, 0, 532, -1, 0, 0, 1414.02, -4394.54, 94.8595, 2.61835, 180, 0, 0, 3100, 0, 0, 0, 0, 0, 0, 0, '', 26972),
(@CGUID+140, 113034, 1, 14, 4982, 0, 0, 0, 532, -1, 0, 0, 1335.53, -4600.62, 24.024, 0.601467, 180, 0, 0, 3100, 0, 0, 0, 0, 0, 0, 0, '', 26972),
(@CGUID+141, 114066, 1, 14, 4982, 0, 0, 0, 532, -1, 0, 0, 1461.82, -5295.25, 78.9867, 3.33817, 180, 0, 0, 3100, 0, 0, 0, 0, 0, 0, 0, '', 26972),
(@CGUID+142, 113034, 1, 14, 4982, 0, 0, 0, 532, -1, 0, 0, 1330.79, -4592.58, 23.9357, 0.6161, 180, 0, 0, 3100, 0, 0, 0, 0, 0, 0, 0, '', 26972),
(@CGUID+143, 114066, 1, 14, 4982, 0, 0, 0, 532, -1, 0, 0, 1411.82, -4405.5, 94.8595, 3.54487, 180, 0, 0, 3100, 0, 0, 0, 0, 0, 0, 0, '', 26972),
(@CGUID+144, 114066, 1, 14, 4982, 0, 0, 0, 532, -1, 0, 0, 1410.95, -4398.48, 94.8595, 3.00335, 180, 0, 0, 3100, 0, 0, 0, 0, 0, 0, 0, '', 26972),
(@CGUID+145, 113034, 1, 14, 4982, 0, 0, 0, 532, -1, 0, 0, 1341.27, -4610.47, 24.0255, 0.526098, 180, 0, 0, 3100, 0, 0, 0, 0, 0, 0, 0, '', 26972),
(@CGUID+146, 113034, 1, 14, 4982, 0, 0, 0, 532, -1, 0, 0, 1348.01, -4622.5, 24.5903, 0.436745, 180, 0, 0, 3100, 0, 0, 0, 0, 0, 0, 0, '', 26972),
(@CGUID+147, 114135, 1, 14, 4982, 0, 0, 0, 532, -1, 0, 0, 1335.29, -4644.09, 24.4487, 4.69154, 180, 0, 0, 3100, 0, 0, 0, 0, 0, 0, 0, '', 26972),
(@CGUID+148, 113380, 1, 14, 4982, 0, 0, 0, 532, -1, 0, 0, 1320.46, -4623.04, 24.1626, 4.41643, 180, 0, 0, 3100, 0, 0, 0, 0, 0, 0, 0, '', 26972),
(@CGUID+149, 113034, 1, 14, 4982, 0, 0, 0, 532, -1, 0, 0, 1355.93, -4632.08, 25.3067, 0.453291, 180, 0, 0, 3100, 0, 0, 0, 0, 0, 0, 0, '', 26972),
(@CGUID+150, 113381, 1, 14, 4982, 0, 0, 0, 532, -1, 0, 0, 1317.83, -4618.35, 24.0899, 3.23879, 180, 0, 0, 3100, 0, 0, 0, 0, 0, 0, 0, '', 26972),
(@CGUID+151, 114136, 1, 14, 4982, 0, 0, 0, 532, -1, 0, 0, 1333.09, -4643.92, 24.2266, 4.90573, 180, 0, 0, 3100, 0, 0, 0, 0, 0, 0, 0, '', 26972),
(@CGUID+152, 97526, 1, 14, 4982, 0, 0, 0, 532, -1, 0, 0, 1383.82, -4707.67, 28.5982, 0.169993, 180, 0, 0, 3100, 0, 0, 0, 0, 0, 0, 0, '', 26972),
(@CGUID+153, 97526, 1, 14, 4982, 0, 0, 0, 532, -1, 0, 0, 1394.73, -4712.01, 29.6221, 2.51961, 180, 0, 0, 3100, 0, 0, 0, 0, 0, 0, 0, '', 26972),
(@CGUID+154, 97526, 1, 14, 4982, 0, 0, 0, 532, -1, 0, 0, 1391.9, -4714.42, 29.4054, 1.61189, 180, 0, 0, 3100, 0, 0, 0, 0, 0, 0, 0, '', 26972),
(@CGUID+155, 97526, 1, 14, 4982, 0, 0, 0, 532, -1, 0, 0, 1380.18, -4684.39, 28.4521, 1.40035, 180, 0, 0, 3100, 0, 0, 0, 0, 0, 0, 0, '', 26972),
(@CGUID+156, 97526, 1, 14, 4982, 0, 0, 0, 532, -1, 0, 0, 1393.96, -4699.01, 29.455, 5.72066, 180, 0, 0, 3100, 0, 0, 0, 0, 0, 0, 0, '', 26972),
(@CGUID+157, 97526, 1, 14, 4982, 0, 0, 0, 532, -1, 0, 0, 1388.51, -4709.14, 28.697, 2.28234, 180, 0, 0, 3100, 0, 0, 0, 0, 0, 0, 0, '', 26972),
(@CGUID+158, 97526, 1, 14, 4982, 0, 0, 0, 532, -1, 0, 0, 1402.71, -4701.29, 30.5717, 5.01785, 180, 0, 0, 3100, 0, 0, 0, 0, 0, 0, 0, '', 26972),
(@CGUID+159, 97526, 1, 14, 4982, 0, 0, 0, 532, -1, 0, 0, 1365.93, -4685.39, 28.3175, 0.136767, 180, 0, 0, 3100, 0, 0, 0, 0, 0, 0, 0, '', 26972),
(@CGUID+160, 97526, 1, 14, 4982, 0, 0, 0, 532, -1, 0, 0, 1396.43, -4701.92, 29.5714, 2.76581, 180, 0, 0, 3100, 0, 0, 0, 0, 0, 0, 0, '', 26972),
(@CGUID+161, 97526, 1, 14, 4982, 0, 0, 0, 532, -1, 0, 0, 1387.68, -4704.79, 28.6453, 4.3576, 180, 0, 0, 3100, 0, 0, 0, 0, 0, 0, 0, '', 26972),
(@CGUID+162, 71100, 1, 14, 4982, 0, 0, 0, 532, -1, 0, 0, 1355.26, -4667.87, 26.9105, 1.01462, 180, 0, 0, 3100, 0, 0, 0, 0, 0, 0, 0, '', 26972),
(@CGUID+163, 71100, 1, 14, 4982, 0, 0, 0, 532, -1, 0, 0, 1340.41, -4649.9, 24.9663, 4.32717, 180, 0, 0, 3100, 0, 0, 0, 0, 0, 0, 0, '', 26972),
(@CGUID+164, 71100, 1, 14, 4982, 0, 0, 0, 532, -1, 0, 0, 1315.1, -4651.13, 21.6687, 0.129303, 180, 0, 0, 3100, 0, 0, 0, 0, 0, 0, 0, '', 26972),
(@CGUID+165, 71100, 1, 14, 4982, 0, 0, 0, 532, -1, 0, 0, 1326.76, -4655.45, 23.4086, 5.03911, 180, 0, 0, 3100, 0, 0, 0, 0, 0, 0, 0, '', 26972),
(@CGUID+166, 71100, 1, 14, 4982, 0, 0, 0, 532, -1, 0, 0, 1343.61, -4665.93, 25.2959, 4.99492, 180, 0, 0, 3100, 0, 0, 0, 0, 0, 0, 0, '', 26972),
(@CGUID+167, 113034, 1, 14, 4982, 0, 0, 0, 532, -1, 0, 0, 1360.95, -4639.57, 25.8538, 0.284984, 180, 0, 0, 3100, 0, 0, 0, 0, 0, 0, 0, '', 26972),
(@CGUID+168, 71100, 1, 14, 4982, 0, 0, 0, 532, -1, 0, 0, 1341.06, -4656.75, 25.0326, 4.86638, 180, 0, 0, 3100, 0, 0, 0, 0, 0, 0, 0, '', 26972),
(@CGUID+169, 71100, 1, 14, 4982, 0, 0, 0, 532, -1, 0, 0, 1321.81, -4653.69, 22.7264, 4.14598, 180, 0, 0, 3100, 0, 0, 0, 0, 0, 0, 0, '', 26972),
(@CGUID+170, 74228, 1, 14, 4982, 0, 0, 0, 532, -1, 0, 0, 1388.7, -4683.34, 31.6111, 4.63331, 180, 0, 0, 3100, 0, 0, 0, 0, 0, 0, 0, '', 26972),
(@CGUID+171, 113375, 1, 14, 4982, 0, 0, 0, 532, -1, 0, 0, 1399.24, -4669.23, 33.7605, 2.34682, 180, 0, 0, 3100, 0, 0, 0, 0, 0, 0, 0, '', 26972),
(@CGUID+172, 113331, 1, 14, 4982, 0, 0, 0, 532, -1, 0, 0, 1394.56, -4664.28, 32.803, 5.99207, 180, 0, 0, 3100, 0, 0, 0, 0, 0, 0, 0, '', 26972),
(@CGUID+173, 3296, 1, 14, 4982, 0, 0, 0, 532, -1, 0, 0, 1381.53, -4665.78, 30.211, 2.41887, 180, 0, 0, 3100, 0, 0, 0, 0, 0, 0, 0, '', 26972),
(@CGUID+174, 113373, 1, 14, 4982, 0, 0, 0, 532, -1, 0, 0, 1401.16, -4665.67, 34.0181, 3.23307, 180, 0, 0, 3100, 0, 0, 0, 0, 0, 0, 0, '', 26972),
(@CGUID+175, 114107, 1, 14, 4982, 0, 0, 0, 532, -1, 0, 0, 1381.11, -4680.92, 28.3767, 4.19879, 180, 0, 0, 3100, 0, 0, 0, 0, 0, 0, 0, '', 26972),
(@CGUID+176, 113381, 1, 14, 4982, 0, 0, 0, 532, -1, 0, 0, 1395.55, -4668.26, 33.107, 0.841572, 180, 0, 0, 3100, 0, 0, 0, 0, 0, 0, 0, '', 26972),
(@CGUID+177, 114108, 1, 14, 4982, 0, 0, 0, 532, -1, 0, 0, 1378.22, -4673.12, 27.9113, 2.80972, 180, 0, 0, 3100, 0, 0, 0, 0, 0, 0, 0, '', 26972),
(@CGUID+178, 113376, 1, 14, 4982, 0, 0, 0, 532, -1, 0, 0, 1322.23, -4731.97, 25.4306, 1.55368, 180, 0, 0, 3100, 0, 0, 0, 0, 0, 0, 0, '', 26972),
(@CGUID+179, 113373, 1, 14, 4982, 0, 0, 0, 532, -1, 0, 0, 1339.91, -4724.76, 26.5712, 2.32041, 180, 0, 0, 3100, 0, 0, 0, 0, 0, 0, 0, '', 26972),
(@CGUID+180, 108420, 1, 14, 4982, 0, 0, 0, 532, -1, 0, 0, 1322.34, -4729.67, 25.6788, 4.82777, 180, 0, 0, 3100, 0, 0, 0, 0, 0, 0, 0, '', 26972),
(@CGUID+181, 113331, 1, 14, 4982, 0, 0, 0, 532, -1, 0, 0, 1362.94, -4726.91, 28.3227, 4.29327, 180, 0, 0, 3100, 0, 0, 0, 0, 0, 0, 0, '', 26972),
(@CGUID+182, 113376, 1, 14, 4982, 0, 0, 0, 532, -1, 0, 0, 1350.87, -4721.93, 27.6439, 5.47524, 180, 0, 0, 3100, 0, 0, 0, 0, 0, 0, 0, '', 26972),
(@CGUID+183, 113381, 1, 14, 4982, 0, 0, 0, 532, -1, 0, 0, 1332.05, -4729.17, 25.9097, 1.84659, 180, 0, 0, 3100, 0, 0, 0, 0, 0, 0, 0, '', 26972),
(@CGUID+184, 108420, 1, 14, 4982, 0, 0, 0, 532, -1, 0, 0, 1352.4, -4723.64, 27.8385, 2.46615, 180, 0, 0, 3100, 0, 0, 0, 0, 0, 0, 0, '', 26972),
(@CGUID+185, 108420, 1, 14, 4982, 0, 0, 0, 532, -1, 0, 0, 1338.4, -4723.04, 26.3108, 5.5945, 180, 0, 0, 3100, 0, 0, 0, 0, 0, 0, 0, '', 26972),
(@CGUID+186, 3296, 1, 14, 4982, 0, 0, 0, 532, -1, 0, 0, 1372.91, -4705.03, 28.5052, 1.39885, 180, 0, 0, 3100, 0, 0, 0, 0, 0, 0, 0, '', 26972),
(@CGUID+187, 108420, 1, 14, 4982, 0, 0, 0, 532, -1, 0, 0, 1331.5, -4726.96, 25.6285, 5.12069, 180, 0, 0, 3100, 0, 0, 0, 0, 0, 0, 0, '', 26972),
(@CGUID+188, 113376, 1, 14, 4982, 0, 0, 0, 532, -1, 0, 0, 1345.95, -4733.38, 27.1719, 5.87065, 180, 0, 0, 3100, 0, 0, 0, 0, 0, 0, 0, '', 26972),
(@CGUID+189, 108420, 1, 14, 4982, 0, 0, 0, 532, -1, 0, 0, 1348.02, -4734.35, 27.4479, 2.86156, 180, 0, 0, 3100, 0, 0, 0, 0, 0, 0, 0, '', 26972),
(@CGUID+190, 3296, 1, 14, 4982, 0, 0, 0, 532, -1, 0, 0, 1338.51, -4733.27, 26.4904, 2.11106, 180, 0, 0, 3100, 0, 0, 0, 0, 0, 0, 0, '', 26972),
(@CGUID+191, 113373, 1, 14, 4982, 0, 0, 0, 532, -1, 0, 0, 1394.38, -4728.89, 29.3943, 3.3987, 180, 0, 0, 3100, 0, 0, 0, 0, 0, 0, 0, '', 26972),
(@CGUID+192, 113376, 1, 14, 4982, 0, 0, 0, 532, -1, 0, 0, 1343.73, -4717.5, 26.6406, 2.32041, 180, 0, 0, 3100, 0, 0, 0, 0, 0, 0, 0, '', 26972),
(@CGUID+193, 108420, 1, 14, 4982, 0, 0, 0, 532, -1, 0, 0, 1342.23, -4715.77, 26.3616, 5.5945, 180, 0, 0, 3100, 0, 0, 0, 0, 0, 0, 0, '', 26972),
(@CGUID+194, 113376, 1, 14, 4982, 0, 0, 0, 532, -1, 0, 0, 1419.6, -4731.9, 31.1823, 4.91551, 180, 0, 0, 3100, 0, 0, 0, 0, 0, 0, 0, '', 26972),
(@CGUID+195, 108420, 1, 14, 4982, 0, 0, 0, 532, -1, 0, 0, 1334.98, -4752.05, 26.2448, 5.77116, 180, 0, 0, 3100, 0, 0, 0, 0, 0, 0, 0, '', 26972),
(@CGUID+196, 108420, 1, 14, 4982, 0, 0, 0, 532, -1, 0, 0, 1334.81, -4743.99, 26.2135, 1.1422, 180, 0, 0, 3100, 0, 0, 0, 0, 0, 0, 0, '', 26972),
(@CGUID+197, 113377, 1, 14, 4982, 0, 0, 0, 532, -1, 0, 0, 1336.09, -4742.08, 26.2182, 4.15129, 180, 0, 0, 3100, 0, 0, 0, 0, 0, 0, 0, '', 26972),
(@CGUID+198, 114066, 1, 14, 4982, 0, 0, 0, 532, -1, 0, 0, 1415.76, -4408.57, 94.8595, 3.92874, 180, 0, 0, 3100, 0, 0, 0, 0, 0, 0, 0, '', 26972),
(@CGUID+199, 114066, 1, 14, 4982, 0, 0, 0, 532, -1, 0, 0, 1461.82, -5295.25, 78.9867, 3.33817, 180, 0, 0, 3100, 0, 0, 0, 0, 0, 0, 0, '', 26972),
(@CGUID+200, 113381, 1, 14, 4982, 0, 0, 0, 532, -1, 0, 0, 1324.85, -4745.2, 25.5294, 5.76247, 180, 0, 0, 3100, 0, 0, 0, 0, 0, 0, 0, '', 26972),
(@CGUID+201, 114066, 1, 14, 4982, 0, 0, 0, 532, -1, 0, 0, 1414.02, -4394.54, 94.8595, 2.61835, 180, 0, 0, 3100, 0, 0, 0, 0, 0, 0, 0, '', 26972),
(@CGUID+202, 3296, 1, 14, 4982, 0, 0, 0, 532, -1, 0, 0, 1343.34, -4747.21, 26.4633, 3.31287, 180, 0, 0, 3100, 0, 0, 0, 0, 0, 0, 0, '', 26972),
(@CGUID+203, 113381, 1, 14, 4982, 0, 0, 0, 532, -1, 0, 0, 1414.62, -4735.61, 30.5712, 5.31708, 180, 0, 0, 3100, 0, 0, 0, 0, 0, 0, 0, '', 26972),
(@CGUID+204, 113375, 1, 14, 4982, 0, 0, 0, 532, -1, 0, 0, 1409.81, -4741.48, 29.9238, 5.48123, 180, 0, 0, 3100, 0, 0, 0, 0, 0, 0, 0, '', 26972),
(@CGUID+205, 113373, 1, 14, 4982, 0, 0, 0, 532, -1, 0, 0, 1363.72, -4746.84, 28.1314, 3.35377, 180, 0, 0, 3100, 0, 0, 0, 0, 0, 0, 0, '', 26972),
(@CGUID+206, 114066, 1, 14, 4982, 0, 0, 0, 532, -1, 0, 0, 1411.82, -4405.5, 94.8595, 3.54487, 180, 0, 0, 3100, 0, 0, 0, 0, 0, 0, 0, '', 26972),
(@CGUID+207, 108420, 1, 14, 4982, 0, 0, 0, 532, -1, 0, 0, 1326.8, -4746.4, 25.7292, 2.75338, 180, 0, 0, 3100, 0, 0, 0, 0, 0, 0, 0, '', 26972),
(@CGUID+208, 14729, 1, 14, 4982, 0, 0, 0, 532, -1, 0, 0, 1361.41, -4740.68, 28.1805, 0.194368, 180, 0, 0, 3100, 0, 0, 0, 0, 0, 0, 0, '', 26972),
(@CGUID+209, 114066, 1, 14, 4982, 0, 0, 0, 532, -1, 0, 0, 1410.95, -4398.48, 94.8595, 3.00335, 180, 0, 0, 3100, 0, 0, 0, 0, 0, 0, 0, '', 26972),
(@CGUID+210, 113957, 1, 14, 4982, 0, 0, 0, 532, -1, 0, 0, 1421.61, -4737, 29.6318, 5.12356, 180, 0, 0, 3100, 0, 0, 0, 0, 0, 0, 0, '', 26972),
(@CGUID+211, 108420, 1, 14, 4982, 0, 0, 0, 532, -1, 0, 0, 1360.34, -4768.5, 27.4219, 3.60506, 180, 0, 0, 3100, 0, 0, 0, 0, 0, 0, 0, '', 26972),
(@CGUID+212, 3296, 1, 14, 4982, 0, 0, 0, 532, -1, 0, 0, 1399.31, -4790.17, 23.7677, 5.29536, 180, 0, 0, 3100, 0, 0, 0, 0, 0, 0, 0, '', 26972),
(@CGUID+213, 108420, 1, 14, 4982, 0, 0, 0, 532, -1, 0, 0, 1347.55, -4774.03, 25.9965, 2.16207, 180, 0, 0, 3100, 0, 0, 0, 0, 0, 0, 0, '', 26972),
(@CGUID+214, 108420, 1, 14, 4982, 0, 0, 0, 532, -1, 0, 0, 1346.96, -4760.15, 26.9028, 0.351675, 180, 0, 0, 3100, 0, 0, 0, 0, 0, 0, 0, '', 26972),
(@CGUID+215, 113373, 1, 14, 4982, 0, 0, 0, 532, -1, 0, 0, 1405.8, -4758.48, 27.8998, 0.162091, 180, 0, 0, 3100, 0, 0, 0, 0, 0, 0, 0, '', 26972),
(@CGUID+216, 113374, 1, 14, 4982, 0, 0, 0, 532, -1, 0, 0, 1325.73, -4756.18, 25.4789, 0.927411, 180, 0, 0, 3100, 0, 0, 0, 0, 0, 0, 0, '', 26972),
(@CGUID+217, 113375, 1, 14, 4982, 0, 0, 0, 532, -1, 0, 0, 1358.16, -4769.17, 27.3151, 0.33097, 180, 0, 0, 3100, 0, 0, 0, 0, 0, 0, 0, '', 26972),
(@CGUID+218, 113373, 1, 14, 4982, 0, 0, 0, 532, -1, 0, 0, 1336.15, -4768.46, 25.5677, 2.32041, 180, 0, 0, 3100, 0, 0, 0, 0, 0, 0, 0, '', 26972),
(@CGUID+219, 108420, 1, 14, 4982, 0, 0, 0, 532, -1, 0, 0, 1334.64, -4766.74, 25.6927, 5.5945, 180, 0, 0, 3100, 0, 0, 0, 0, 0, 0, 0, '', 26972),
(@CGUID+220, 113377, 1, 14, 4982, 0, 0, 0, 532, -1, 0, 0, 1346.61, -4771.94, 25.678, 5.17116, 180, 0, 0, 3100, 0, 0, 0, 0, 0, 0, 0, '', 26972),
(@CGUID+221, 108420, 1, 14, 4982, 0, 0, 0, 532, -1, 0, 0, 1327.17, -4754.39, 25.6892, 4.20151, 180, 0, 0, 3100, 0, 0, 0, 0, 0, 0, 0, '', 26972),
(@CGUID+222, 113376, 1, 14, 4982, 0, 0, 0, 532, -1, 0, 0, 1404.23, -4755.29, 28.956, 6.16687, 180, 0, 0, 3100, 0, 0, 0, 0, 0, 0, 0, '', 26972),
(@CGUID+223, 3296, 1, 14, 4982, 0, 0, 0, 532, -1, 0, 0, 1370.19, -4769.27, 26.9396, 0.553407, 180, 0, 0, 3100, 0, 0, 0, 0, 0, 0, 0, '', 26972),
(@CGUID+224, 114106, 1, 14, 4982, 0, 0, 0, 532, -1, 0, 0, 1413.99, -4773.44, 27.274, 0.878869, 180, 0, 0, 3100, 0, 0, 0, 0, 0, 0, 0, '', 26972),
(@CGUID+225, 113376, 1, 14, 4982, 0, 0, 0, 532, -1, 0, 0, 1365.44, -4780.04, 26.0868, 0.687659, 180, 0, 0, 3100, 0, 0, 0, 0, 0, 0, 0, '', 26972),
(@CGUID+226, 108420, 1, 14, 4982, 0, 0, 0, 532, -1, 0, 0, 1365.54, -4792.83, 26.2413, 4.36079, 180, 0, 0, 3100, 0, 0, 0, 0, 0, 0, 0, '', 26972),
(@CGUID+227, 113381, 1, 14, 4982, 0, 0, 0, 532, -1, 0, 0, 1432.85, -4779.01, 30.5546, 1.80579, 180, 0, 0, 3100, 0, 0, 0, 0, 0, 0, 0, '', 26972),
(@CGUID+228, 113375, 1, 14, 4982, 0, 0, 0, 532, -1, 0, 0, 1364.86, -4795.02, 26.6163, 1.20184, 180, 0, 0, 3100, 0, 0, 0, 0, 0, 0, 0, '', 26972),
(@CGUID+229, 3296, 1, 14, 4982, 0, 0, 0, 532, -1, 0, 0, 1414.81, -4776.82, 27.1664, 0.948064, 180, 0, 0, 3100, 0, 0, 0, 0, 0, 0, 0, '', 26972),
(@CGUID+230, 108420, 1, 14, 4982, 0, 0, 0, 532, -1, 0, 0, 1354.01, -4783.67, 25.5817, 5.73405, 180, 0, 0, 3100, 0, 0, 0, 0, 0, 0, 0, '', 26972),
(@CGUID+231, 108420, 1, 14, 4982, 0, 0, 0, 532, -1, 0, 0, 1367.34, -4778.57, 26.2014, 4.01039, 180, 0, 0, 3100, 0, 0, 0, 0, 0, 0, 0, '', 26972),
(@CGUID+232, 113375, 1, 14, 4982, 0, 0, 0, 532, -1, 0, 0, 1427.06, -4781.01, 29.9629, 1.65646, 180, 0, 0, 3100, 0, 0, 0, 0, 0, 0, 0, '', 26972),
(@CGUID+233, 113376, 1, 14, 4982, 0, 0, 0, 532, -1, 0, 0, 1435.17, -4780.88, 32.134, 1.94991, 180, 0, 0, 3100, 0, 0, 0, 0, 0, 0, 0, '', 26972),
(@CGUID+234, 74228, 1, 14, 4982, 0, 0, 0, 532, -1, 0, 0, 1363.84, -4785.21, 25.6159, 5.36762, 180, 0, 0, 3100, 0, 0, 0, 0, 0, 0, 0, '', 26972),
(@CGUID+235, 3296, 1, 14, 4982, 0, 0, 0, 532, -1, 0, 0, 1410.76, -4775.26, 26.7174, 0.881235, 180, 0, 0, 3100, 0, 0, 0, 0, 0, 0, 0, '', 26972),
(@CGUID+236, 113380, 1, 14, 4982, 0, 0, 0, 532, -1, 0, 0, 1355.32, -4784.79, 25.6233, 2.37133, 180, 0, 0, 3100, 0, 0, 0, 0, 0, 0, 0, '', 26972),
(@CGUID+237, 108420, 1, 14, 4982, 0, 0, 0, 532, -1, 0, 0, 1374.86, -4799.03, 26.947, 3.5015, 180, 0, 0, 3100, 0, 0, 0, 0, 0, 0, 0, '', 26972),
(@CGUID+238, 113375, 1, 14, 4982, 0, 0, 0, 532, -1, 0, 0, 1422.97, -4780.44, 29.6589, 1.42295, 180, 0, 0, 3100, 0, 0, 0, 0, 0, 0, 0, '', 26972),
(@CGUID+239, 113331, 1, 14, 4982, 0, 0, 0, 532, -1, 0, 0, 1351.58, -4798.4, 26.2552, 3.75705, 180, 0, 0, 3100, 0, 0, 0, 0, 0, 0, 0, '', 26972),
(@CGUID+240, 108420, 1, 14, 4982, 0, 0, 0, 532, -1, 0, 0, 1363.94, -4808.05, 28.2986, 1.96245, 180, 0, 0, 3100, 0, 0, 0, 0, 0, 0, 0, '', 26972),
(@CGUID+241, 114133, 1, 14, 4982, 0, 0, 0, 532, -1, 0, 0, 1420.19, -4805.28, 21.9792, 3.09881, 180, 0, 0, 3100, 0, 0, 0, 0, 0, 0, 0, '', 26972),
(@CGUID+242, 108420, 1, 14, 4982, 0, 0, 0, 532, -1, 0, 0, 1384, -4807.81, 26.8924, 2.60435, 180, 0, 0, 3100, 0, 0, 0, 0, 0, 0, 0, '', 26972),
(@CGUID+243, 113376, 1, 14, 4982, 0, 0, 0, 532, -1, 0, 0, 1382.41, -4806.75, 27.0764, 5.74741, 180, 0, 0, 3100, 0, 0, 0, 0, 0, 0, 0, '', 26972),
(@CGUID+244, 112920, 1, 14, 4982, 0, 0, 0, 532, -1, 0, 0, 1390.97, -4819.98, 24.8365, 0.700801, 180, 0, 0, 3100, 0, 0, 0, 0, 0, 0, 0, '', 26972),
(@CGUID+245, 108420, 1, 14, 4982, 0, 0, 0, 532, -1, 0, 0, 1337.82, -4788.12, 23.7569, 0.532243, 180, 0, 0, 3100, 0, 0, 0, 0, 0, 0, 0, '', 26972),
(@CGUID+246, 108420, 1, 14, 4982, 0, 0, 0, 532, -1, 0, 0, 1349.79, -4799.47, 26.2066, 0.610049, 180, 0, 0, 3100, 0, 0, 0, 0, 0, 0, 0, '', 26972),
(@CGUID+247, 114134, 1, 14, 4982, 0, 0, 0, 532, -1, 0, 0, 1420.8, -4811.9, 20.9612, 2.81926, 180, 0, 0, 3100, 0, 0, 0, 0, 0, 0, 0, '', 26972),
(@CGUID+248, 113376, 1, 14, 4982, 0, 0, 0, 532, -1, 0, 0, 1440.34, -4779.44, 33.995, 1.96534, 180, 0, 0, 3100, 0, 0, 0, 0, 0, 0, 0, '', 26972),
(@CGUID+249, 114132, 1, 14, 4982, 0, 0, 0, 532, -1, 0, 0, 1419.91, -4808.43, 21.4816, 3.13077, 180, 0, 0, 3100, 0, 0, 0, 0, 0, 0, 0, '', 26972),
(@CGUID+250, 112920, 1, 14, 4982, 0, 0, 0, 532, -1, 0, 0, 1392.59, -4821.17, 24.5303, 1.23826, 180, 0, 0, 3100, 0, 0, 0, 0, 0, 0, 0, '', 26972),
(@CGUID+251, 113375, 1, 14, 4982, 0, 0, 0, 532, -1, 0, 0, 1340.16, -4787.36, 23.974, 3.49039, 180, 0, 0, 3100, 0, 0, 0, 0, 0, 0, 0, '', 26972),
(@CGUID+252, 113377, 1, 14, 4982, 0, 0, 0, 532, -1, 0, 0, 1442.4, -4777.98, 34.1172, 2.02026, 180, 0, 0, 3100, 0, 0, 0, 0, 0, 0, 0, '', 26972),
(@CGUID+253, 112920, 1, 14, 4982, 0, 0, 0, 532, -1, 0, 0, 1386.84, -4844.8, 19.2621, 4.02586, 180, 0, 0, 3100, 0, 0, 0, 0, 0, 0, 0, '', 26972),
(@CGUID+254, 114066, 1, 14, 4982, 0, 0, 0, 532, -1, 0, 0, 1410.95, -4398.48, 94.8595, 3.00335, 180, 0, 0, 3100, 0, 0, 0, 0, 0, 0, 0, '', 26972),
(@CGUID+255, 114066, 1, 14, 4982, 0, 0, 0, 532, -1, 0, 0, 1415.76, -4408.57, 94.8595, 3.92874, 180, 0, 0, 3100, 0, 0, 0, 0, 0, 0, 0, '', 26972),
(@CGUID+256, 114066, 1, 14, 4982, 0, 0, 0, 532, -1, 0, 0, 1461.82, -5295.25, 78.9867, 3.33817, 180, 0, 0, 3100, 0, 0, 0, 0, 0, 0, 0, '', 26972),
(@CGUID+257, 114066, 1, 14, 4982, 0, 0, 0, 532, -1, 0, 0, 1414.02, -4394.54, 94.8595, 2.61835, 180, 0, 0, 3100, 0, 0, 0, 0, 0, 0, 0, '', 26972),
(@CGUID+258, 114066, 1, 14, 4982, 0, 0, 0, 532, -1, 0, 0, 1411.82, -4405.5, 94.8595, 3.54487, 180, 0, 0, 3100, 0, 0, 0, 0, 0, 0, 0, '', 26972),
(@CGUID+259, 114066, 1, 14, 4982, 0, 0, 0, 532, -1, 0, 0, 1461.82, -5295.25, 78.9867, 3.33817, 180, 0, 0, 3100, 0, 0, 0, 0, 0, 0, 0, '', 26972),
(@CGUID+260, 114066, 1, 14, 4982, 0, 0, 0, 532, -1, 0, 0, 1414.02, -4394.54, 94.8595, 2.61835, 180, 0, 0, 3100, 0, 0, 0, 0, 0, 0, 0, '', 26972),
(@CGUID+261, 114066, 1, 14, 4982, 0, 0, 0, 532, -1, 0, 0, 1411.82, -4405.5, 94.8595, 3.54487, 180, 0, 0, 3100, 0, 0, 0, 0, 0, 0, 0, '', 26972),
(@CGUID+262, 114066, 1, 14, 4982, 0, 0, 0, 532, -1, 0, 0, 1410.95, -4398.48, 94.8595, 3.00335, 180, 0, 0, 3100, 0, 0, 0, 0, 0, 0, 0, '', 26972),
(@CGUID+263, 114066, 1, 14, 4982, 0, 0, 0, 532, -1, 0, 0, 1415.76, -4408.57, 94.8595, 3.92874, 180, 0, 0, 3100, 0, 0, 0, 0, 0, 0, 0, '', 26972),
(@CGUID+264, 112920, 1, 14, 4982, 0, 0, 0, 532, -1, 0, 0, 1384.71, -4848.02, 19.0598, 1.10339, 180, 0, 0, 3100, 0, 0, 0, 0, 0, 0, 0, '', 26972),
(@CGUID+265, 3296, 1, 14, 4982, 0, 0, 0, 532, -1, 0, 0, 1405.38, -4865.19, 14.1254, 6.25271, 180, 0, 0, 3100, 0, 0, 0, 0, 0, 0, 0, '', 26972),
(@CGUID+266, 112920, 1, 14, 4982, 0, 0, 0, 532, -1, 0, 0, 1395.07, -4852.93, 16.5949, 5.00962, 180, 0, 0, 3100, 0, 0, 0, 0, 0, 0, 0, '', 26972),
(@CGUID+267, 112920, 1, 14, 4982, 0, 0, 0, 532, -1, 0, 0, 1396.62, -4856.76, 16.1105, 3.00576, 180, 0, 0, 3100, 0, 0, 0, 0, 0, 0, 0, '', 26972),
(@CGUID+268, 112920, 1, 14, 4982, 0, 0, 0, 532, -1, 0, 0, 1392.95, -4856.15, 16.4599, 6.13571, 180, 0, 0, 3100, 0, 0, 0, 0, 0, 0, 0, '', 26972),
(@CGUID+269, 112920, 1, 14, 4982, 0, 0, 0, 532, -1, 0, 0, 1382.64, -4859.9, 17.2101, 3.44819, 180, 0, 0, 3100, 0, 0, 0, 0, 0, 0, 0, '', 26972),
(@CGUID+270, 112920, 1, 14, 4982, 0, 0, 0, 532, -1, 0, 0, 1375.96, -4860.51, 17.9618, 6.20057, 180, 0, 0, 3100, 0, 0, 0, 0, 0, 0, 0, '', 26972),
(@CGUID+271, 3296, 1, 14, 4982, 0, 0, 0, 532, -1, 0, 0, 1437.79, -4856.31, 15.1047, 3.9677, 180, 0, 0, 3100, 0, 0, 0, 0, 0, 0, 0, '', 26972),
(@CGUID+272, 112920, 1, 14, 4982, 0, 0, 0, 532, -1, 0, 0, 1379, -4857.96, 18.0573, 4.66117, 180, 0, 0, 3100, 0, 0, 0, 0, 0, 0, 0, '', 26972),
(@CGUID+273, 71100, 1, 14, 4982, 0, 0, 0, 532, -1, 0, 0, 1433.85, -4883.58, 10.8022, 6.17616, 180, 0, 0, 3100, 0, 0, 0, 0, 0, 0, 0, '', 26972),
(@CGUID+274, 112920, 1, 14, 4982, 0, 0, 0, 532, -1, 0, 0, 1385.56, -4873.6, 15.5797, 4.88162, 180, 0, 0, 3100, 0, 0, 0, 0, 0, 0, 0, '', 26972),
(@CGUID+275, 112922, 1, 14, 4982, 0, 0, 0, 532, -1, 0, 0, 1434.56, -4894.97, 11.1585, 3.75499, 180, 0, 0, 3100, 0, 0, 0, 0, 0, 0, 0, '', 26972),
(@CGUID+276, 113616, 1, 14, 4982, 0, 0, 0, 532, -1, 0, 0, 1431.24, -4873.86, 11.1366, 2.7342, 180, 0, 0, 3100, 0, 0, 0, 0, 0, 0, 0, '', 26972),
(@CGUID+277, 112920, 1, 14, 4982, 0, 0, 0, 532, -1, 0, 0, 1377.66, -4863.69, 17.2917, 0.873534, 180, 0, 0, 3100, 0, 0, 0, 0, 0, 0, 0, '', 26972),
(@CGUID+278, 114136, 1, 14, 4982, 0, 0, 0, 532, -1, 0, 0, 1432.96, -4894.22, 11.1892, 5.75962, 180, 0, 0, 3100, 0, 0, 0, 0, 0, 0, 0, '', 26972),
(@CGUID+279, 112922, 1, 14, 4982, 0, 0, 0, 532, -1, 0, 0, 1438.45, -4884.53, 10.4767, 2.7829, 180, 0, 0, 3100, 0, 0, 0, 0, 0, 0, 0, '', 26972),
(@CGUID+280, 3323, 1, 14, 4982, 0, 0, 0, 532, -1, 0, 0, 1437.14, -4876.13, 10.763, 3.41978, 180, 0, 0, 3100, 0, 0, 0, 0, 0, 0, 0, '', 26972),
(@CGUID+281, 113615, 1, 14, 4982, 0, 0, 0, 532, -1, 0, 0, 1408.71, -4890.27, 11.3927, 6.27853, 180, 0, 0, 3100, 0, 0, 0, 0, 0, 0, 0, '', 26972),
(@CGUID+282, 112920, 1, 14, 4982, 0, 0, 0, 532, -1, 0, 0, 1381.19, -4863.71, 16.8578, 1.98423, 180, 0, 0, 3100, 0, 0, 0, 0, 0, 0, 0, '', 26972),
(@CGUID+283, 40893, 1, 14, 4982, 0, 0, 0, 532, -1, 0, 0, 1399.68, -4933.82, 11.3551, 4.86129, 180, 0, 0, 3100, 0, 0, 0, 0, 0, 0, 0, '', 26972),
(@CGUID+284, 3296, 1, 14, 4982, 0, 0, 0, 532, -1, 0, 0, 1433.54, -4906.49, 11.5413, 1.70895, 180, 0, 0, 3100, 0, 0, 0, 0, 0, 0, 0, '', 26972),
(@CGUID+285, 114136, 1, 14, 4982, 0, 0, 0, 532, -1, 0, 0, 1432.03, -4899.36, 11.4126, 0.382349, 180, 0, 0, 3100, 0, 0, 0, 0, 0, 0, 0, '', 26972),
(@CGUID+286, 3296, 1, 14, 4982, 0, 0, 0, 532, -1, 0, 0, 1391.22, -4906.2, 11.4254, 6.26784, 180, 0, 0, 3100, 0, 0, 0, 0, 0, 0, 0, '', 26972),
(@CGUID+287, 3296, 1, 14, 4982, 0, 0, 0, 532, -1, 0, 0, 1423.26, -4907.79, 11.4254, 1.62586, 180, 0, 0, 3100, 0, 0, 0, 0, 0, 0, 0, '', 26972),
(@CGUID+288, 112922, 1, 14, 4982, 0, 0, 0, 532, -1, 0, 0, 1436.29, -4901.76, 11.4236, 2.71184, 180, 0, 0, 3100, 0, 0, 0, 0, 0, 0, 0, '', 26972),
(@CGUID+289, 41621, 1, 14, 4982, 0, 0, 0, 532, -1, 0, 0, 1373.84, -4917.97, 11.811, 1.27409, 180, 0, 0, 3100, 0, 0, 0, 0, 0, 0, 0, '', 26972),
(@CGUID+290, 113151, 1, 14, 4982, 0, 0, 0, 532, -1, 0, 0, 1404.41, -4913.1, 11.4254, 1.03601, 180, 0, 0, 3100, 0, 0, 0, 0, 0, 0, 0, '', 26972),
(@CGUID+291, 71100, 1, 14, 4982, 0, 0, 0, 532, -1, 0, 0, 1439.22, -4899.57, 11.4079, 0.753977, 180, 0, 0, 3100, 0, 0, 0, 0, 0, 0, 0, '', 26972),
(@CGUID+292, 40893, 1, 14, 4982, 0, 0, 0, 532, -1, 0, 0, 1403.17, -4933.17, 11.3552, 4.96472, 180, 0, 0, 3100, 0, 0, 0, 0, 0, 0, 0, '', 26972),
(@CGUID+293, 114136, 1, 14, 4982, 0, 0, 0, 532, -1, 0, 0, 1436.45, -4903.56, 11.4688, 0.983943, 180, 0, 0, 3100, 0, 0, 0, 0, 0, 0, 0, '', 26972),
(@CGUID+294, 3296, 1, 14, 4982, 0, 0, 0, 532, -1, 0, 0, 1414.07, -4905.11, 11.4252, 1.10049, 180, 0, 0, 3100, 0, 0, 0, 0, 0, 0, 0, '', 26972),
(@CGUID+295, 3296, 1, 14, 4982, 0, 0, 0, 532, -1, 0, 0, 1471.51, -5012.17, 11.8536, 3.23857, 180, 0, 0, 3100, 0, 0, 0, 0, 0, 0, 0, '', 26972),
(@CGUID+296, 3296, 1, 14, 4982, 0, 0, 0, 532, -1, 0, 0, 1409.8, -5018.67, 11.8234, 0.113187, 180, 0, 0, 3100, 0, 0, 0, 0, 0, 0, 0, '', 26972),
(@CGUID+297, 74228, 1, 14, 4982, 0, 0, 0, 532, -1, 0, 0, 1444.52, -5016.63, 12.1588, 1.69284, 180, 0, 0, 3100, 0, 0, 0, 0, 0, 0, 0, '', 26972),
(@CGUID+298, 113118, 1, 14, 4982, 0, 0, 0, 532, -1, 0, 0, 1438.67, -5017.09, 12.1109, 1.29683, 180, 0, 0, 3100, 0, 0, 0, 0, 0, 0, 0, '', 26972),
(@CGUID+299, 3296, 1, 14, 4982, 0, 0, 0, 532, -1, 0, 0, 1436.01, -5017.83, 12.1628, 1.72848, 180, 0, 0, 3100, 0, 0, 0, 0, 0, 0, 0, '', 26972),
(@CGUID+300, 113341, 1, 14, 4982, 0, 0, 0, 532, -1, 0, 0, 1441.72, -5044.97, 9.15106, 4.99945, 180, 0, 0, 3100, 0, 0, 0, 0, 0, 0, 0, '', 26972),
(@CGUID+301, 112923, 1, 14, 4982, 0, 0, 0, 532, -1, 0, 0, 1422.72, -5032.79, 12.1784, 0.902007, 180, 0, 0, 3100, 0, 0, 0, 0, 0, 0, 0, '', 26972),
(@CGUID+302, 113341, 1, 14, 4982, 0, 0, 0, 532, -1, 0, 0, 1414.52, -5039.86, 13.1411, 2.55006, 180, 0, 0, 3100, 0, 0, 0, 0, 0, 0, 0, '', 26972),
(@CGUID+303, 113375, 1, 14, 4982, 0, 0, 0, 532, -1, 0, 0, 1419.63, -4860.91, 12.5478, 4.9983, 180, 0, 0, 3100, 0, 0, 0, 0, 0, 0, 0, '', 26972),
/* Other Spawns */
(@CGUID+304, 950005, 1468, 7814, 7868, 0, 0, 0, 0, -1, 0, 0, 4424.82, -665.469, 118.14, 6.27674, 180, 0, 0, 5352225, 0, 0, 16777216, 0, 0, 0, 0, '', 26972),
(@CGUID+305, 950006, 1468, 7814, 7868, 0, 0, 0, 0, -1, 0, 0, 4468.21, -656.667, 118.504, 5.54992, 180, 0, 0, 5352225, 0, 0, 16777216, 0, 0, 0, 0, '', 26972),
(@CGUID+306, 950007, 1468, 7814, 7868, 0, 0, 0, 0, -1, 0, 0, 4468.57, -690.928, 118.995, 3.91865, 180, 0, 0, 5352225, 0, 0, 16777216, 0, 0, 0, 0, '', 26972),
(@CGUID+307, 950008, 1468, 7814, 7868, 0, 0, 0, 0, -1, 0, 0, 4442.64, -699.868, 118.945, 2.296, 180, 0, 0, 5352225, 0, 0, 16777216, 0, 0, 0, 0, '', 26972),
(@CGUID+308, 950009, 1468, 7814, 7868, 0, 0, 0, 0, -1, 0, 0, 4450.19, -685.003, 118.953, 1.10691, 180, 0, 0, 5352225, 0, 0, 16777216, 0, 0, 0, 0, '', 26972),
(@CGUID+309, 950009, 1468, 7814, 7868, 0, 0, 0, 0, -1, 0, 0, 4400.76, -692.15, 124.007, 6.10989, 180, 0, 0, 5352225, 0, 0, 16777216, 0, 0, 0, 0, '', 26972),
/* General Bunny spawns */
(@CGUID+310,'101446','1468','0','0','0','0','0','0','-1','0','0','4451.47','-673.614','117.155','4.70931','300','0','0','26268','0','0','0','0','0','0','0','','0'),
(@CGUID+311,'101446','1468','0','0','0','0','0','0','-1','0','0','4460.17','-682.479','117.155','3.3545','300','0','0','26268','0','0','0','0','0','0','0','','0'),
(@CGUID+312,'101446','1468','0','0','0','0','0','0','-1','0','0','4451.88','-691.536','117.156','2.65314','300','0','0','26268','0','0','0','0','0','0','0','','0'),
(@CGUID+313,'101446','1468','0','0','0','0','0','0','-1','0','0','4442.54','-682.552','117.156','1.36116','300','0','0','26268','0','0','0','0','0','0','0','','0'),
(@CGUID+314,'101446','1468','0','0','0','0','0','0','-1','0','0','4434.04','-673.934','117.156','2.13085','300','0','0','26268','0','0','0','0','0','0','0','','0'),
(@CGUID+315,'101446','1468','0','0','0','0','0','0','-1','0','0','4442.25','-665.418','117.155','0.112373','300','0','0','26268','0','0','0','0','0','0','0','','0'),
(@CGUID+316,'101446','1468','0','0','0','0','0','0','-1','0','0','4451.2','-656.433','117.156','5.82615','300','0','0','26268','0','0','0','0','0','0','0','','0'),
(@CGUID+317,'101446','1468','0','0','0','0','0','0','-1','0','0','4460.48','-665.259','117.155','3.04585','300','0','0','26268','0','0','0','0','0','0','0','','0'),
(@CGUID+318,'101446','1468','0','0','0','0','0','0','-1','0','0','4468.62','-673.577','117.156','5.53556','300','0','0','26268','0','0','0','0','0','0','0','','0'),
(@CGUID+319,'101446','1468','0','0','0','0','0','0','-1','0','0','4478.06','-682.2','117.156','3.12439','300','0','0','26268','0','0','0','0','0','0','0','','0'),
(@CGUID+320,'101446','1468','0','0','0','0','0','0','-1','0','0','4486.48','-674.256','117.156','2.99087','300','0','0','26268','0','0','0','0','0','0','0','','0'),
(@CGUID+321,'101446','1468','0','0','0','0','0','0','-1','0','0','4477.87','-665.518','117.155','3.15581','300','0','0','26268','0','0','0','0','0','0','0','','0'),
(@CGUID+322,'101446','1468','0','0','0','0','0','0','-1','0','0','4459.61','-647.9','117.156','6.04214','300','0','0','26268','0','0','0','0','0','0','0','','0'),
(@CGUID+323,'101446','1468','0','0','0','0','0','0','-1','0','0','4450.98','-639.418','117.155','0.685723','300','0','0','26268','0','0','0','0','0','0','0','','0'),
(@CGUID+324,'101446','1468','0','0','0','0','0','0','-1','0','0','4442.87','-647.35','117.156','4.09042','300','0','0','26268','0','0','0','0','0','0','0','','0'),
(@CGUID+325,'101446','1468','0','0','0','0','0','0','-1','0','0','4434.15','-656.554','117.156','2.26045','300','0','0','26268','0','0','0','0','0','0','0','','0'),
(@CGUID+326,'101446','1468','0','0','0','0','0','0','-1','0','0','4416.08','-673.994','117.156','0.685721','300','0','0','26268','0','0','0','0','0','0','0','','0'),
(@CGUID+327,'101446','1468','0','0','0','0','0','0','-1','0','0','4425.54','-681.637','117.156','4.86247','300','0','0','26268','0','0','0','0','0','0','0','','0'),
(@CGUID+328,'101446','1468','0','0','0','0','0','0','-1','0','0','4433.93','-691.882','117.155','1.44991','300','0','0','26268','0','0','0','0','0','0','0','','0'),
/* Added 2 NPCs Kayn and Altruis for DH artifact acquisition questline */
(@CGUID+329,'99247','1220','7502','7505','0','0','0','0','-1','0','0','-853.077','4256.07','746.285','0.752594','300','0','0','26268','0','0','0','0','0','0','0','','0'),
/* Some Mardum spawns */
(@CGUID+330,'98484','1481','0','0','0','0','0','0','-1','0','1','1132','3048.38','-14.7633','5.31298','300','0','0','143481','0','0','0','0','0','0','0','','0'),
(@CGUID+331,'98486','1481','0','0','0','0','0','0','-1','0','1','1136','3035.5','-16.9259','2.97721','300','0','0','102486','0','0','0','0','0','0','0','','0'),
(@CGUID+332,'98486','1481','0','0','0','0','0','0','-1','0','1','1100.76','3054.9','-11.5293','1.26111','300','0','0','102486','0','0','0','0','0','0','0','','0'),
(@CGUID+333,'98486','1481','0','0','0','0','0','0','-1','0','1','1082.25','3011.96','-10.1882','0.97444','300','0','0','102486','0','0','0','0','0','0','0','','0'),
(@CGUID+334,'98486','1481','0','0','0','0','0','0','-1','0','1','1045.72','3017.65','-10.5858','1.58548','300','0','0','102486','0','0','0','0','0','0','0','','0'),
(@CGUID+335,'98484','1481','0','0','0','0','0','0','-1','0','1','1075.33','3033.1','-10.5694','3.23874','300','0','0','143481','0','0','0','0','0','0','0','','0'),
(@CGUID+336,'98484','1481','0','0','0','0','0','0','-1','0','1','950.198','3057.51','-23.8834','5.54143','300','0','0','143481','0','0','0','0','0','0','0','','0'),
(@CGUID+337,'98484','1481','0','0','0','0','0','0','-1','0','1','950.381','3083.42','-30.3656','4.65393','300','0','0','143481','0','0','0','0','0','0','0','','0'),
(@CGUID+338,'98486','1481','0','0','0','0','0','0','-1','0','1','916.02','3055.27','-26.3041','5.40005','300','0','0','102486','0','0','0','0','0','0','0','','0'),
(@CGUID+339,'98486','1481','0','0','0','0','0','0','-1','0','1','932.51','3035.62','-22.3054','0.283955','300','0','0','102486','0','0','0','0','0','0','0','','0'),
(@CGUID+340,'95226','1481','0','0','0','0','0','0','-1','0','0','903.137','2475.53','-65.7413','3.49438','300','0','0','143481','0','0','0','0','0','0','0','','0'),
(@CGUID+341,'95226','1481','0','0','0','0','0','0','-1','0','0','904.503','2455.49','-67.5157','1.80576','300','0','0','143481','0','0','0','0','0','0','0','','0'),
(@CGUID+342,'96400','1481','0','0','0','0','0','0','-1','0','1','1244.98','2542.05','1.72101','0.71824','300','0','0','143481','0','0','0','0','0','0','0','','0'),
(@CGUID+343,'96494','1481','0','0','0','0','0','0','-1','0','1','1222','1648.53','101.372','5.47141','300','0','0','102486','0','0','0','0','0','0','0','','0'),
(@CGUID+344,'96494','1481','0','0','0','0','0','0','-1','0','1','1225.47','1650.52','101.607','5.27114','300','0','0','102486','0','0','0','0','0','0','0','','0'),
(@CGUID+345,'96494','1481','0','0','0','0','0','0','-1','0','1','1203.68','1670.66','93.0725','2.16489','300','0','0','105561','0','0','0','0','0','0','0','','0'),
(@CGUID+346,'96494','1481','0','0','0','0','0','0','-1','0','1','1204.81','1676.25','92.6843','4.78732','300','0','0','102486','0','0','0','0','0','0','0','','0'), 
/* Vol'jin Funeral spawns */
(@CGUID+347,'101018','1','0','0','0','0','1180','0','-1','0','0','1253.75','-4385.07','28.535','1.84264','300','0','0','435','0','0','0','0','0','0','0','','0'),
(@CGUID+348,'112590','1','0','0','0','0','1180','0','-1','0','1','1251.87','-4387.24','28.5059','1.55519','300','0','0','1305','0','0','0','0','0','0','0','','0'),
(@CGUID+349,'112588','1','0','0','0','0','1180','0','-1','0','0','1253.74','-4386.83','28.5524','1.68871','300','0','0','17400','0','0','0','0','0','0','0','','0'),
(@CGUID+350,'112591','1','0','0','0','0','1180','0','-1','0','0','1255.08','-4386.38','28.5763','1.70821','300','0','0','1305','0','0','0','0','0','0','0','','0'),
(@CGUID+351,'112592','1','0','0','0','0','1180','0','-1','0','0','1256.71','-4385.86','28.6081','1.82994','300','0','0','1305','0','0','0','0','0','0','0','','0'),
(@CGUID+352,'112585','1','0','0','0','0','1180','0','-1','0','0','1258.36','-4385.29','28.6345','1.90876','300','0','0','1305','0','0','0','0','0','0','0','','0'),
(@CGUID+353,'112608','1','0','0','0','0','1180','0','-1','0','0','1253.03','-4389.17','28.5354','1.76347','300','0','0','4350','0','0','0','0','0','0','0','','0'),
(@CGUID+354,'112589','1','0','0','0','0','1180','0','-1','0','0','1254.35','-4388.29','28.5715','1.55141','300','0','0','4350','0','0','0','0','0','0','0','','0'),
(@CGUID+355,'112607','1','0','0','0','0','1180','0','-1','0','0','1255.79','-4387.99','28.6171','1.77525','300','0','0','96','0','0','0','0','0','0','0','','0'),
(@CGUID+356,'112593','1','0','0','0','0','1180','0','-1','0','0','1257.48','-4387.52','28.6487','1.74999','300','0','0','435','0','0','0','0','0','0','0','','0'),
(@CGUID+357,'112587','1','0','0','0','0','1180','0','-1','0','0','1252.93','-4391.62','28.5008','1.67471','300','0','0','8700','0','0','0','0','0','0','0','','0'),
(@CGUID+358,'101020','1','0','0','0','0','1180','0','-1','0','0','1249.07','-4393.67','28.2615','1.50978','300','0','0','261','0','0','0','0','0','0','0','','0'),
(@CGUID+359,'101020','1','0','0','0','0','1180','0','-1','0','0','1246.31','-4388.09','28.3548','1.32915','300','0','0','261','0','0','0','0','0','0','0','','0'),
(@CGUID+360,'100848','1','0','0','0','0','1180','0','-1','31839','0','1236.02','-4395.33','27.5009','1.14065','300','0','0','1612685','0','0','0','0','0','0','0','','0'),
(@CGUID+361,'100848','1','0','0','0','0','1180','0','-1','0','0','1234.89','-4399.25','26.9851','1.04247','300','0','0','1612685','0','0','0','0','0','0','0','','0'),
(@CGUID+362,'100848','1','0','0','0','0','1180','0','-1','0','0','1231.49','-4401.42','26.4302','0.905025','300','0','0','1612685','0','0','0','0','0','0','0','','0'),
(@CGUID+363,'100848','1','0','0','0','0','1180','0','-1','0','0','1238.01','-4397.99','27.3456','1.00713','300','0','0','1612685','0','0','0','0','0','0','0','','0'),
(@CGUID+364,'100848','1','0','0','0','0','1180','0','-1','31839','0','1224.49','-4367.94','27.7996','5.90566','300','0','0','1612685','0','0','0','0','0','0','0','','0'),
(@CGUID+365,'100848','1','0','0','0','0','1180','0','-1','31839','0','1223.08','-4365.1','27.1092','5.7368','300','0','0','1612685','0','0','0','0','0','0','0','','0'),
(@CGUID+366,'100848','1','0','0','0','0','1180','0','-1','0','0','1220.2','-4366.32','26.9668','5.90566','300','0','0','1612685','0','0','0','0','0','0','0','','0'),
(@CGUID+367,'100848','1','0','0','0','0','1180','0','-1','0','0','1220.78','-4368.44','27.4226','5.80749','300','0','0','1612685','0','0','0','0','0','0','0','','0'),
(@CGUID+368,'100848','1','0','0','0','0','1180','0','-1','31839','0','1218.69','-4370.1','27.4494','5.9253','300','0','0','1612685','0','0','0','0','0','0','0','','0'),
(@CGUID+369,'100848','1','0','0','0','0','1180','0','-1','0','0','1216.93','-4367.13','26.676','5.89388','300','0','0','1612685','0','0','0','0','0','0','0','','0'),
(@CGUID+370,'100848','1','0','0','0','0','1180','0','-1','0','0','1222.29','-4370.71','27.9445','5.93315','300','0','0','1612685','0','0','0','0','0','0','0','','0'),
(@CGUID+371,'100848','1','0','0','0','0','1180','0','-1','0','0','1280.2','-4419.38','26.5697','2.54023','300','0','0','1612685','0','0','0','0','0','0','0','','0'),
(@CGUID+372,'100848','1','0','0','0','0','1180','0','-1','0','0','1282.25','-4418.05','26.5634','2.35959','300','0','0','1612685','0','0','0','0','0','0','0','','0'),
(@CGUID+373,'100848','1','0','0','0','0','1180','0','-1','0','0','1282.96','-4415.58','26.5377','2.29283','300','0','0','1612685','0','0','0','0','0','0','0','','0'),
(@CGUID+374,'100848','1','0','0','0','0','1180','0','-1','0','0','1286.2','-4416.9','26.5774','2.41456','300','0','0','1612685','0','0','0','0','0','0','0','','0'),
(@CGUID+375,'100848','1','0','0','0','0','1180','0','-1','0','0','1222.24','-4413.67','22.6183','0.806851','300','0','0','1612685','0','0','0','0','0','0','0','','0'),
(@CGUID+376,'100848','1','0','0','0','0','1180','0','-1','0','0','1220.99','-4416.85','22.3211','0.901099','300','0','0','1612685','0','0','0','0','0','0','0','','0'),
(@CGUID+377,'100848','1','0','0','0','0','1180','0','-1','31839','0','1219.89','-4419.84','22.0447','0.736165','300','0','0','1612685','0','0','0','0','0','0','0','','0'),
(@CGUID+378,'100848','1','0','0','0','0','1180','0','-1','0','0','1218.75','-4415.22','22.4126','0.843765','300','0','0','1612685','0','0','0','0','0','0','0','','0'),
(@CGUID+379,'100848','1','0','0','0','0','1180','0','-1','0','0','1217.44','-4418.44','22.0341','0.812349','300','0','0','1612685','0','0','0','0','0','0','0','','0'),
(@CGUID+380,'100848','1','0','0','0','0','1180','0','-1','0','0','1215.68','-4416.87','22.0891','0.553167','300','0','0','1612685','0','0','0','0','0','0','0','','0'),
(@CGUID+381,'100856','1','0','0','0','0','1180','0','-1','0','0','1240.62','-4380.79','28.2583','5.04801','300','0','0','3225369','0','0','0','0','0','0','0','','0'),
(@CGUID+382,'100856','1','0','0','0','0','1180','0','-1','0','0','1263.73','-4379.73','28.638','4.02306','300','0','0','3225369','0','0','0','0','0','0','0','','0'),
(@CGUID+383,'100856','1','0','0','0','0','1180','0','-1','0','0','1246.25','-4395.5','28.0579','1.11709','300','0','0','3225369','0','0','0','0','0','0','0','','0'),
(@CGUID+384,'100464','1','0','0','0','0','1180','0','-1','0','0','1263.18','-4400.86','26.1644','2.06035','300','0','0','87','0','0','0','0','0','0','0','','0'),
(@CGUID+385,'100464','1','0','0','0','0','1180','0','-1','0','0','1270.4','-4400.14','26.3204','2.07213','300','0','0','87','0','0','0','0','0','0','0','','0'),
(@CGUID+386,'101026','1','0','0','0','0','1180','0','-1','0','0','1263.65','-4403.75','25.9846','1.87185','300','0','0','261','0','0','0','0','0','0','0','','0'),
(@CGUID+387,'101026','1','0','0','0','0','1180','0','-1','0','0','1263.98','-4406.42','25.8501','1.82473','300','0','0','261','0','0','0','0','0','0','0','','0'),
(@CGUID+388,'100721','1','0','0','0','0','1180','0','-1','0','0','1261.83','-4405.3','25.7831','1.63231','300','0','0','87','0','0','0','0','0','0','0','','0'),
(@CGUID+389,'101024','1','0','0','0','0','1180','0','-1','0','0','1267.02','-4403.11','26.1899','2.00145','300','0','0','174','0','0','0','0','0','0','0','','0'),
(@CGUID+390,'100730','1','0','0','0','0','1180','0','-1','0','0','1269.27','-4402.27','26.2795','1.8051','300','0','0','118','0','0','0','0','0','0','0','','0'),
(@CGUID+391,'100731','1','0','0','0','0','1180','0','-1','0','0','1272.17','-4402.71','26.3091','2.1114','300','0','0','109','0','0','0','0','0','0','0','','0'),
(@CGUID+392,'112584','1','0','0','0','0','1180','0','-1','0','0','1273.47','-4399.92','26.3204','2.15853','300','0','0','87','0','0','0','0','0','0','0','','0'),
(@CGUID+393,'101019','1','0','0','0','0','1180','0','-1','0','0','1276.92','-4401.63','26.3173','2.22529','300','0','0','261','0','0','0','0','0','0','0','','0'),
(@CGUID+394,'101019','1','0','0','0','0','1180','0','-1','0','0','1254.15','-4411.97','24.8389','1.51057','300','0','0','261','0','0','0','0','0','0','0','','0'),
(@CGUID+395,'101019','1','0','0','0','0','1180','0','-1','0','0','1251.26','-4414.54','24.408','1.49487','300','0','0','261','0','0','0','0','0','0','0','','0'),
(@CGUID+396,'101019','1','0','0','0','0','1180','0','-1','0','0','1248.73','-4416.69','24.0304','1.50272','300','0','0','261','0','0','0','0','0','0','0','','0'),
(@CGUID+397,'101043','1','0','0','0','0','1180','0','-1','0','0','1276.35','-4384.9','28.7302','3.05781','300','0','0','1305','0','0','0','0','0','0','0','','0'),
(@CGUID+398,'101043','1','0','0','0','0','1180','0','-1','0','0','1275.73','-4381.7','28.6626','3.44266','300','0','0','1305','0','0','0','0','0','0','0','','0'),
(@CGUID+399,'100856','1','0','0','0','0','1180','0','-1','0','0','1246.85','-4418.5','23.7511','1.59304','300','0','0','3225369','0','0','0','0','0','0','0','','0'),
(@CGUID+400,'101106','1','0','0','0','0','1180','0','-1','0','0','1267.91','-4384.88','28.7527','3.65864','300','0','0','174','0','0','0','0','0','0','0','','0'),
(@CGUID+401,'101106','1','0','0','0','0','1180','0','-1','0','0','1263.76','-4366.29','29.2592','4.70322','300','0','0','174','0','0','0','0','0','0','0','','0'),
(@CGUID+402,'113085','1','0','0','0','0','1180','0','-1','0','0','1258.96','-4373.21','34.8319','5.94413','300','0','0','87000','0','0','0','0','0','0','0','','0'),
(@CGUID+403,'101106','1','0','0','0','0','1180','0','-1','0','0','1259.12','-4367.99','34.8322','6.1876','300','0','0','174','0','0','0','0','0','0','0','','0'),
(@CGUID+404,'101106','1','0','0','0','0','1180','0','-1','0','0','1269.04','-4370.74','28.3873','4.61682','300','0','0','174','0','0','0','0','0','0','0','','0'),
(@CGUID+405,'101010','1','0','0','0','0','1180','0','-1','0','0','1254.4','-4379.76','34.8333','4.44404','300','0','0','1290147584','0','0','0','0','0','0','0','','0'),
(@CGUID+406,'113083','1','0','0','0','0','1180','0','-1','0','0','1259.13','-4369.78','34.8319','6.12872','300','0','0','87000','0','0','0','0','0','0','0','','0'),
(@CGUID+407,'101011','1','0','0','0','0','1180','0','-1','0','0','1244.9','-4370.12','34.8381','3.03426','300','0','0','104400','0','0','0','0','0','0','0','','0'),
(@CGUID+408,'101605','1','0','0','0','0','1180','0','-1','0','0','1247.08','-4375.62','34.8358','4.5813','300','0','0','860098368','0','0','0','0','0','0','0','','0'),
(@CGUID+409,'113084','1','0','0','0','0','1180','0','-1','0','0','1252.04','-4363.41','34.8333','1.52217','300','0','0','87000','0','0','0','0','0','0','0','','0'),
(@CGUID+410,'113082','1','0','0','0','0','1180','0','-1','0','0','1244.35','-4376.72','34.8353','3.12439','300','0','0','87000','0','0','0','0','0','0','0','','0'),
(@CGUID+411,'113086','1','0','0','0','0','1180','0','-1','0','0','1244.64','-4366.04','34.8367','2.9948','300','0','0','87000','0','0','0','0','0','0','0','','0'),
(@CGUID+412,'101025','1','0','0','0','0','1180','0','-1','0','0','1240.95','-4431.83','22.8299','1.39259','300','0','0','435','0','0','0','0','0','0','0','','0'),
(@CGUID+413,'101022','1','0','0','0','0','1180','0','-1','0','0','1252.65','-4427.38','23.7693','1.56145','300','0','0','435','0','0','0','0','0','0','0','','0'),
(@CGUID+414,'101034','1','0','0','0','0','1180','0','-1','0','0','1248.78','-4378.72','34.8345','4.72661','300','0','0','1075122944','0','0','0','0','0','0','0','','0'),
(@CGUID+415,'101019','1','0','0','0','0','1180','0','-1','0','0','1243.86','-4430.65','22.7596','1.47112','300','0','0','261','0','0','0','0','0','0','0','','0'),
(@CGUID+416,'101019','1','0','0','0','0','1180','0','-1','0','0','1246.58','-4429.49','22.9645','1.424','300','0','0','261','0','0','0','0','0','0','0','','0'),
(@CGUID+417,'101019','1','0','0','0','0','1180','0','-1','0','0','1248.67','-4427.27','23.2765','1.52217','300','0','0','261','0','0','0','0','0','0','0','','0'),
(@CGUID+418,'101019','1','0','0','0','0','1180','0','-1','0','0','1245.14','-4427.17','23.0276','1.42007','300','0','0','261','0','0','0','0','0','0','0','','0'),
(@CGUID+419,'101019','1','0','0','0','0','1180','0','-1','0','0','1261','-4435.04','26.6807','1.7735','300','0','0','261','0','0','0','0','0','0','0','','0'),
(@CGUID+420,'101019','1','0','0','0','0','1180','0','-1','0','0','1262.55','-4431.38','26.6159','1.69103','300','0','0','261','0','0','0','0','0','0','0','','0'),
(@CGUID+421,'101019','1','0','0','0','0','1180','0','-1','0','0','1267.24','-4430.55','26.6336','1.89445','300','0','0','261','0','0','0','0','0','0','0','','0'),
(@CGUID+422,'100865','1','0','0','0','0','1180','0','-1','0','0','1264.39','-4416.55','25.2858','2.13008','300','0','0','3225369','0','0','0','0','0','0','0','','0'),
(@CGUID+423,'101019','1','0','0','0','0','1180','0','-1','0','0','1221.65','-4437.04','23.6954','1.13262','300','0','0','261','0','0','0','0','0','0','0','','0'),
(@CGUID+424,'101019','1','0','0','0','0','1180','0','-1','0','0','1225.8','-4436.15','24.216','0.959832','300','0','0','261','0','0','0','0','0','0','0','','0'),
(@CGUID+425,'101019','1','0','0','0','0','1180','0','-1','0','0','1227.89','-4440.58','24.5109','1.17189','300','0','0','261','0','0','0','0','0','0','0','','0'),
(@CGUID+426,'101019','1','0','0','0','0','1180','0','-1','0','0','1230.6','-4444.93','25.0861','1.27399','300','0','0','261','0','0','0','0','0','0','0','','0'),
(@CGUID+427,'101019','1','0','0','0','0','1180','0','-1','0','0','1223.25','-4441.81','23.7692','1.10906','300','0','0','261','0','0','0','0','0','0','0','','0'),
(@CGUID+428,'101019','1','0','0','0','0','1180','0','-1','0','0','1216.27','-4441.11','23.0829','1.02659','300','0','0','261','0','0','0','0','0','0','0','','0'),
(@CGUID+429,'101019','1','0','0','0','0','1180','0','-1','0','0','1216.43','-4426.3','21.5186','0.912704','300','0','0','261','0','0','0','0','0','0','0','','0'),
(@CGUID+430,'101019','1','0','0','0','0','1180','0','-1','0','0','1213.99','-4424.89','21.473','0.896996','300','0','0','261','0','0','0','0','0','0','0','','0'),
(@CGUID+431,'101019','1','0','0','0','0','1180','0','-1','0','0','1211.9','-4423.57','21.3959','0.806675','300','0','0','261','0','0','0','0','0','0','0','','0'),
(@CGUID+432,'101019','1','0','0','0','0','1180','0','-1','0','0','1210.54','-4427.04','21.3378','0.873434','300','0','0','261','0','0','0','0','0','0','0','','0'),
(@CGUID+433,'101019','1','0','0','0','0','1180','0','-1','0','0','1213.02','-4428.56','21.398','0.794894','300','0','0','261','0','0','0','0','0','0','0','','0'),
(@CGUID+434,'101019','1','0','0','0','0','1180','0','-1','0','0','1215.89','-4429.81','21.4064','0.920558','300','0','0','261','0','0','0','0','0','0','0','','0'),
(@CGUID+435,'101019','1','0','0','0','0','1180','0','-1','0','0','1265.6','-4435.61','26.5939','1.86696','300','0','0','261','0','0','0','0','0','0','0','','0'),
(@CGUID+436,'101019','1','0','0','0','0','1180','0','-1','0','0','1294.95','-4406.9','26.5386','2.43245','300','0','0','261','0','0','0','0','0','0','0','','0'),
(@CGUID+437,'101019','1','0','0','0','0','1180','0','-1','0','0','1298.01','-4413.03','26.583','2.35391','300','0','0','261','0','0','0','0','0','0','0','','0'),
(@CGUID+438,'101047','1','0','0','0','0','1180','0','-1','0','0','1277.36','-4408.93','26.4959','2.23609','300','0','0','174','0','0','0','0','0','0','0','','0'),
(@CGUID+439,'101047','1','0','0','0','0','1180','0','-1','0','0','1276.66','-4412.7','26.3885','2.11828','300','0','0','174','0','0','0','0','0','0','0','','0'),
(@CGUID+440,'101047','1','0','0','0','0','1180','0','-1','0','0','1274.45','-4413.5','26.2888','2.11828','300','0','0','174','0','0','0','0','0','0','0','','0'),
(@CGUID+441,'100865','1','0','0','0','0','1180','0','-1','0','0','1219.79','-4398.43','23.4235','0.665298','300','0','0','3225369','0','0','0','0','0','0','0','','0'), -- Spirit Drummer
(@CGUID+442,'100865','1','0','0','0','0','1180','0','-1','0','0','1233.32','-4429.5','22.2123','1.42164','300','0','0','3225369','0','0','0','0','0','0','0','','0'),
(@CGUID+443,'113622','1','0','0','0','0','1180','0','-1','0','0','1219.22','-4404.4','23.0949','0.538064','300','0','0','3225369','0','0','0','0','0','0','0','','0'),
(@CGUID+444,'113622','1','0','0','0','0','1180','0','-1','0','0','1215.49','-4393.09','23.8437','6.24398','300','0','0','3225369','0','0','0','0','0','0','0','','0'),
(@CGUID+445,'113622','1','0','0','0','0','1180','0','-1','0','0','1228.66','-4428.93','22.2059','1.00773','300','0','0','3225369','0','0','0','0','0','0','0','','0'),
(@CGUID+446,'113622','1','0','0','0','0','1180','0','-1','0','0','1271.89','-4417','26.0981','1.93451','300','0','0','3225369','0','0','0','0','0','0','0','','0'),
(@CGUID+447,'113622','1','0','0','0','0','1180','0','-1','0','0','1278','-4394.78','26.306','2.36255','300','0','0','3225369','0','0','0','0','0','0','0','','0'),
(@CGUID+448,'113622','1','0','0','0','0','1180','0','-1','0','0','1223.8','-4376.65','28.3662','0.0377675','300','0','0','3225369','0','0','0','0','0','0','0','','0'),
(@CGUID+449,'112594','1','0','0','0','0','1180','0','-1','0','0','1257.81','-4455.4','34.1896','1.52217','300','0','0','87','0','0','0','0','0','0','0','','0'),
/* Violet Hold Spawns */
(@CGUID+450,102614,1494,7777,7777,12,0,0,0,-1,0,0,1339.03,-196.618,43.4152,4.9302,120,0,0,0,0,0,0,0,0,0,0,'',25549), -- Blood-Princess Thal'ena
(@CGUID+451,54638,1494,7777,7777,12,0,0,0,-1,0,0,1319.14,-259.613,44.0905,0,1,0,0,0,0,0,0,0,0,0,0,'',25549), -- Generic Bunny (Ability: 211742 "Lighting")
(@CGUID+452,54638,1494,7777,7777,12,0,0,0,-1,0,0,1319.42,-255.089,44.0886,0,1,0,0,0,0,0,0,0,0,0,0,'',25549), -- Generic Bunny (Ability: 211742 "Lighting")
(@CGUID+453,54638,1494,7777,7777,12,0,0,0,-1,0,0,1319.3,-256.644,44.0891,0,1,0,0,0,0,0,0,0,0,0,0,'',25549), -- Generic Bunny (Ability: 211742 "Lighting")
(@CGUID+454,102619,1494,7777,7777,12,0,0,0,-1,0,0,1310.75,-317.391,38.7443,0.889683,120,0,0,0,0,0,0,0,0,0,0,'',25549), -- Shivermaw
(@CGUID+455,102616,1494,7777,7777,12,0,0,0,-1,0,0,1374.67,-221.38,38.711,4.49002,120,0,0,0,0,0,0,0,0,0,0,'',25549), -- Millificent Manastorm
(@CGUID+456,54638,1494,7777,7777,12,0,0,0,-1,0,0,1318.93,-262.7,44.0912,0,1,0,0,0,0,0,0,0,0,0,0,'',25549), -- Generic Bunny (Ability: 211742 "Lighting")
-- (@CGUID+457,96308,1494,7777,7777,12,0,0,0,-1,0,0,1315.67,-262.983,44.1398,0.055067,120,0,0,0,0,0,0,0,0,0,0,'',25549), -- Kirin Tor Protector
(@CGUID+458,54638,1494,7777,7777,12,0,0,0,-1,0,0,1318.82,-269.401,44.0874,0,1,0,0,0,0,0,0,0,0,0,0,'',25549), -- Generic Bunny (Ability: 211742 "Lighting")
(@CGUID+459,54638,1494,7777,7777,12,0,0,0,-1,0,0,1319.25,-258.129,44.0899,0,1,0,0,0,0,0,0,0,0,0,0,'',25549), -- Generic Bunny (Ability: 211742 "Lighting")
(@CGUID+460,54638,1494,7777,7777,12,0,0,0,-1,0,0,1319.02,-266.075,44.0896,0,1,0,0,0,0,0,0,0,0,0,0,'',25549), -- Generic Bunny (Ability: 211742 "Lighting")
(@CGUID+461,54638,1494,7777,7777,12,0,0,0,-1,0,0,1318.98,-261.082,44.0909,0,1,0,0,0,0,0,0,0,0,0,0,'',25549), -- Generic Bunny (Ability: 211742 "Lighting")
-- (@CGUID+462,94902,1494,7777,7777,12,0,0,0,-1,0,0,1301.079,-257.691,44.267,6.18742,120,0,0,0,0,0,2,0,0,0,0,'',25549), -- Kayn Sunfury
(@CGUID+463,54638,1494,7777,7777,12,0,0,0,-1,0,0,1318.86,-267.7,44.0885,0,1,0,0,0,0,0,0,0,0,0,0,'',25549), -- Generic Bunny (Ability: 211742 "Lighting")
(@CGUID+464,101954,1494,7777,7777,12,0,0,0,-1,0,0,1318.32,-200.997,43.4171,5.24751,120,0,0,0,0,0,0,0,0,0,0,'',25549), -- Urazzel'aketh
(@CGUID+465,54638,1494,7777,7777,12,0,0,0,-1,0,0,1318.96,-264.477,44.0904,0,1,0,0,0,0,0,0,0,0,0,0,'',25549), -- Generic Bunny (Ability: 211742 "Lighting")
(@CGUID+466,101953,1494,7777,7777,12,0,0,0,-1,0,0,1359.16,-192.901,43.4148,4.49002,120,0,0,0,0,0,0,0,0,0,0,'',25549), -- Keeper Irizzoth
-- (@CGUID+467,94731,1494,7777,7777,12,0,0,0,-1,0,0,1426.02,-263.519,52.4466,3.04486,120,0,0,0,0,0,0,0,0,0,0,'',25549), -- Taldath the Destroyer (Abilities: 191030, 202583, 202590)
(@CGUID+468,102615,1494,7777,7777,12,0,0,0,-1,0,0,1401.02,-205.833,47.1002,3.98559,120,0,0,0,0,0,0,0,0,0,0,'',25549), -- Festerface
(@CGUID+469,101939,1494,7777,7777,12,0,0,0,-1,0,0,1423.39,-243.665,52.446,3.40704,120,0,0,0,0,0,0,0,0,0,0,'',25549), -- Queen Anaeanath
(@CGUID+470,102618,1494,7777,7777,12,0,0,0,-1,0,0,1361.19,-339.323,47.6975,1.51404,120,0,0,0,0,0,0,0,0,0,0,'',25549), -- Mindflayer Kaahrj
(@CGUID+471,101940,1494,7777,7777,12,0,0,0,-1,0,0,1422.86,-286.793,52.4476,2.63505,120,0,0,0,0,0,0,0,0,0,0,'',25549), -- Moluun
(@CGUID+472,102617,1494,7777,7777,12,0,0,0,-1,0,0,1418.38,-322.958,30.9618,2.2796,120,0,0,0,0,0,0,0,0,0,0,'',25549), -- Anub'esset
(@CGUID+473,101941,1494,7777,7777,12,0,0,0,-1,0,0,1425.81,-279.781,52.442,3.01858,120,0,0,0,0,0,0,0,0,0,0,'',25549), -- Ziros
(@CGUID+474,54638,1494,7777,7777,12,0,0,0,-1,0,0,1421.4,-264.066,54.5319,2.92376,1,0,0,0,0,0,0,0,0,0,0,'',25549), -- Generic Bunny (Ability: 211742 "Lighting")
(@CGUID+475,54638,1494,7777,7777,12,0,0,0,-1,0,0,1422.07,-265.701,58.2155,2.95741,1,0,0,0,0,0,0,0,0,0,0,'',25549), -- Generic Bunny (Ability: 211742 "Lighting")
(@CGUID+476,54638,1494,7777,7777,12,0,0,0,-1,0,0,1422.32,-259.543,54.0306,3.10117,1,0,0,0,0,0,0,0,0,0,0,'',25549), -- Generic Bunny (Ability: 211742 "Lighting")
(@CGUID+477,54638,1494,7777,7777,12,0,0,0,-1,0,0,1421.62,-261.49,57.6512,3.07085,1,0,0,0,0,0,0,0,0,0,0,'',25549), -- Generic Bunny (Ability: 211742 "Lighting")
-- (@CGUID+478,103156,1494,7777,7777,12,0,0,0,-1,0,0,1300.655,-259.887,44.272,0.05115,120,0,0,0,0,0,0,0,0,0,0,'',25549), -- Violet Hold Guard
(@CGUID+479,96312,1494,7777,7777,12,0,0,0,-1,0,0,1323.18,-256.353,44.0087,0.7046,120,0,0,0,0,0,0,0,0,0,0,'',25549), -- Violet Hold Guard
(@CGUID+480,96312,1494,7777,7777,12,0,0,0,-1,0,0,1321.58,-268.654,44.0084,5.74293,120,0,0,0,0,0,0,0,0,0,0,'',25549), -- Violet Hold Guard
(@CGUID+481,96312,1494,7777,7777,12,0,0,0,-1,0,0,1324.44,-266.059,44.0084,5.7233,120,0,0,0,0,0,0,0,0,0,0,'',25549), -- Violet Hold Guard
(@CGUID+482,96312,1494,7777,7777,12,0,0,0,-1,0,0,1324.87,-259.377,44.0087,0.523958,120,0,0,0,0,0,0,0,0,0,0,'',25549); -- Violet Hold Guard
-- Other Stuff
UPDATE `creature_template` SET `minlevel` = 90, `maxlevel` = 100 WHERE `entry` IN (113034, 113331, 113551, 113381, 113380, 113550, 113549, 113548, 114136, 114135, 113997, 114107, 114108, 113376, 113373, 113381, 113377, 113374, 113375, 114106,
113957, 114066, 114133, 114132, 114134, 112920, 114105, 114114, 114068, 114066, 113291);
UPDATE `creature` SET `spawndist`=0, `MovementType`=0, `unit_flags`=537133824 WHERE `guid` IN (280000817, 280000816, 280000815, 280000814, 280000813, 280000812, 280000811, 280000810, 280000809, 280000808);
DELETE FROM `creature_addon` WHERE `guid` IN (280000817, 280000816, 280000815, 280000814, 280000813, 280000812, 280000811, 280000810, 280000809, 280000808);
INSERT INTO `creature_addon` (`guid`, `mount`, `bytes1`, `bytes2`, `auras`) VALUES
(280000817, 0, 0x0, 0x1, '29266'), -- 25680 - 29266 - 29266
(280000816, 0, 0x0, 0x1, '29266'), -- 25680 - 29266 - 29266
(280000815, 0, 0x0, 0x1, '29266'), -- 25680 - 29266 - 29266
(280000814, 0, 0x0, 0x1, '29266'), -- 25680 - 29266 - 29266
(280000813, 0, 0x0, 0x1, '29266'), -- 25680 - 29266 - 29266
(280000812, 0, 0x0, 0x1, '29266'), -- 25680 - 29266 - 29266
(280000811, 0, 0x0, 0x1, '29266'), -- 25680 - 29266 - 29266
(280000810, 0, 0x0, 0x1, '29266'), -- 25680 - 29266 - 29266
(280000809, 0, 0x0, 0x1, '29266'), -- 25680 - 29266 - 29266
(280000808, 0, 0x0, 0x1, '29266'); -- 25680 - 29266 - 29266
-- Voljin Funeral corrections
DELETE FROM `creature_template_addon` WHERE `entry` IN (101019, 101020, 100848, 100856, 113622);
INSERT INTO `creature_template_addon` (`entry`, `path_id`, `mount`, `bytes1`, `bytes2`, `emote`, `aiAnimKit`, `movementAnimKit`, `meleeAnimKit`, `auras`) VALUES
(101019, 0, 29260, 0, 0, 0, 0, 0, 0, ''),
(101020, 0, 29260, 0, 0, 0, 0, 0, 0, ''),
(100848, 0, 14343, 0, 0, 0, 0, 0, 0, ''),
(100856, 0, 14339, 0, 0, 0, 0, 0, 0, ''),
(113622, 0, 6473, 0, 0, 0, 0, 0, 0, '');
DELETE FROM `creature_equip_template` WHERE `CreatureID`=101043;
INSERT INTO `creature_equip_template` (`CreatureID`, `ID`, `ItemID1`, `AppearanceModID1`, `ItemVisual1`, `ItemID2`, `AppearanceModID2`, `ItemVisual2`, `ItemID3`, `AppearanceModID3`, `ItemVisual3`, `VerifiedBuild`) VALUES 
('101043', '1', '128359', '0', '0', '128371', '0', '0', '0', '0', '0', '0');
UPDATE `creature` SET `equipment_id`='1' WHERE `id` = '101043';
UPDATE `creature_template` SET `minlevel`='110', `maxlevel`='110' WHERE `entry` IN (101043, 101106, 101020, 101019, 101047);
UPDATE `creature_template` SET `minlevel`='110', `maxlevel`='110' WHERE `entry` IN (112587, 112585, 112595, 112591, 101018, 112588, 112590, 112608, 112589, 112607, 112593);
UPDATE `creature_template` SET `minlevel`='110', `maxlevel`='110' WHERE `entry` IN (100464, 100721, 101026, 101024, 100730, 100464, 100731, 112584, 101022, 101025);
DELETE FROM `creature_addon` WHERE `guid` IN (280001008, 280001007, 280001006, 280001005, 280001004, 280001009, 280001010, 280001011, 280001012, 280001013, 280001003);
INSERT INTO `creature_addon` (`guid`, `path_id`, `mount`, `bytes1`, `bytes2`, `emote`, `aiAnimKit`, `movementAnimKit`, `meleeAnimKit`, `auras`) VALUES
(280001008, 0, 0, 0, 0, 0, 0, 0, 0, '115368'),
(280001007, 0, 0, 0, 0, 0, 0, 0, 0, '115368'),
(280001006, 0, 0, 0, 0, 0, 0, 0, 0, '115368'),
(280001005, 0, 0, 0, 0, 0, 0, 0, 0, '115368'),
(280001004, 0, 0, 0, 0, 0, 0, 0, 0, '115368'),
(280001009, 0, 0, 0, 0, 0, 0, 0, 0, '115368'),
(280001010, 0, 0, 0, 0, 0, 0, 0, 0, '115368'),
(280001011, 0, 0, 0, 0, 0, 0, 0, 0, '115368'),
(280001012, 0, 0, 0, 0, 0, 0, 0, 0, '115368'),
(280001013, 0, 0, 0, 0, 0, 0, 0, 0, '115368'),
(280001003, 0, 0, 0, 0, 0, 0, 0, 0, '115368 42459');
DELETE FROM `creature_addon` WHERE `guid` IN (280001040, 280001045, 280001046, 280001041, 280001047, 280001048);
INSERT INTO `creature_addon` (`guid`, `path_id`, `mount`, `bytes1`, `bytes2`, `emote`, `aiAnimKit`, `movementAnimKit`, `meleeAnimKit`, `auras`) VALUES
(280001040, 0, 0, 0, 0, 0, 0, 0, 0, '115368'),
(280001045, 0, 0, 0, 0, 0, 0, 0, 0, '115368'),
(280001046, 0, 0, 0, 0, 0, 0, 0, 0, '115368'),
(280001041, 0, 0, 0, 0, 0, 0, 0, 0, '115368'),
(280001047, 0, 0, 0, 0, 0, 0, 0, 0, '115368'),
(280001048, 0, 0, 0, 0, 0, 0, 0, 0, '115368');
DELETE FROM `creature_template_addon` WHERE `entry`=100865;
INSERT INTO `creature_template_addon` (`entry`, `path_id`, `mount`, `bytes1`, `bytes2`, `emote`, `aiAnimKit`, `movementAnimKit`, `meleeAnimKit`, `auras`) VALUES
(100865, 0, 0, 0, 0, 10, 0, 0, 0, '');
DELETE FROM `creature_template_addon` WHERE `entry` IN (101043, 100873, 113084);
INSERT INTO `creature_template_addon` (`entry`, `path_id`, `mount`, `bytes1`, `bytes2`, `emote`, `aiAnimKit`, `movementAnimKit`, `meleeAnimKit`, `auras`) VALUES
(101043, 0, 0, 0, 0, 0, 0, 0, 0, '42459 18950'),
(100873, 0, 0, 0, 0, 0, 0, 0, 0, '42459'),
(113084, 0, 0, 0, 0, 0, 0, 0, 0, '42459');
DELETE FROM `creature_equip_template` WHERE `CreatureID` IN (113086, 113085, 113083);
INSERT INTO `creature_equip_template` (`CreatureID`, `ID`, `ItemID1`, `AppearanceModID1`, `ItemVisual1`, `ItemID2`, `AppearanceModID2`, `ItemVisual2`, `ItemID3`, `AppearanceModID3`, `ItemVisual3`, `VerifiedBuild`) VALUES 
('113086', '1', '45085', '0', '0', '0', '0', '0', '0', '0', '0', '0'),
('113085', '1', '18680', '0', '0', '0', '0', '0', '0', '0', '0', '0'),
('113083', '1', '18680', '0', '0', '0', '0', '0', '0', '0', '0', '0');
UPDATE `creature` SET `equipment_id`='1' WHERE `id` IN (113086, 113085, 113083);
-- Dranoshar Blockade GO
SET @OGUID := 51014398;
DELETE FROM `gameobject` WHERE `guid` BETWEEN @OGUID+0 AND @OGUID+305;
INSERT INTO `gameobject` (`guid`, `id`, `map`, `zoneId`, `areaId`, `spawnDifficulties`, `phaseUseFlags`, `PhaseId`, `PhaseGroup`, `terrainSwapMap`, `position_x`, `position_y`, `position_z`, `orientation`, `rotation0`, `rotation1`, `rotation2`, `rotation3`, `spawntimesecs`, `animprogress`, `state`, `isActive`, `ScriptName`, `VerifiedBuild`) VALUES
(@OGUID+0, 259136, 1, 0, 0, 0, 0, 0, '532', -1, 1332.189, -4578.155, 27.91197, 0.4196684, 0, 0, 0, 1, 180, 255, 1, 0, '', 26972), -- 259136 (Area: 4982)
(@OGUID+1, 259136, 1, 0, 0, 0, 0, 0, '532', -1, 1330.585, -4574.76, 27.71807, 3.505733, 0, 0, 0, 1, 180, 255, 1, 0, '', 26972), -- 259136 (Area: 4982)
(@OGUID+2, 259136, 1, 0, 0, 0, 0, 0, '532', -1, 1333.882, -4582.127, 27.96392, 3.647871, 0, 0, 0, 1, 180, 255, 1, 0, '', 26972), -- 259136 (Area: 4982)
(@OGUID+3, 259136, 1, 0, 0, 0, 0, 0, '532', -1, 1335.821, -4585.689, 27.94259, 3.661113, 0, 0, 0, 1, 180, 255, 1, 0, '', 26972), -- 259136 (Area: 4982)
(@OGUID+4, 259136, 1, 0, 0, 0, 0, 0, '532', -1, 1337.934, -4589.436, 27.85041, 3.744284, 0, 0, 0, 1, 180, 255, 1, 0, '', 26972), -- 259136 (Area: 4982)
(@OGUID+5, 259122, 1, 0, 0, 0, 0, 0, '532', -1, 1327.134, -4588.177, 23.80403, 0.129959, 0, 0, 0, 1, 180, 255, 1, 0, '', 26972), -- 259122 (Area: 4982)
(@OGUID+6, 259122, 1, 0, 0, 0, 0, 0, '532', -1, 1328.311, -4590.432, 23.81986, 1.166294, 0, 0, 0, 1, 180, 255, 1, 0, '', 26972), -- 259122 (Area: 4982)
(@OGUID+7, 259136, 1, 0, 0, 0, 0, 0, '532', -1, 1340.299, -4593.155, 27.73594, 3.661113, 0, 0, 0, 1, 180, 255, 1, 0, '', 26972), -- 259136 (Area: 4982)
(@OGUID+8, 259136, 1, 0, 0, 0, 0, 0, '532', -1, 1342.382, -4596.894, 27.55476, 3.660154, 0, 0, 0, 1, 180, 255, 1, 0, '', 26972), -- 259136 (Area: 4982)
(@OGUID+9, 259136, 1, 0, 0, 0, 0, 0, '532', -1, 1351.493, -4611.738, 26.80792, 3.592709, 0, 0, 0, 1, 180, 255, 1, 0, '', 26972), -- 259136 (Area: 4982)
(@OGUID+10, 259136, 1, 0, 0, 0, 0, 0, '532', -1, 1349.217, -4608.153, 26.97575, 3.789594, 0, 0, 0, 1, 180, 255, 1, 0, '', 26972), -- 259136 (Area: 4982)
(@OGUID+11, 259136, 1, 0, 0, 0, 0, 0, '532', -1, 1344.543, -4600.628, 27.3489, 3.74594, 0, 0, 0, 1, 180, 255, 1, 0, '', 26972), -- 259136 (Area: 4982)
(@OGUID+12, 259122, 1, 0, 0, 0, 0, 0, '532', -1, 1333.958, -4599.229, 23.91749, 0.0002288818, 0, 0, 0, 1, 180, 255, 1, 0, '', 26972), -- 259122 (Area: 4982)
(@OGUID+13, 259136, 1, 0, 0, 0, 0, 0, '532', -1, 1346.889, -4604.452, 27.16175, 0.5044938, 0, 0, 0, 1, 180, 255, 1, 0, '', 26972), -- 259136 (Area: 4982)
(@OGUID+14, 259122, 1, 0, 0, 0, 0, 0, '532', -1, 1341.849, -4612.321, 23.95294, 2.85851, 0, 0, 0, 1, 180, 255, 1, 0, '', 26972), -- 259122 (Area: 4982)
(@OGUID+15, 259136, 1, 0, 0, 0, 0, 0, '532', -1, 1354.056, -4615.299, 26.72917, 3.829113, 0, 0, 0, 1, 180, 255, 1, 0, '', 26972), -- 259136 (Area: 4982)
(@OGUID+16, 259136, 1, 0, 0, 0, 0, 0, '532', -1, 1356.576, -4618.696, 26.71882, 3.74594, 0, 0, 0, 1, 180, 255, 1, 0, '', 26972), -- 259136 (Area: 4982)
(@OGUID+17, 259136, 1, 0, 0, 0, 0, 0, '532', -1, 1359.227, -4622.397, 26.76429, 0.5277655, 0, 0, 0, 1, 180, 255, 1, 0, '', 26972), -- 259136 (Area: 4982)
(@OGUID+18, 259122, 1, 0, 0, 0, 0, 0, '532', -1, 1350.056, -4623.908, 24.67573, 4.426208, 0, 0, 0, 1, 180, 255, 1, 0, '', 26972), -- 259122 (Area: 4982)
(@OGUID+19, 259122, 1, 0, 0, 0, 0, 0, '532', -1, 1358.285, -4634.866, 25.44497, 4.39671, 0, 0, 0, 1, 180, 255, 1, 0, '', 26972), -- 259122 (Area: 4982)
(@OGUID+20, 259136, 1, 0, 0, 0, 0, 0, '532', -1, 1370.42, -4634.5, 27.89787, 3.981182, 0, 0, 0, 1, 180, 255, 1, 0, '', 26972), -- 259136 (Area: 4982)
(@OGUID+21, 259136, 1, 0, 0, 0, 0, 0, '532', -1, 1361.927, -4625.924, 26.93056, 3.981182, 0, 0, 0, 1, 180, 255, 1, 0, '', 26972), -- 259136 (Area: 4982)
(@OGUID+22, 259136, 1, 0, 0, 0, 0, 0, '532', -1, 1364.693, -4628.793, 27.2596, 0.7397355, 0, 0, 0, 1, 180, 255, 1, 0, '', 26972), -- 259136 (Area: 4982)
(@OGUID+23, 259136, 1, 0, 0, 0, 0, 0, '532', -1, 1367.359, -4631.696, 27.5296, 3.981182, 0, 0, 0, 1, 180, 255, 1, 0, '', 26972), -- 259136 (Area: 4982)
(@OGUID+24, 259136, 1, 0, 0, 0, 0, 0, '532', -1, 1373.74, -4637.372, 28.2934, 4.064352, 0, 0, 0, 1, 180, 255, 1, 0, '', 26972), -- 259136 (Area: 4982)
(@OGUID+25, 259136, 1, 0, 0, 0, 0, 0, '532', -1, 1376.983, -4640.088, 28.60764, 3.981182, 0, 0, 0, 1, 180, 255, 1, 0, '', 26972), -- 259136 (Area: 4982)
(@OGUID+26, 259136, 1, 0, 0, 0, 0, 0, '532', -1, 1380.349, -4642.724, 29.20313, 0.7630072, 0, 0, 0, 1, 180, 255, 1, 0, '', 26972), -- 259136 (Area: 4982)
(@OGUID+27, 259122, 1, 0, 0, 0, 0, 0, '532', -1, 1359.359, -4637.116, 25.60865, 2.890438, 0, 0, 0, 1, 180, 255, 1, 0, '', 26972), -- 259122 (Area: 4982)
(@OGUID+28, 257674, 1, 0, 0, 0, 0, 0, '532', -1, 1339.99, -4488.981, 25.97256, 4.188792, 0, 0, 0, 1, 180, 255, 1, 0, '', 26972), -- 257674 (Area: 4982)
(@OGUID+29, 257676, 1, 0, 0, 0, 0, 0, '532', -1, 1340.026, -4487.094, 27.84586, 0.2792535, 0, 0, 0, 1, 180, 255, 1, 0, '', 26972), -- 257676 (Area: 4982)
(@OGUID+30, 257677, 1, 0, 0, 0, 0, 0, '532', -1, 1338.573, -4487.99, 25.93445, 3.001951, 0, 0, 0, 1, 180, 255, 1, 0, '', 26972), -- 257677 (Area: 4982)
(@OGUID+31, 257679, 1, 0, 0, 0, 0, 0, '532', -1, 1334.189, -4478.634, 25.2768, 2.015852, 0, 0, 0, 1, 180, 255, 1, 0, '', 26972), -- 257679 Template Object: pandaren table (Area: 4982)
(@OGUID+32, 257681, 1, 0, 0, 0, 0, 0, '532', -1, 1343.064, -4484.198, 25.7962, 5.785768, 0, 0, 0, 1, 180, 255, 1, 0, '', 26972), -- 257681 (Area: 4982)
(@OGUID+33, 257682, 1, 0, 0, 0, 0, 0, '532', -1, 1339.22, -4486.309, 25.87538, 3.918266, 0, 0, 0, 1, 180, 255, 1, 0, '', 26972), -- 257682 (Area: 4982)
(@OGUID+34, 257683, 1, 0, 0, 0, 0, 0, '532', -1, 1339.568, -4486.385, 26.01501, 0.9599305, 0, 0, 0, 1, 180, 255, 1, 0, '', 26972), -- 257683 (Area: 4982)
(@OGUID+35, 257684, 1, 0, 0, 0, 0, 0, '532', -1, 1339.674, -4486.182, 26.50987, 3.735016, 0, 0, 0, 1, 180, 255, 1, 0, '', 26972), -- 257684 (Area: 4982)
(@OGUID+36, 257685, 1, 0, 0, 0, 0, 0, '532', -1, 1338.58, -4487.018, 26.64448, 1.474801, 0, 0, 0, 1, 180, 255, 1, 0, '', 26972), -- 257685 (Area: 4982)
(@OGUID+37, 257689, 1, 0, 0, 0, 0, 0, '532', -1, 1330.809, -4482.75, 25.20742, 2.949595, 0, 0, 0, 1, 180, 255, 1, 0, '', 26972), -- 257689 (Area: 4982)
(@OGUID+38, 257690, 1, 0, 0, 0, 0, 0, '532', -1, 1331.222, -4488.337, 25.63617, 3.412122, 0, 0, 0, 1, 180, 255, 1, 0, '', 26972), -- 257690 (Area: 4982)
(@OGUID+39, 257631, 1, 0, 0, 0, 0, 0, '532', -1, 1298.854, -4578.059, 22.59417, 2.050247, 0, 0, 0, 1, 180, 255, 1, 0, '', 26972), -- 257631 (Area: 4982)
(@OGUID+40, 257636, 1, 0, 0, 0, 0, 0, '532', -1, 1305.189, -4581.194, 23.13534, 3.144958, 0, 0, 0, 1, 180, 255, 1, 0, '', 26972), -- 257636 (Area: 4982)
(@OGUID+41, 257661, 1, 0, 0, 0, 0, 0, '532', -1, 1338.033, -4494.272, 27.3645, 3.665196, 0, 0, 0, 1, 180, 255, 1, 0, '', 26972), -- 257661 (Area: 4982)
(@OGUID+42, 257663, 1, 0, 0, 0, 0, 0, '532', -1, 1341.785, -4492.514, 26.28195, 1.884952, 0, 0, 0, 1, 180, 255, 1, 0, '', 26972), -- 257663 (Area: 4982)
(@OGUID+43, 257675, 1, 0, 0, 0, 0, 0, '532', -1, 1338.024, -4494.672, 26.26522, 4.546585, 0, 0, 0, 1, 180, 255, 1, 0, '', 26972), -- 257675 (Area: 4982)
(@OGUID+44, 259120, 1, 0, 0, 0, 0, 0, '532', -1, 1316.826, -4524.604, 22.2615, 3.595646, 0, 0, 0, 1, 180, 255, 1, 0, '', 26972), -- 259120 (Area: 4982)
(@OGUID+45, 259121, 1, 0, 0, 0, 0, 0, '532', -1, 1322.997, -4533.387, 26.13039, 5.287054, 0, 0, 0, 1, 180, 255, 1, 0, '', 26972), -- 259121 (Area: 4982)
(@OGUID+46, 259121, 1, 0, 0, 0, 0, 0, '532', -1, 1324.057, -4520.564, 26.97343, 3.378441, 0, 0, 0, 1, 180, 255, 1, 0, '', 26972), -- 259121 (Area: 4982)
(@OGUID+47, 259121, 1, 0, 0, 0, 0, 0, '532', -1, 1318.245, -4527.679, 26.68564, 3.786641, 0, 0, 0, 1, 180, 255, 1, 0, '', 26972), -- 259121 (Area: 4982)
(@OGUID+48, 257630, 1, 0, 0, 0, 0, 0, '532', -1, 1298.759, -4586.674, 22.59539, 1.685183, 0, 0, 0, 1, 180, 255, 1, 0, '', 26972), -- 257630 (Area: 4982)
(@OGUID+49, 257633, 1, 0, 0, 0, 0, 0, '532', -1, 1298.589, -4586.257, 22.67394, 0.2737603, 0, 0, 0, 1, 180, 255, 1, 0, '', 26972), -- 257633 (Area: 4982)
(@OGUID+50, 257638, 1, 0, 0, 0, 0, 0, '532', -1, 1307.052, -4587.768, 23.31731, 5.037835, 0, 0, 0, 1, 180, 255, 1, 0, '', 26972), -- 257638 (Area: 4982)
(@OGUID+51, 257639, 1, 0, 0, 0, 0, 0, '532', -1, 1300.155, -4582.804, 22.77579, 3.404345, 0, 0, 0, 1, 180, 255, 1, 0, '', 26972), -- 257639 (Area: 4982)
(@OGUID+52, 257640, 1, 0, 0, 0, 0, 0, '532', -1, 1302.135, -4587.502, 22.95659, 2.776268, 0, 0, 0, 1, 180, 255, 1, 0, '', 26972), -- 257640 (Area: 4982)
(@OGUID+53, 257641, 1, 0, 0, 0, 0, 0, '532', -1, 1300.642, -4586.948, 23.68007, 4.84674, 0, 0, 0, 1, 180, 255, 1, 0, '', 26972), -- 257641 (Area: 4982)
(@OGUID+54, 257642, 1, 0, 0, 0, 0, 0, '532', -1, 1308.318, -4587.021, 23.46106, 3.394674, 0, 0, 0, 1, 180, 255, 1, 0, '', 26972), -- 257642 (Area: 4982)
(@OGUID+55, 257643, 1, 0, 0, 0, 0, 0, '532', -1, 1308.46, -4587.162, 23.42197, 2.367481, 0, 0, 0, 1, 180, 255, 1, 0, '', 26972), -- 257643 (Area: 4982)
(@OGUID+56, 257644, 1, 0, 0, 0, 0, 0, '532', -1, 1307.082, -4591.495, 24.36177, 5.395772, 0, 0, 0, 1, 180, 255, 1, 0, '', 26972), -- 257644 (Area: 4982)
(@OGUID+57, 257645, 1, 0, 0, 0, 0, 0, '532', -1, 1307.481, -4591.332, 23.47906, 5.662628, 0, 0, 0, 1, 180, 255, 1, 0, '', 26972), -- 257645 (Area: 4982)
(@OGUID+58, 257646, 1, 0, 0, 0, 0, 0, '532', -1, 1308.451, -4590.135, 23.61277, 1.341658, 0, 0, 0, 1, 180, 255, 1, 0, '', 26972), -- 257646 (Area: 4982)
(@OGUID+59, 257647, 1, 0, 0, 0, 0, 0, '532', -1, 1308.281, -4590.226, 24.54948, 1.837334, 0, 0, 0, 1, 180, 255, 1, 0, '', 26972), -- 257647 (Area: 4982)
(@OGUID+60, 257649, 1, 0, 0, 0, 0, 0, '532', -1, 1309.095, -4591.431, 23.64162, 5.78958, 0, 0, 0, 1, 180, 255, 1, 0, '', 26972), -- 257649 (Area: 4982)
(@OGUID+61, 257650, 1, 0, 0, 0, 0, 0, '532', -1, 1302.026, -4588.622, 22.87826, 4.059603, 0, 0, 0, 1, 180, 255, 1, 0, '', 26972), -- 257650 (Area: 4982)
(@OGUID+62, 257651, 1, 0, 0, 0, 0, 0, '532', -1, 1302.616, -4590.162, 23.00826, 0.1921718, 0, 0, 0, 1, 180, 255, 1, 0, '', 26972), -- 257651 (Area: 4982)
(@OGUID+63, 257654, 1, 0, 0, 0, 0, 0, '532', -1, 1293.288, -4581.469, 21.84668, 2.295803, 0, 0, 0, 1, 180, 255, 1, 0, '', 26972), -- 257654 (Area: 4982)
(@OGUID+64, 257655, 1, 0, 0, 0, 0, 0, '532', -1, 1296.205, -4586.646, 22.31057, 0.4363321, 0, 0, 0, 1, 180, 255, 1, 0, '', 26972), -- 257655 (Area: 4982)
(@OGUID+65, 257656, 1, 0, 0, 0, 0, 0, '532', -1, 1295.646, -4583.846, 22.0892, 3.385947, 0, 0, 0, 1, 180, 255, 1, 0, '', 26972), -- 257656 (Area: 4982)
(@OGUID+66, 257628, 1, 0, 0, 0, 0, 0, '532', -1, 1312.498, -4609.694, 23.76118, 3.630291, 0, 0, 0, 1, 180, 255, 1, 0, '', 26972), -- 257628 (Area: 4982)
(@OGUID+67, 257632, 1, 0, 0, 0, 0, 0, '532', -1, 1303.326, -4592.537, 21.2428, 1.481916, 0, 0, 0, 1, 180, 255, 1, 0, '', 26972), -- 257632 (Area: 4982)
(@OGUID+68, 257634, 1, 0, 0, 0, 0, 0, '532', -1, 1303.924, -4593, 23.15407, 0.8402134, 0, 0, 0, 1, 180, 255, 1, 0, '', 26972), -- 257634 (Area: 4982)
(@OGUID+69, 257635, 1, 0, 0, 0, 0, 0, '532', -1, 1302.507, -4593.111, 23.49759, 0.6253374, 0, 0, 0, 1, 180, 255, 1, 0, '', 26972), -- 257635 (Area: 4982)
(@OGUID+70, 257637, 1, 0, 0, 0, 0, 0, '532', -1, 1304.09, -4593.668, 23.16911, 3.362346, 0, 0, 0, 1, 180, 255, 1, 0, '', 26972), -- 257637 (Area: 4982)
(@OGUID+71, 257648, 1, 0, 0, 0, 0, 0, '532', -1, 1301.911, -4591.285, 22.83781, 2.65354, 0, 0, 0, 1, 180, 255, 1, 0, '', 26972), -- 257648 (Area: 4982)
(@OGUID+72, 257652, 1, 0, 0, 0, 0, 0, '532', -1, 1303.377, -4594.144, 24.99971, 0.4646293, 0, 0, 0, 1, 180, 255, 1, 0, '', 26972), -- 257652 (Area: 4982)
(@OGUID+73, 257653, 1, 0, 0, 0, 0, 0, '532', -1, 1303.089, -4594.316, 22.94157, 1.119414, 0, 0, 0, 1, 180, 255, 1, 0, '', 26972), -- 257653 (Area: 4982)
(@OGUID+74, 257657, 1, 0, 0, 0, 0, 0, '532', -1, 1299.778, -4589.507, 22.44601, 5.506515, 0, 0, 0, 1, 180, 255, 1, 0, '', 26972), -- 257657 (Area: 4982)
(@OGUID+75, 257812, 1, 0, 0, 0, 0, 0, '532', -1, 1309.115, -4608.915, 24.59301, 2.888511, 0, 0, 0, 1, 180, 255, 1, 0, '', 26972), -- 257812 (Area: 4982)
(@OGUID+76, 257814, 1, 0, 0, 0, 0, 0, '532', -1, 1309.517, -4609.719, 23.64236, 2.487088, 0, 0, 0, 1, 180, 255, 1, 0, '', 26972), -- 257814 (Area: 4982)
(@OGUID+77, 257826, 1, 0, 0, 0, 0, 0, '532', -1, 1309.925, -4609.444, 23.64461, 5.43061, 0, 0, 0, 1, 180, 255, 1, 0, '', 26972), -- 257826 (Area: 4982)
(@OGUID+78, 257828, 1, 0, 0, 0, 0, 0, '532', -1, 1311.988, -4610.019, 23.73694, 0.5672312, 0, 0, 0, 1, 180, 255, 1, 0, '', 26972), -- 257828 (Area: 4982)
(@OGUID+79, 257621, 1, 0, 0, 0, 0, 0, '532', -1, 1312.528, -4615.518, 23.74314, 4.677486, 0, 0, 0, 1, 180, 255, 1, 0, '', 26972), -- 257621 (Area: 4982)
(@OGUID+80, 257622, 1, 0, 0, 0, 0, 0, '532', -1, 1310.161, -4612.995, 24.4428, 5.75121, 0, 0, 0, 1, 180, 255, 1, 0, '', 26972), -- 257622 (Area: 4982)
(@OGUID+81, 257623, 1, 0, 0, 0, 0, 0, '532', -1, 1309.87, -4612.783, 24.47525, 0.1919852, 0, 0, 0, 1, 180, 255, 1, 0, '', 26972), -- 257623 (Area: 4982)
(@OGUID+82, 257626, 1, 0, 0, 0, 0, 0, '532', -1, 1310.629, -4612.974, 23.59814, 5.681047, 0, 0, 0, 1, 180, 255, 1, 0, '', 26972), -- 257626 (Area: 4982)
(@OGUID+83, 257627, 1, 0, 0, 0, 0, 0, '532', -1, 1311.925, -4611.486, 23.75113, 2.923416, 0, 0, 0, 1, 180, 255, 1, 0, '', 26972), -- 257627 (Area: 4982)
(@OGUID+84, 257629, 1, 0, 0, 0, 0, 0, '532', -1, 1311.84, -4610.896, 23.75388, 3.159062, 0, 0, 0, 1, 180, 255, 1, 0, '', 26972), -- 257629 (Area: 4982)
(@OGUID+85, 258974, 1, 0, 0, 0, 0, 0, '532', -1, 1309.806, -4614.188, 23.91595, 1.003563, 0, 0, 0, 1, 180, 255, 1, 0, '', 26972), -- 258974 (Area: 4982)
(@OGUID+86, 258975, 1, 0, 0, 0, 0, 0, '532', -1, 1308.486, -4609.91, 24.54805, 2.382372, 0, 0, 0, 1, 180, 255, 1, 0, '', 26972), -- 258975 (Area: 4982)
(@OGUID+87, 257815, 1, 0, 0, 0, 0, 0, '532', -1, 1309.149, -4611.103, 24.40113, 4.093147, 0, 0, 0, 1, 180, 255, 1, 0, '', 26972), -- 257815 (Area: 4982)
(@OGUID+88, 257816, 1, 0, 0, 0, 0, 0, '532', -1, 1308.514, -4609.535, 24.52351, 5.227261, 0, 0, 0, 1, 180, 255, 1, 0, '', 26972), -- 257816 (Area: 4982)
(@OGUID+89, 257817, 1, 0, 0, 0, 0, 0, '532', -1, 1322.493, -4615.644, 24.01664, 5.393068, 0, 0, 0, 1, 180, 255, 1, 0, '', 26972), -- 257817 (Area: 4982)
(@OGUID+90, 257818, 1, 0, 0, 0, 0, 0, '532', -1, 1309.535, -4612.08, 24.49984, 3.665193, 0, 0, 0, 1, 180, 255, 1, 0, '', 26972), -- 257818 (Area: 4982)
(@OGUID+91, 257819, 1, 0, 0, 0, 0, 0, '532', -1, 1320.693, -4615.569, 23.99928, 4.180066, 0, 0, 0, 1, 180, 255, 1, 0, '', 26972), -- 257819 (Area: 4982)
(@OGUID+92, 257820, 1, 0, 0, 0, 0, 0, '532', -1, 1321.101, -4615.66, 24.24848, 2.181659, 0, 0, 0, 1, 180, 255, 1, 0, '', 26972), -- 257820 (Area: 4982)
(@OGUID+93, 257821, 1, 0, 0, 0, 0, 0, '532', -1, 1321.295, -4615.615, 24.01877, 2.879788, 0, 0, 0, 1, 180, 255, 1, 0, '', 26972), -- 257821 (Area: 4982)
(@OGUID+94, 257822, 1, 0, 0, 0, 0, 0, '532', -1, 1321.016, -4615.397, 24.00101, 1.11701, 0, 0, 0, 1, 180, 255, 1, 0, '', 26972), -- 257822 (Area: 4982)
(@OGUID+95, 257823, 1, 0, 0, 0, 0, 0, '532', -1, 1322.347, -4614.78, 24.00796, 0.5846829, 0, 0, 0, 1, 180, 255, 1, 0, '', 26972), -- 257823 (Area: 4982)
(@OGUID+96, 257824, 1, 0, 0, 0, 0, 0, '532', -1, 1322.083, -4614.672, 24.00275, 1.500982, 0, 0, 0, 1, 180, 255, 1, 0, '', 26972), -- 257824 (Area: 4982)
(@OGUID+97, 257825, 1, 0, 0, 0, 0, 0, '532', -1, 1311.392, -4610.776, 23.69474, 1.858774, 0, 0, 0, 1, 180, 255, 1, 0, '', 26972), -- 257825 (Area: 4982)
(@OGUID+98, 257827, 1, 0, 0, 0, 0, 0, '532', -1, 1311.314, -4610.191, 23.76208, 5.593782, 0, 0, 0, 1, 180, 255, 1, 0, '', 26972), -- 257827 (Area: 4982)
(@OGUID+99, 257829, 1, 0, 0, 0, 0, 0, '532', -1, 1311.811, -4611.182, 23.74867, 1.649336, 0, 0, 0, 1, 180, 255, 1, 0, '', 26972), -- 257829 (Area: 4982)
(@OGUID+100, 257830, 1, 0, 0, 0, 0, 0, '532', -1, 1311.314, -4610.389, 23.73203, 4.01426, 0, 0, 0, 1, 180, 255, 1, 0, '', 26972), -- 257830 (Area: 4982)
(@OGUID+101, 257619, 1, 0, 0, 0, 0, 0, '532', -1, 1315.823, -4617.689, 23.93804, 3.185277, 0, 0, 0, 1, 180, 255, 1, 0, '', 26972), -- 257619 (Area: 4982)
(@OGUID+102, 257620, 1, 0, 0, 0, 0, 0, '532', -1, 1315.83, -4617.689, 24.11642, 0.56723, 0, 0, 0, 1, 180, 255, 1, 0, '', 26972), -- 257620 (Area: 4982)
(@OGUID+103, 257769, 1, 0, 0, 0, 0, 0, '532', -1, 1316.149, -4620.2, 24.18412, 4.153885, 0, 0, 0, 1, 180, 255, 1, 0, '', 26972), -- 257769 (Area: 4982)
(@OGUID+104, 257770, 1, 0, 0, 0, 0, 0, '532', -1, 1316.163, -4620.2, 24.00575, 2.591809, 0, 0, 0, 1, 180, 255, 1, 0, '', 26972), -- 257770 (Area: 4982)
(@OGUID+105, 257771, 1, 0, 0, 0, 0, 0, '532', -1, 1320.431, -4624.099, 24.08782, 1.11701, 0, 0, 0, 1, 180, 255, 1, 0, '', 26972), -- 257771 (Area: 4982)
(@OGUID+106, 257772, 1, 0, 0, 0, 0, 0, '532', -1, 1315.738, -4619.528, 24.00622, 0.7941232, 0, 0, 0, 1, 180, 255, 1, 0, '', 26972), -- 257772 (Area: 4982)
(@OGUID+107, 257773, 1, 0, 0, 0, 0, 0, '532', -1, 1318.714, -4624.965, 24.09113, 2.094393, 0, 0, 0, 1, 180, 255, 1, 0, '', 26972), -- 257773 (Area: 4982)
(@OGUID+108, 257774, 1, 0, 0, 0, 0, 0, '532', -1, 1320.771, -4625.295, 24.0959, 4.162612, 0, 0, 0, 1, 180, 255, 1, 0, '', 26972), -- 257774 (Area: 4982)
(@OGUID+109, 257775, 1, 0, 0, 0, 0, 0, '532', -1, 1318.957, -4623.219, 24.08074, 1.762782, 0, 0, 0, 1, 180, 255, 1, 0, '', 26972), -- 257775 (Area: 4982)
(@OGUID+110, 257776, 1, 0, 0, 0, 0, 0, '532', -1, 1319.925, -4624.493, 24.09126, 1.178096, 0, 0, 0, 1, 180, 255, 1, 0, '', 26972), -- 257776 (Area: 4982)
(@OGUID+111, 257810, 1, 0, 0, 0, 0, 0, '532', -1, 1318.585, -4623.846, 24.08027, 4.729844, 0, 0, 0, 1, 180, 255, 1, 0, '', 26972), -- 257810 (Area: 4982)
(@OGUID+112, 257811, 1, 0, 0, 0, 0, 0, '532', -1, 1318.938, -4626.213, 25.43129, 0.5846848, 0, 0, 0, 1, 180, 255, 1, 0, '', 26972), -- 257811 (Area: 4982)
(@OGUID+113, 257813, 1, 0, 0, 0, 0, 0, '532', -1, 1314.391, -4619.561, 23.9886, 3.124123, 0, 0, 0, 1, 180, 255, 1, 0, '', 26972), -- 257813 (Area: 4982)
(@OGUID+114, 257831, 1, 0, 0, 0, 0, 0, '532', -1, 1314.137, -4618.198, 23.91568, 2.146753, 0, 0, 0, 1, 180, 255, 1, 0, '', 26972), -- 257831 (Area: 4982)
(@OGUID+115, 257832, 1, 0, 0, 0, 0, 0, '532', -1, 1315.535, -4621.056, 24.04068, 1.518436, 0, 0, 0, 1, 180, 255, 1, 0, '', 26972), -- 257832 (Area: 4982)
(@OGUID+116, 257833, 1, 0, 0, 0, 0, 0, '532', -1, 1317.101, -4624.384, 26.39431, 0.6370431, 0, 0, 0, 1, 180, 255, 1, 0, '', 26972), -- 257833 (Area: 4982)
(@OGUID+117, 257834, 1, 0, 0, 0, 0, 0, '532', -1, 1313.569, -4616.139, 23.8055, 0.1308992, 0, 0, 0, 1, 180, 255, 1, 0, '', 26972), -- 257834 (Area: 4982)
(@OGUID+118, 257835, 1, 0, 0, 0, 0, 0, '532', -1, 1314.764, -4619.073, 23.98007, 3.255041, 0, 0, 0, 1, 180, 255, 1, 0, '', 26972), -- 257835 (Area: 4982)
(@OGUID+119, 257777, 1, 0, 0, 0, 0, 0, '532', -1, 1379.557, -4677.26, 28.13859, 0.4372952, 0, 0, 0, 1, 180, 255, 1, 0, '', 26972), -- 257777 (Area: 4982)
(@OGUID+120, 257778, 1, 0, 0, 0, 0, 0, '532', -1, 1375.715, -4678.877, 28.00731, 5.183628, 0, 0, 0, 1, 180, 255, 1, 0, '', 26972), -- 257778 (Area: 4982)
(@OGUID+121, 257779, 1, 0, 0, 0, 0, 0, '532', -1, 1377.24, -4671.003, 28.55323, 1.361356, 0, 0, 0, 1, 180, 255, 1, 0, '', 26972), -- 257779 (Area: 4982)
(@OGUID+122, 257792, 1, 0, 0, 0, 0, 0, '532', -1, 1381.8, -4676.268, 28.14632, 3.621566, 0, 0, 0, 1, 180, 255, 1, 0, '', 26972), -- 257792 (Area: 4982)
(@OGUID+123, 257781, 1, 0, 0, 0, 0, 0, '532', -1, 1375.38, -4677.693, 28.88142, 6.27446, 0, 0, 0, 1, 180, 255, 1, 0, '', 26972), -- 257781 (Area: 4982)
(@OGUID+124, 257793, 1, 0, 0, 0, 0, 0, '532', -1, 1376.405, -4672.281, 27.64285, 4.258605, 0, 0, 0, 1, 180, 255, 1, 0, '', 26972), -- 257793 (Area: 4982)
(@OGUID+125, 257782, 1, 0, 0, 0, 0, 0, '532', -1, 1375.307, -4677.707, 29.12689, 4.529131, 0, 0, 0, 1, 180, 255, 1, 0, '', 26972), -- 257782 (Area: 4982)
(@OGUID+126, 257783, 1, 0, 0, 0, 0, 0, '532', -1, 1376.465, -4672.252, 28.57342, 2.67908, 0, 0, 0, 1, 180, 255, 1, 0, '', 26972), -- 257783 (Area: 4982)
(@OGUID+127, 257784, 1, 0, 0, 0, 0, 0, '532', -1, 1375.413, -4677.75, 29.04987, 4.433136, 0, 0, 0, 1, 180, 255, 1, 0, '', 26972), -- 257784 (Area: 4982)
(@OGUID+128, 257785, 1, 0, 0, 0, 0, 0, '532', -1, 1380.241, -4672.255, 27.67415, 0.654497, 0, 0, 0, 1, 180, 255, 1, 0, '', 26972), -- 257785 (Area: 4982)
(@OGUID+129, 257787, 1, 0, 0, 0, 0, 0, '532', -1, 1376.997, -4671.597, 28.52319, 3.342308, 0, 0, 0, 1, 180, 255, 1, 0, '', 26972), -- 257787 (Area: 4982)
(@OGUID+130, 257788, 1, 0, 0, 0, 0, 0, '532', -1, 1375.905, -4680.149, 28.91143, 0.2879775, 0, 0, 0, 1, 180, 255, 1, 0, '', 26972), -- 257788 (Area: 4982)
(@OGUID+131, 257791, 1, 0, 0, 0, 0, 0, '532', -1, 1380.59, -4676.681, 28.03582, 3.551751, 0, 0, 0, 1, 180, 255, 1, 0, '', 26972), -- 257791 (Area: 4982)
(@OGUID+132, 257807, 1, 0, 0, 0, 0, 0, '532', -1, 1362.505, -4680.463, 28.38663, 1.937316, 0, 0, 0, 1, 180, 255, 1, 0, '', 26972), -- 257807 (Area: 4982)
(@OGUID+133, 251289, 1, 0, 0, 0, 0, 0, '532', -1, 1353.167, -4666.983, 26.69845, 1.353583, 0, 0, 0, 1, 180, 255, 1, 0, '', 26972), -- 251289 (Area: 4982)
(@OGUID+134, 259138, 1, 0, 0, 0, 0, 0, '532', -1, 1319.335, -4657.226, 22.32805, 0.9058984, 0, 0, 0, 1, 180, 255, 1, 0, '', 26972), -- 259138 (Area: 4982)
(@OGUID+135, 259146, 1, 0, 0, 0, 0, 0, '532', -1, 1340.99, -4663.957, 25.07216, 3.379113, 0, 0, 0, 1, 180, 255, 1, 0, '', 26972), -- 259146 (Area: 4982)
(@OGUID+136, 257758, 1, 0, 0, 0, 0, 0, '532', -1, 1362.188, -4728.596, 28.2174, 1.928586, 0, 0, 0, 1, 180, 255, 1, 0, '', 26972), -- 257758 (Area: 4982)
(@OGUID+137, 257780, 1, 0, 0, 0, 0, 0, '532', -1, 1381.681, -4682.787, 29.28754, 2.251473, 0, 0, 0, 1, 180, 255, 1, 0, '', 26972), -- 257780 (Area: 4982)
(@OGUID+138, 257794, 1, 0, 0, 0, 0, 0, '532', -1, 1381.498, -4682.793, 29.28296, 1.841321, 0, 0, 0, 1, 180, 255, 1, 0, '', 26972), -- 257794 (Area: 4982)
(@OGUID+139, 257795, 1, 0, 0, 0, 0, 0, '532', -1, 1380.543, -4682.509, 28.30758, 5.803221, 0, 0, 0, 1, 180, 255, 1, 0, '', 26972), -- 257795 (Area: 4982)
(@OGUID+140, 257796, 1, 0, 0, 0, 0, 0, '532', -1, 1380.542, -4682.448, 29.23203, 2.626719, 0, 0, 0, 1, 180, 255, 1, 0, '', 26972), -- 257796 (Area: 4982)
(@OGUID+141, 257797, 1, 0, 0, 0, 0, 0, '532', -1, 1381.559, -4682.944, 29.28984, 1.213002, 0, 0, 0, 1, 180, 255, 1, 0, '', 26972), -- 257797 (Area: 4982)
(@OGUID+142, 257786, 1, 0, 0, 0, 0, 0, '532', -1, 1382.535, -4681.323, 28.33387, 4.73857, 0, 0, 0, 1, 180, 255, 1, 0, '', 26972), -- 257786 (Area: 4982)
(@OGUID+143, 257798, 1, 0, 0, 0, 0, 0, '532', -1, 1379.559, -4681.524, 29.17997, 6.265733, 0, 0, 0, 1, 180, 255, 1, 0, '', 26972), -- 257798 (Area: 4982)
(@OGUID+144, 257799, 1, 0, 0, 0, 0, 0, '532', -1, 1381.877, -4683.338, 29.30634, 1.213002, 0, 0, 0, 1, 180, 255, 1, 0, '', 26972), -- 257799 (Area: 4982)
(@OGUID+145, 257800, 1, 0, 0, 0, 0, 0, '532', -1, 1362.46, -4684.849, 28.38308, 4.790928, 0, 0, 0, 1, 180, 255, 1, 0, '', 26972), -- 257800 (Area: 4982)
(@OGUID+146, 257789, 1, 0, 0, 0, 0, 0, '532', -1, 1381.927, -4682.677, 29.29492, 3.141593, 0, 0, 0, 1, 180, 255, 1, 0, '', 26972), -- 257789 (Area: 4982)
(@OGUID+147, 257801, 1, 0, 0, 0, 0, 0, '532', -1, 1363.962, -4681.54, 28.31261, 5.689774, 0, 0, 0, 1, 180, 255, 1, 0, '', 26972), -- 257801 (Area: 4982)
(@OGUID+148, 257790, 1, 0, 0, 0, 0, 0, '532', -1, 1381.873, -4683.03, 29.3001, 3.141593, 0, 0, 0, 1, 180, 255, 1, 0, '', 26972), -- 257790 (Area: 4982)
(@OGUID+149, 257802, 1, 0, 0, 0, 0, 0, '532', -1, 1364.332, -4681.58, 28.17354, 3.909547, 0, 0, 0, 1, 180, 255, 1, 0, '', 26972), -- 257802 (Area: 4982)
(@OGUID+150, 257803, 1, 0, 0, 0, 0, 0, '532', -1, 1364.672, -4682.476, 28.28136, 1.274091, 0, 0, 0, 1, 180, 255, 1, 0, '', 26972), -- 257803 (Area: 4982)
(@OGUID+151, 257804, 1, 0, 0, 0, 0, 0, '532', -1, 1364.962, -4681.936, 28.24317, 5.855581, 0, 0, 0, 1, 180, 255, 1, 0, '', 26972), -- 257804 (Area: 4982)
(@OGUID+152, 257805, 1, 0, 0, 0, 0, 0, '532', -1, 1364.556, -4682.005, 28.27442, 4.302239, 0, 0, 0, 1, 180, 255, 1, 0, '', 26972), -- 257805 (Area: 4982)
(@OGUID+153, 257806, 1, 0, 0, 0, 0, 0, '532', -1, 1361.788, -4683.083, 29.51837, 1.998399, 0, 0, 0, 1, 180, 255, 1, 0, '', 26972), -- 257806 (Area: 4982)
(@OGUID+154, 257808, 1, 0, 0, 0, 0, 0, '532', -1, 1362.905, -4681.38, 28.34497, 2.8187, 0, 0, 0, 1, 180, 255, 1, 0, '', 26972), -- 257808 (Area: 4982)
(@OGUID+155, 257809, 1, 0, 0, 0, 0, 0, '532', -1, 1364.505, -4681.729, 28.24458, 3.918266, 0, 0, 0, 1, 180, 255, 1, 0, '', 26972), -- 257809 (Area: 4982)
(@OGUID+156, 257751, 1, 0, 0, 0, 0, 0, '532', -1, 1393.715, -4721.866, 29.48542, 2.356191, 0, 0, 0, 1, 180, 255, 1, 0, '', 26972), -- 257751 (Area: 4982)
(@OGUID+157, 257752, 1, 0, 0, 0, 0, 0, '532', -1, 1394.816, -4728.59, 29.36126, 3.481941, 0, 0, 0, 1, 180, 255, 1, 0, '', 26972), -- 257752 (Area: 4982)
(@OGUID+158, 257757, 1, 0, 0, 0, 0, 0, '532', -1, 1360.882, -4726.799, 28.21046, 0.1308995, 0, 0, 0, 1, 180, 255, 1, 0, '', 26972), -- 257757 (Area: 4982)
(@OGUID+159, 257759, 1, 0, 0, 0, 0, 0, '532', -1, 1355.745, -4740.471, 28.07068, 1.631882, 0, 0, 0, 1, 180, 255, 1, 0, '', 26972), -- 257759 (Area: 4982)
(@OGUID+160, 257760, 1, 0, 0, 0, 0, 0, '532', -1, 1360.948, -4744.111, 28.08761, 3.953173, 0, 0, 0, 1, 180, 255, 1, 0, '', 26972), -- 257760 (Area: 4982)
(@OGUID+161, 257761, 1, 0, 0, 0, 0, 0, '532', -1, 1355.174, -4736.394, 28.05911, 5.192356, 0, 0, 0, 1, 180, 255, 1, 0, '', 26972), -- 257761 (Area: 4982)
(@OGUID+162, 257762, 1, 0, 0, 0, 0, 0, '532', -1, 1359.524, -4734.582, 27.98639, 4.223697, 0, 0, 0, 1, 180, 255, 1, 0, '', 26972), -- 257762 (Area: 4982)
(@OGUID+163, 257764, 1, 0, 0, 0, 0, 0, '532', -1, 1353.274, -4740.007, 28.08199, 2.268925, 0, 0, 0, 1, 180, 255, 1, 0, '', 26972), -- 257764 (Area: 4982)
(@OGUID+164, 257766, 1, 0, 0, 0, 0, 0, '532', -1, 1353.663, -4735.538, 28.04014, 0.5672306, 0, 0, 0, 1, 180, 255, 1, 0, '', 26972), -- 257766 (Area: 4982)
(@OGUID+165, 257714, 1, 0, 0, 0, 0, 0, '532', -1, 1419.639, -4733.014, 29.57297, 5.096362, 0, 0, 0, 1, 180, 255, 1, 0, '', 26972), -- 257714 (Area: 4982)
(@OGUID+166, 257715, 1, 0, 0, 0, 0, 0, '532', -1, 1413.516, -4736.507, 29.43246, 5.349435, 0, 0, 0, 1, 180, 255, 1, 0, '', 26972), -- 257715 (Area: 4982)
(@OGUID+167, 257716, 1, 0, 0, 0, 0, 0, '532', -1, 1408.712, -4741.554, 29.25675, 5.602507, 0, 0, 0, 1, 180, 255, 1, 0, '', 26972), -- 257716 (Area: 4982)
(@OGUID+168, 257721, 1, 0, 0, 0, 0, 0, '532', -1, 1419.201, -4741.026, 29.19179, 2.086211, 0, 0, 0, 1, 180, 255, 1, 0, '', 26972), -- 257721 (Area: 4982)
(@OGUID+169, 257724, 1, 0, 0, 0, 0, 0, '532', -1, 1429.828, -4738.359, 30.66183, 4.639384, 0, 0, 0, 1, 180, 255, 1, 0, '', 26972), -- 257724 (Area: 4982)
(@OGUID+170, 257732, 1, 0, 0, 0, 0, 0, '532', -1, 1406.969, -4740.92, 29.15905, 2.539448, 0, 0, 0, 1, 180, 255, 1, 0, '', 26972), -- 257732 (Area: 4982)
(@OGUID+171, 257733, 1, 0, 0, 0, 0, 0, '532', -1, 1414.464, -4740.981, 29.00317, 0.721146, 0, 0, 0, 1, 180, 255, 1, 0, '', 26972), -- 257733 (Area: 4982)
(@OGUID+172, 257734, 1, 0, 0, 0, 0, 0, '532', -1, 1411.382, -4741.465, 28.90925, 0.8069067, 0, 0, 0, 1, 180, 255, 1, 0, '', 26972), -- 257734 (Area: 4982)
(@OGUID+173, 257735, 1, 0, 0, 0, 0, 0, '532', -1, 1418.326, -4734.842, 28.61886, 2.007128, 0, 0, 0, 1, 180, 255, 1, 0, '', 26972), -- 257735 (Area: 4982)
(@OGUID+174, 257736, 1, 0, 0, 0, 0, 0, '532', -1, 1422.849, -4736.533, 29.38076, 3.592722, 0, 0, 0, 1, 180, 255, 1, 0, '', 26972), -- 257736 (Area: 4982)
(@OGUID+175, 257737, 1, 0, 0, 0, 0, 0, '532', -1, 1412.766, -4738.519, 28.43955, 2.234022, 0, 0, 0, 1, 180, 255, 1, 0, '', 26972), -- 257737 (Area: 4982)
(@OGUID+176, 257739, 1, 0, 0, 0, 0, 0, '532', -1, 1418.606, -4738.412, 29.1515, 3.646544, 0, 0, 0, 1, 180, 255, 1, 0, '', 26972), -- 257739 (Area: 4982)
(@OGUID+177, 257748, 1, 0, 0, 0, 0, 0, '532', -1, 1395.337, -4729.967, 29.08624, 1.745327, 0, 0, 0, 1, 180, 255, 1, 0, '', 26972), -- 257748 (Area: 4982)
(@OGUID+178, 257749, 1, 0, 0, 0, 0, 0, '532', -1, 1398.049, -4728.814, 29.47608, 3.333579, 0, 0, 0, 1, 180, 255, 1, 0, '', 26972), -- 257749 (Area: 4982)
(@OGUID+179, 257750, 1, 0, 0, 0, 0, 0, '532', -1, 1399.561, -4730.788, 29.46914, 2.356189, 0, 0, 0, 1, 180, 255, 1, 0, '', 26972), -- 257750 (Area: 4982)
(@OGUID+180, 257753, 1, 0, 0, 0, 0, 0, '532', -1, 1396.217, -4731.253, 29.32132, 4.869471, 0, 0, 0, 1, 180, 255, 1, 0, '', 26972), -- 257753 (Area: 4982)
(@OGUID+181, 257754, 1, 0, 0, 0, 0, 0, '532', -1, 1397.595, -4730.221, 29.41812, 4.415686, 0, 0, 0, 1, 180, 255, 1, 0, '', 26972), -- 257754 (Area: 4982)
(@OGUID+182, 257755, 1, 0, 0, 0, 0, 0, '532', -1, 1398.002, -4730.639, 29.37827, 4.616434, 0, 0, 0, 1, 180, 255, 1, 0, '', 26972), -- 257755 (Area: 4982)
(@OGUID+183, 257756, 1, 0, 0, 0, 0, 0, '532', -1, 1354.845, -4730.915, 27.99674, 2.268927, 0, 0, 0, 1, 180, 255, 1, 0, '', 26972), -- 257756 (Area: 4982)
(@OGUID+184, 257763, 1, 0, 0, 0, 0, 0, '532', -1, 1363.016, -4745.118, 28.05768, 3.49939, 0, 0, 0, 1, 180, 255, 1, 0, '', 26972), -- 257763 (Area: 4982)
(@OGUID+185, 257765, 1, 0, 0, 0, 0, 0, '532', -1, 1355.681, -4745.144, 28.05595, 3.534291, 0, 0, 0, 1, 180, 255, 1, 0, '', 26972), -- 257765 (Area: 4982)
(@OGUID+186, 257767, 1, 0, 0, 0, 0, 0, '532', -1, 1364.505, -4763.674, 27.46661, 0.1745328, 0, 0, 0, 1, 180, 255, 1, 0, '', 26972), -- 257767 (Area: 4982)
(@OGUID+187, 257768, 1, 0, 0, 0, 0, 0, '532', -1, 1361.837, -4756.438, 27.92198, 5.619961, 0, 0, 0, 1, 180, 255, 1, 0, '', 26972), -- 257768 (Area: 4982)
(@OGUID+188, 257711, 1, 0, 0, 0, 0, 0, '532', -1, 1446.12, -4755.915, 35.55278, 3.184264, 0, 0, 0, 1, 180, 255, 1, 0, '', 26972), -- 257711 (Area: 4982)
(@OGUID+189, 257713, 1, 0, 0, 0, 0, 0, '532', -1, 1445.042, -4761.441, 34.14307, 5.958128, 0, 0, 0, 1, 180, 255, 1, 0, '', 26972), -- 257713 (Area: 4982)
(@OGUID+190, 257717, 1, 0, 0, 0, 0, 0, '532', -1, 1411.255, -4758.967, 27.63694, 3.796093, 0, 0, 0, 1, 180, 255, 1, 0, '', 26972), -- 257717 (Area: 4982)
(@OGUID+191, 257718, 1, 0, 0, 0, 0, 0, '532', -1, 1404.879, -4750.03, 28.51225, 6.03884, 0, 0, 0, 1, 180, 255, 1, 0, '', 26972), -- 257718 (Area: 4982)
(@OGUID+192, 257719, 1, 0, 0, 0, 0, 0, '532', -1, 1404.354, -4757.146, 27.8182, 0, 0, 0, 0, 1, 180, 255, 1, 0, '', 26972), -- 257719 (Area: 4982)
(@OGUID+193, 257720, 1, 0, 0, 0, 0, 0, '532', -1, 1412.491, -4749.224, 28.53874, 2.844185, 0, 0, 0, 1, 180, 255, 1, 0, '', 26972), -- 257720 (Area: 4982)
(@OGUID+194, 257722, 1, 0, 0, 0, 0, 0, '532', -1, 1414.873, -4744.627, 28.88739, 5.59424, 0, 0, 0, 1, 180, 255, 1, 0, '', 26972), -- 257722 (Area: 4982)
(@OGUID+195, 257723, 1, 0, 0, 0, 0, 0, '532', -1, 1411.446, -4754.476, 28.10661, 3.106694, 0, 0, 0, 1, 180, 255, 1, 0, '', 26972), -- 257723 (Area: 4982)
(@OGUID+196, 257725, 1, 0, 0, 0, 0, 0, '532', -1, 1403.599, -4761.649, 27.18148, 5.34071, 0, 0, 0, 1, 180, 255, 1, 0, '', 26972), -- 257725 (Area: 4982)
(@OGUID+197, 257726, 1, 0, 0, 0, 0, 0, '532', -1, 1408.595, -4743.736, 28.24735, 2.548179, 0, 0, 0, 1, 180, 255, 1, 0, '', 26972), -- 257726 (Area: 4982)
(@OGUID+198, 257727, 1, 0, 0, 0, 0, 0, '532', -1, 1405.547, -4751.932, 27.51828, 2.993224, 0, 0, 0, 1, 180, 255, 1, 0, '', 26972), -- 257727 (Area: 4982)
(@OGUID+199, 257728, 1, 0, 0, 0, 0, 0, '532', -1, 1405.67, -4758.84, 26.80387, 3.228859, 0, 0, 0, 1, 180, 255, 1, 0, '', 26972), -- 257728 (Area: 4982)
(@OGUID+200, 257729, 1, 0, 0, 0, 0, 0, '532', -1, 1402.504, -4753.406, 28.01564, 1.908707, 0, 0, 0, 1, 180, 255, 1, 0, '', 26972), -- 257729 (Area: 4982)
(@OGUID+201, 257730, 1, 0, 0, 0, 0, 0, '532', -1, 1402.964, -4756.474, 27.69906, 1.544615, 0, 0, 0, 1, 180, 255, 1, 0, '', 26972), -- 257730 (Area: 4982)
(@OGUID+202, 257731, 1, 0, 0, 0, 0, 0, '532', -1, 1401.592, -4761.406, 27.34948, 1.44862, 0, 0, 0, 1, 180, 255, 1, 0, '', 26972), -- 257731 (Area: 4982)
(@OGUID+203, 257738, 1, 0, 0, 0, 0, 0, '532', -1, 1406.665, -4752.913, 27.87956, 1.586294, 0, 0, 0, 1, 180, 255, 1, 0, '', 26972), -- 257738 (Area: 4982)
(@OGUID+204, 257740, 1, 0, 0, 0, 0, 0, '532', -1, 1408.997, -4747.552, 28.38393, 1.25468, 0, 0, 0, 1, 180, 255, 1, 0, '', 26972), -- 257740 (Area: 4982)
(@OGUID+205, 257741, 1, 0, 0, 0, 0, 0, '532', -1, 1408.569, -4746.422, 28.4766, 4.226497, 0, 0, 0, 1, 180, 255, 1, 0, '', 26972), -- 257741 (Area: 4982)
(@OGUID+206, 257742, 1, 0, 0, 0, 0, 0, '532', -1, 1408.887, -4750.432, 28.12876, 1.379917, 0, 0, 0, 1, 180, 255, 1, 0, '', 26972), -- 257742 (Area: 4982)
(@OGUID+207, 257743, 1, 0, 0, 0, 0, 0, '532', -1, 1411.28, -4744.823, 28.63722, 4.150941, 0, 0, 0, 1, 180, 255, 1, 0, '', 26972), -- 257743 (Area: 4982)
(@OGUID+208, 257744, 1, 0, 0, 0, 0, 0, '532', -1, 1408.521, -4755.533, 27.71151, 1.627399, 0, 0, 0, 1, 180, 255, 1, 0, '', 26972), -- 257744 (Area: 4982)
(@OGUID+209, 254942, 1, 0, 0, 0, 0, 0, '532', -1, 1713.036, -5424.124, 0.2328534, 0.967819, 0, 0, 0, 1, 180, 255, 1, 0, '', 26972), -- 254942 (Area: 4982)
(@OGUID+210, 254942, 1, 0, 0, 0, 0, 0, '532', -1, 1742.906, -5232.292, -0.2524234, 1.405402, 0, 0, 0, 1, 180, 255, 1, 0, '', 26972), -- 254942 (Area: 4982)
(@OGUID+211, 257836, 1, 0, 0, 0, 0, 0, '532', -1, 1426.554, -5040.958, 1.50766, 0.08746265, 0, 0, 0, 1, 180, 255, 1, 0, '', 26972), -- 257836 (Area: 4982)
(@OGUID+212, 254942, 1, 0, 0, 0, 0, 0, '532', -1, 1294.102, -5396.358, 0.005555047, 1.27802, 0, 0, 0, 1, 180, 255, 1, 0, '', 26972), -- 254942 (Area: 4982)
(@OGUID+213, 254942, 1, 0, 0, 0, 0, 0, '532', -1, 1528.736, -5358.828, -0.675518, 1.405402, 0, 0, 0, 1, 180, 255, 1, 0, '', 26972), -- 254942 (Area: 4982)
(@OGUID+214, 257680, 1, 0, 0, 0, 0, 0, '532', -1, 1334.146, -4476.302, 25.36934, 5.070181, 0, 0, 0, 1, 180, 255, 1, 0, '', 26972), -- 257680 (Area: 4982)
(@OGUID+215, 257688, 1, 0, 0, 0, 0, 0, '532', -1, 1328.92, -4487.821, 25.61691, 0.06981169, 0, 0, 0, 1, 180, 255, 1, 0, '', 26972), -- 257688 (Area: 4982)
(@OGUID+216, 257695, 1, 0, 0, 0, 0, 0, '532', -1, 1433.005, -4775.643, 30.01201, 0.1521204, 0, 0, 0, 1, 180, 255, 1, 0, '', 26972), -- 257695 (Area: 4982)
(@OGUID+217, 257697, 1, 0, 0, 0, 0, 0, '532', -1, 1425.304, -4776.021, 28.30808, 3.003835, 0, 0, 0, 1, 180, 255, 1, 0, '', 26972), -- 257697 (Area: 4982)
(@OGUID+218, 257698, 1, 0, 0, 0, 0, 0, '532', -1, 1428.222, -4776.243, 28.83899, 3.075088, 0, 0, 0, 1, 180, 255, 1, 0, '', 26972), -- 257698 (Area: 4982)
(@OGUID+219, 257699, 1, 0, 0, 0, 0, 0, '532', -1, 1420.129, -4777.118, 26.90688, 5.907941, 0, 0, 0, 1, 180, 255, 1, 0, '', 26972), -- 257699 (Area: 4982)
(@OGUID+220, 257700, 1, 0, 0, 0, 0, 0, '532', -1, 1422.78, -4774.828, 27.99468, 2.893589, 0, 0, 0, 1, 180, 255, 1, 0, '', 26972), -- 257700 (Area: 4982)
(@OGUID+221, 257701, 1, 0, 0, 0, 0, 0, '532', -1, 1416.981, -4778.934, 27.15198, 2.391099, 0, 0, 0, 1, 180, 255, 1, 0, '', 26972), -- 257701 (Area: 4982)
(@OGUID+222, 257704, 1, 0, 0, 0, 0, 0, '532', -1, 1424.507, -4772.531, 28.70752, 4.451921, 0, 0, 0, 1, 180, 255, 1, 0, '', 26972), -- 257704 (Area: 4982)
(@OGUID+223, 257707, 1, 0, 0, 0, 0, 0, '532', -1, 1435.604, -4775.077, 30.70788, 0.2247432, 0, 0, 0, 1, 180, 255, 1, 0, '', 26972), -- 257707 (Area: 4982)
(@OGUID+224, 257709, 1, 0, 0, 0, 0, 0, '532', -1, 1436.957, -4771.622, 31.46713, 5.149135, 0, 0, 0, 1, 180, 255, 1, 0, '', 26972), -- 257709 (Area: 4982)
(@OGUID+225, 257710, 1, 0, 0, 0, 0, 0, '532', -1, 1438.727, -4773.75, 31.55008, 3.623792, 0, 0, 0, 1, 180, 255, 1, 0, '', 26972), -- 257710 (Area: 4982)
(@OGUID+226, 257745, 1, 0, 0, 0, 0, 0, '532', -1, 1420.899, -4770.624, 27.82097, 3.848451, 0, 0, 0, 1, 180, 255, 1, 0, '', 26972), -- 257745 (Area: 4982)
(@OGUID+227, 257746, 1, 0, 0, 0, 0, 0, '532', -1, 1430.198, -4773.415, 29.6788, 4.804259, 0, 0, 0, 1, 180, 255, 1, 0, '', 26972), -- 257746 (Area: 4982)
(@OGUID+228, 257686, 1, 0, 0, 0, 0, 0, '532', -1, 1329.536, -4489.882, 25.82697, 0.3665176, 0, 0, 0, 1, 180, 255, 1, 0, '', 26972), -- 257686 (Area: 4982)
(@OGUID+229, 257691, 1, 0, 0, 0, 0, 0, '532', -1, 1421.247, -4779.832, 27.38955, 2.780986, 0, 0, 0, 1, 180, 255, 1, 0, '', 26972), -- 257691 (Area: 4982)
(@OGUID+230, 257692, 1, 0, 0, 0, 0, 0, '532', -1, 1429.748, -4780.849, 27.90425, 3.220773, 0, 0, 0, 1, 180, 255, 1, 0, '', 26972), -- 257692 (Area: 4982)
(@OGUID+231, 257693, 1, 0, 0, 0, 0, 0, '532', -1, 1423.234, -4779.351, 26.91699, 2.949783, 0, 0, 0, 1, 180, 255, 1, 0, '', 26972), -- 257693 (Area: 4982)
(@OGUID+232, 257694, 1, 0, 0, 0, 0, 0, '532', -1, 1421.085, -4779.913, 28.02741, 3.130309, 0, 0, 0, 1, 180, 255, 1, 0, '', 26972), -- 257694 (Area: 4982)
(@OGUID+233, 257696, 1, 0, 0, 0, 0, 0, '532', -1, 1432.359, -4778.847, 29.37763, 0.1919852, 0, 0, 0, 1, 180, 255, 1, 0, '', 26972), -- 257696 (Area: 4982)
(@OGUID+234, 259137, 1, 0, 0, 0, 0, 0, '532', -1, 1430.634, -4805.521, 30.07353, 3.272911, 0, 0, 0, 1, 180, 255, 1, 0, '', 26972), -- 259137 (Area: 4982)
(@OGUID+235, 257702, 1, 0, 0, 0, 0, 0, '532', -1, 1426.111, -4778.92, 27.75389, 6.204648, 0, 0, 0, 1, 180, 255, 1, 0, '', 26972), -- 257702 (Area: 4982)
(@OGUID+236, 257703, 1, 0, 0, 0, 0, 0, '532', -1, 1421.424, -4778.943, 27.89801, 1.300271, 0, 0, 0, 1, 180, 255, 1, 0, '', 26972), -- 257703 (Area: 4982)
(@OGUID+237, 257705, 1, 0, 0, 0, 0, 0, '532', -1, 1440.877, -4777.811, 32.38863, 2.146753, 0, 0, 0, 1, 180, 255, 1, 0, '', 26972), -- 257705 (Area: 4982)
(@OGUID+238, 257706, 1, 0, 0, 0, 0, 0, '532', -1, 1436.641, -4775.774, 30.8317, 3.477297, 0, 0, 0, 1, 180, 255, 1, 0, '', 26972), -- 257706 (Area: 4982)
(@OGUID+239, 257708, 1, 0, 0, 0, 0, 0, '532', -1, 1438.399, -4777.179, 31.30136, 0.4886912, 0, 0, 0, 1, 180, 255, 1, 0, '', 26972), -- 257708 (Area: 4982)
(@OGUID+240, 257712, 1, 0, 0, 0, 0, 0, '532', -1, 1434.549, -4780.035, 30.47966, 1.832595, 0, 0, 0, 1, 180, 255, 1, 0, '', 26972), -- 257712 (Area: 4982)
(@OGUID+241, 257747, 1, 0, 0, 0, 0, 0, '532', -1, 1427.861, -4780.785, 28.84116, 1.579522, 0, 0, 0, 1, 180, 255, 1, 0, '', 26972), -- 257747 (Area: 4982)
(@OGUID+242, 257614, 1, 0, 0, 0, 0, 0, '532', -1, 1438.066, -4872.844, 10.70914, 3.403394, 0, 0, 0, 1, 180, 255, 1, 0, '', 26972), -- 257614 (Area: 4982)
(@OGUID+243, 257618, 1, 0, 0, 0, 0, 0, '532', -1, 1437.538, -4876.618, 19.37848, 2.783795, 0, 0, 0, 1, 180, 255, 1, 0, '', 26972), -- 257618 (Area: 4982)
(@OGUID+244, 257581, 1, 0, 0, 0, 0, 0, '532', -1, 1437.517, -4876.109, 10.22151, 1.902409, 0, 0, 0, 1, 180, 255, 1, 0, '', 26972), -- 257581 (Area: 4982)
(@OGUID+245, 257583, 1, 0, 0, 0, 0, 0, '532', -1, 1440.004, -4877.393, 11.44895, 2.234019, 0, 0, 0, 1, 180, 255, 1, 0, '', 26972), -- 257583 (Area: 4982)
(@OGUID+246, 257584, 1, 0, 0, 0, 0, 0, '532', -1, 1441.023, -4876.224, 10.36388, 3.996806, 0, 0, 0, 1, 180, 255, 1, 0, '', 26972), -- 257584 (Area: 4982)
(@OGUID+247, 257585, 1, 0, 0, 0, 0, 0, '532', -1, 1440.918, -4877.124, 11.52713, 5.707227, 0, 0, 0, 1, 180, 255, 1, 0, '', 26972), -- 257585 (Area: 4982)
(@OGUID+248, 257586, 1, 0, 0, 0, 0, 0, '532', -1, 1440.927, -4877.12, 10.31904, 1.099556, 0, 0, 0, 1, 180, 255, 1, 0, '', 26972), -- 257586 (Area: 4982)
(@OGUID+249, 257587, 1, 0, 0, 0, 0, 0, '532', -1, 1439.625, -4878.535, 10.31657, 2.321287, 0, 0, 0, 1, 180, 255, 1, 0, '', 26972), -- 257587 (Area: 4982)
(@OGUID+250, 257588, 1, 0, 0, 0, 0, 0, '532', -1, 1444.595, -4885.958, 10.87169, 1.265363, 0, 0, 0, 1, 180, 255, 1, 0, '', 26972), -- 257588 (Area: 4982)
(@OGUID+251, 257589, 1, 0, 0, 0, 0, 0, '532', -1, 1440.023, -4877.42, 10.28953, 1.448622, 0, 0, 0, 1, 180, 255, 1, 0, '', 26972), -- 257589 (Area: 4982)
(@OGUID+252, 257591, 1, 0, 0, 0, 0, 0, '532', -1, 1442.691, -4886.368, 10.25463, 3.126704, 0, 0, 0, 1, 180, 255, 1, 0, '', 26972), -- 257591 (Area: 4982)
(@OGUID+253, 257601, 1, 0, 0, 0, 0, 0, '532', -1, 1433.45, -4886.281, 10.80699, 2.138026, 0, 0, 0, 1, 180, 255, 1, 0, '', 26972), -- 257601 (Area: 4982)
(@OGUID+254, 257602, 1, 0, 0, 0, 0, 0, '532', -1, 1409.118, -4889.729, 11.30187, 1.370082, 0, 0, 0, 1, 180, 255, 1, 0, '', 26972), -- 257602 (Area: 4982)
(@OGUID+255, 257603, 1, 0, 0, 0, 0, 0, '532', -1, 1438.41, -4888.33, 10.53095, 1.850049, 0, 0, 0, 1, 180, 255, 1, 0, '', 26972), -- 257603 (Area: 4982)
(@OGUID+256, 257604, 1, 0, 0, 0, 0, 0, '532', -1, 1409.281, -4889.736, 11.31284, 2.635445, 0, 0, 0, 1, 180, 255, 1, 0, '', 26972), -- 257604 (Area: 4982)
(@OGUID+257, 257605, 1, 0, 0, 0, 0, 0, '532', -1, 1429.903, -4888.372, 11.00418, 3.857178, 0, 0, 0, 1, 180, 255, 1, 0, '', 26972), -- 257605 (Area: 4982)
(@OGUID+258, 257606, 1, 0, 0, 0, 0, 0, '532', -1, 1430.177, -4888.446, 17.88136, 0.9773836, 0, 0, 0, 1, 180, 255, 1, 0, '', 26972), -- 257606 (Area: 4982)
(@OGUID+259, 257607, 1, 0, 0, 0, 0, 0, '532', -1, 1432.714, -4887.644, 10.88338, 3.368496, 0, 0, 0, 1, 180, 255, 1, 0, '', 26972), -- 257607 (Area: 4982)
(@OGUID+260, 257608, 1, 0, 0, 0, 0, 0, '532', -1, 1431.776, -4886.064, 10.91289, 2.574359, 0, 0, 0, 1, 180, 255, 1, 0, '', 26972), -- 257608 (Area: 4982)
(@OGUID+261, 257609, 1, 0, 0, 0, 0, 0, '532', -1, 1432.406, -4886.792, 12.06796, 1.980947, 0, 0, 0, 1, 180, 255, 1, 0, '', 26972), -- 257609 (Area: 4982)
(@OGUID+262, 257610, 1, 0, 0, 0, 0, 0, '532', -1, 1432.476, -4889.552, 10.9563, 2.635444, 0, 0, 0, 1, 180, 255, 1, 0, '', 26972), -- 257610 (Area: 4982)
(@OGUID+263, 257611, 1, 0, 0, 0, 0, 0, '532', -1, 1432.724, -4884.766, 15.17932, 2.330013, 0, 0, 0, 1, 180, 255, 1, 0, '', 26972), -- 257611 (Area: 4982)
(@OGUID+264, 257612, 1, 0, 0, 0, 0, 0, '532', -1, 1439.988, -4877.387, 12.58951, 5.235989, 0, 0, 0, 1, 180, 255, 1, 0, '', 26972), -- 257612 (Area: 4982)
(@OGUID+265, 257613, 1, 0, 0, 0, 0, 0, '532', -1, 1438.571, -4873.643, 10.71064, 4.520405, 0, 0, 0, 1, 180, 255, 1, 0, '', 26972), -- 257613 (Area: 4982)
(@OGUID+266, 257615, 1, 0, 0, 0, 0, 0, '532', -1, 1438.497, -4873.694, 11.8997, 1.439895, 0, 0, 0, 1, 180, 255, 1, 0, '', 26972), -- 257615 (Area: 4982)
(@OGUID+267, 257617, 1, 0, 0, 0, 0, 0, '532', -1, 1435.957, -4876.749, 10.6075, 1.928586, 0, 0, 0, 1, 180, 255, 1, 0, '', 26972), -- 257617 (Area: 4982)
(@OGUID+268, 257578, 1, 0, 0, 0, 0, 0, '532', -1, 1438.523, -4890.408, 11.48851, 2.059484, 0, 0, 0, 1, 180, 255, 1, 0, '', 26972), -- 257578 (Area: 4982)
(@OGUID+269, 257579, 1, 0, 0, 0, 0, 0, '532', -1, 1437.802, -4890.34, 16.38937, 2.199115, 0, 0, 0, 1, 180, 255, 1, 0, '', 26972), -- 257579 (Area: 4982)
(@OGUID+270, 257580, 1, 0, 0, 0, 0, 0, '532', -1, 1435.932, -4891.691, 19.22587, 5.314534, 0, 0, 0, 1, 180, 255, 1, 0, '', 26972), -- 257580 (Area: 4982)
(@OGUID+271, 257582, 1, 0, 0, 0, 0, 0, '532', -1, 1443.51, -4890.698, 10.4259, 2.138026, 0, 0, 0, 1, 180, 255, 1, 0, '', 26972), -- 257582 (Area: 4982)
(@OGUID+272, 257590, 1, 0, 0, 0, 0, 0, '532', -1, 1441.717, -4887.53, 10.32599, 2.024579, 0, 0, 0, 1, 180, 255, 1, 0, '', 26972), -- 257590 (Area: 4982)
(@OGUID+273, 257592, 1, 0, 0, 0, 0, 0, '532', -1, 1433.832, -4890.88, 16.65615, 1.021015, 0, 0, 0, 1, 180, 255, 1, 0, '', 26972), -- 257592 (Area: 4982)
(@OGUID+274, 257595, 1, 0, 0, 0, 0, 0, '532', -1, 1443.231, -4889.141, 10.3767, 6.137394, 0, 0, 0, 1, 180, 255, 1, 0, '', 26972), -- 257595 (Area: 4982)
(@OGUID+275, 257596, 1, 0, 0, 0, 0, 0, '532', -1, 1439.252, -4888.257, 11.66036, 6.222099, 0, 0, 0, 1, 180, 255, 1, 0, '', 26972), -- 257596 (Area: 4982)
(@OGUID+276, 257599, 1, 0, 0, 0, 0, 0, '532', -1, 1441.977, -4888.618, 10.80508, 1.256588, 0, 0, 0, 1, 180, 255, 1, 0, '', 26972), -- 257599 (Area: 4982)
(@OGUID+277, 257600, 1, 0, 0, 0, 0, 0, '532', -1, 1439.997, -4888.292, 10.44414, 2.033309, 0, 0, 0, 1, 180, 255, 1, 0, '', 26972), -- 257600 (Area: 4982)
(@OGUID+278, 257616, 1, 0, 0, 0, 0, 0, '532', -1, 1438.786, -4892.09, 10.74081, 0.2617983, 0, 0, 0, 1, 180, 255, 1, 0, '', 26972), -- 257616 (Area: 4982)
(@OGUID+279, 257593, 1, 0, 0, 0, 0, 0, '532', -1, 1440.752, -4898.522, 11.28325, 3.926992, 0, 0, 0, 1, 180, 255, 1, 0, '', 26972), -- 257593 (Area: 4982)
(@OGUID+280, 257594, 1, 0, 0, 0, 0, 0, '532', -1, 1439.12, -4897.681, 11.16984, 3.132706, 0, 0, 0, 1, 180, 255, 1, 0, '', 26972), -- 257594 (Area: 4982)
(@OGUID+281, 257597, 1, 0, 0, 0, 0, 0, '532', -1, 1440.646, -4896.877, 11.14099, 2.696529, 0, 0, 0, 1, 180, 255, 1, 0, '', 26972), -- 257597 (Area: 4982)
(@OGUID+282, 257598, 1, 0, 0, 0, 0, 0, '532', -1, 1440.172, -4897.596, 12.35054, 2.303832, 0, 0, 0, 1, 180, 255, 1, 0, '', 26972), -- 257598 (Area: 4982)
(@OGUID+283, 257849, 1, 0, 0, 0, 0, 0, '532', -1, 1445.257, -5021.182, 12.01377, 5.98648, 0, 0, 0, 1, 180, 255, 1, 0, '', 26972), -- 257849 (Area: 4982)
(@OGUID+284, 257850, 1, 0, 0, 0, 0, 0, '532', -1, 1442.894, -5021.531, 13.22093, 4.878196, 0, 0, 0, 1, 180, 255, 1, 0, '', 26972), -- 257850 (Area: 4982)
(@OGUID+285, 257851, 1, 0, 0, 0, 0, 0, '532', -1, 1443.595, -5021.443, 12.06594, 1.754056, 0, 0, 0, 1, 180, 255, 1, 0, '', 26972), -- 257851 (Area: 4982)
(@OGUID+286, 257852, 1, 0, 0, 0, 0, 0, '532', -1, 1442.182, -5021.717, 12.06594, 2.993224, 0, 0, 0, 1, 180, 255, 1, 0, '', 26972), -- 257852 (Area: 4982)
(@OGUID+287, 257853, 1, 0, 0, 0, 0, 0, '532', -1, 1438.922, -5026.503, 10.89674, 4.703665, 0, 0, 0, 1, 180, 255, 1, 0, '', 26972), -- 257853 (Area: 4982)
(@OGUID+288, 257854, 1, 0, 0, 0, 0, 0, '532', -1, 1440.498, -5026.26, 10.96006, 1.562069, 0, 0, 0, 1, 180, 255, 1, 0, '', 26972), -- 257854 (Area: 4982)
/* Vol'jin Funeral gameobjects */
(@OGUID+289, 245878, 1, 0, 0, 0, 0, 1180, 0, -1, 1252.67, -4369.98, 34.9494, 2.66585, -0, -0, -0, 1, 180, 255, 1, 0, '', 26972), -- 245878 (Area: 4982)
(@OGUID+290, 258064, 1, 0, 0, 0, 0, 1180, 0, -1, 1251.71, -4372.22, 28.5355, 1.52861, -0, -0, -0.692036, -0.721863, 180, 255, 1, 0, '', 26972); -- 258064 (Area: 4982)
/* Violet Hold DH gameobjects */
-- (@OGUID+291,247002,1494,7777,7777,12,0,0,0,-1,1289.25,-262.737,44.3647,3.14159,0,0,1,-0.0000000437114,7200,255,0,0,'',22423), -- Prison Seal
-- (@OGUID+292,246995,1494,7777,7777,12,0,0,0,-1,1321.24,-205.705,47.6405,0.546741,0,0,1,-0.0000000437114,7200,255,0,1,'',22423), -- Cell
-- (@OGUID+293,246999,1494,7777,7777,12,0,0,0,-1,1314.47,-314.189,49.3023,2.44346,0,0,1,-0.0000000437114,7200,255,0,1,'',22423), -- Cell
-- (@OGUID+294,246997,1494,7777,7777,12,0,0,0,-1,1339.12,-197.667,47.6405,0.289969,0,0,1,-0.0000000437114,7200,255,0,1,'',22423), -- Cell
-- (@OGUID+295,247000,1494,7777,7777,12,0,0,0,-1,1361.73,-332.95,57.6715,3.14159,0,0,1,-0.0000000437114,7200,255,0,1,'',22423), -- Cell
-- (@OGUID+296,247005,1494,7777,7777,12,0,0,0,-1,1387.4,-229.63,41.1377,5.6204,0,0,1,-0.0000000437114,7200,255,0,1,'',22423), -- Prison Barrier
-- (@OGUID+297,247544,1494,7777,7777,12,0,0,0,-1,1368.6,-239.111,38.3427,3.14159,0,0,1,-0.0000000437114,7200,255,0,1,'',22423), -- Doodad_7DU_VioletHold_trapdoor001
-- (@OGUID+298,246990,1494,7777,7777,12,0,0,0,-1,1374.73,-221.78,41.1377,5.83857,0,0,1,-0.0000000437114,7200,255,0,1,'',22423), -- Cell
-- (@OGUID+299,246994,1494,7777,7777,12,0,0,0,-1,1420.98,-281.895,57.172,4.37254,0,0,1,-0.0000000437114,7200,255,0,1,'',22423), -- Cell
-- (@OGUID+300,247385,1494,7777,7777,12,0,0,0,-1,1403.56,-310.569,36.9614,3.97984,0,0,1,-0.0000000437114,7200,255,0,1,'',22423), -- Cell
-- (@OGUID+301,246992,1494,7777,7777,12,0,0,0,-1,1421.39,-244.09,57.172,6.07156,0,0,1,-0.0000000437114,7200,255,0,1,'',22423), -- Cell
-- (@OGUID+302,246993,1494,7777,7777,12,0,0,0,-1,1424.17,-263.382,57.172,4.67504,0,0,1,-0.0000000437114,7200,255,0,1,'',22423), -- Cell
-- (@OGUID+303,243235,1494,7777,7777,12,0,0,0,-1,1267.83,-262.759,46.3473,0,0,0,0,1,7200,255,0,1,'',22423), -- Instance Portal
-- (@OGUID+304,246998,1494,7777,7777,12,0,0,0,-1,1398.54,-207.655,54.923,5.58505,0,0,1,-0.0000000437114,7200,255,0,1,'',22423), -- Cell
-- (@OGUID+305,246996,1494,7777,7777,12,0,0,0,-1,1358.68,-195.426,47.6405,6.22583,0,0,1,-0.0000000437114,7200,255,0,1,'',22423); -- Cell
DELETE FROM `gameobject_template` WHERE `entry` IN (245878 /*Funeral Pyre*/, 258064 /*Funeral Pyre*/);
INSERT INTO `gameobject_template` (`entry`, `type`, `displayId`, `name`, `IconName`, `castBarCaption`, `unk1`, `size`, `Data0`, `Data1`, `Data2`, `Data3`, `Data4`, `Data5`, `Data6`, `Data7`, `Data8`, `Data9`, `Data10`, `Data11`, `Data12`, `Data13`, `Data14`, `Data15`, `Data16`, `Data17`, `Data18`, `Data19`, `Data20`, `Data21`, `Data22`, `Data23`, `Data24`, `Data25`, `Data26`, `Data27`, `Data28`, `Data29`, `Data30`, `Data31`, `Data32`, `RequiredLevel`, `VerifiedBuild`) VALUES
(245878, 5, 36516, 'Funeral Pyre', '', '', '', 1.3, 0, 0, 0, 0, 0, 0, 1, 0, 0, 0, 0, 0, 0, 0, 0, 0, 0, 0, 0, 0, 0, 0, 0, 0, 0, 0, 0, 0, 0, 0, 0, 0, 0, 0, 23420), -- Funeral Pyre
(258064, 43, 36295, 'Funeral Pyre', '', '', '', 1, 0, 0, 0, 0, 0, 0, 0, 0, 0, 0, 0, 0, 0, 1, 0, 0, 0, 0, 0, 0, 0, 0, 0, 0, 0, 1, 0, 0, 0, 0, 0, 0, 0, 0, 23420); -- Funeral Pyre
DELETE FROM `gameobject_template` WHERE `entry` IN (251289, 254942);
DELETE FROM `gameobject_template` WHERE `entry` BETWEEN 257578 AND 257854;
DELETE FROM `gameobject_template` WHERE `entry` IN (258974, 258975, 259120, 259121, 259137, 259138, 259146);
INSERT INTO `gameobject_template` (`entry`, `type`, `displayId`, `name`, `IconName`, `castBarCaption`, `unk1`, `size`, `Data0`, `Data1`, `Data2`, `Data3`, `Data4`, `Data5`, `Data6`, `Data7`, `Data8`, `Data9`, `Data10`, `Data11`, `Data12`, `Data13`, `Data14`, `Data15`, `Data16`, `Data17`, `Data18`, `Data19`, `Data20`, `Data21`, `Data22`, `Data23`, `Data24`, `Data25`, `Data26`, `Data27`, `Data28`, `Data29`, `Data30`, `Data31`, `Data32`, `RequiredLevel`, `VerifiedBuild`) VALUES
(251289, 5, 22590, 'Tools 1', '', '', '', 1, 0, 0, 0, 1, 0, 0, 0, 0, 0, 0, 0, 0, 0, 0, 0, 0, 0, 0, 0, 0, 0, 0, 0, 0, 0, 0, 0, 0, 0, 0, 0, 0, 0, 0, 23420),
(254942, 43, 36890, 'Horde Battleship', '', '', '', 1, -1, 0, 0, 0, 0, 0, 0, 0, 0, 0, 0, 0, 0, 0, 0, 0, 0, 0, 0, 0, 0, 0, 0, 0, 0, 0, 0, 0, 0, 0, 0, 0, 0, 0, 23420),
(257578, 5, 37296, '7.0 Pre-Launch - Orgrimmar - Template Object', '', '', '', 0.66, 0, 0, 0, 1, 0, 0, 44149, 0, 0, 0, 0, 0, 0, 0, 0, 0, 0, 0, 0, 0, 0, 0, 0, 0, 0, 0, 0, 0, 0, 0, 0, 0, 0, 0, 23420),
(257579, 5, 15509, '7.0 Pre-Launch - Orgrimmar - Template Object', '', '', '', 0.84, 0, 0, 0, 1, 0, 0, 44149, 0, 0, 0, 0, 0, 0, 0, 0, 0, 0, 0, 0, 0, 0, 0, 0, 0, 0, 0, 0, 0, 0, 0, 0, 0, 0, 0, 23420),
(257580, 5, 37296, '7.0 Pre-Launch - Orgrimmar - Template Object', '', '', '', 0.46, 0, 0, 0, 1, 0, 0, 44149, 0, 0, 0, 0, 0, 0, 0, 0, 0, 0, 0, 0, 0, 0, 0, 0, 0, 0, 0, 0, 0, 0, 0, 0, 0, 0, 0, 23420),
(257581, 5, 9609, '7.0 Pre-Launch - Orgrimmar - Template Object', '', '', '', 1, 0, 0, 0, 1, 0, 0, 44149, 0, 0, 0, 0, 0, 0, 0, 0, 0, 0, 0, 0, 0, 0, 0, 0, 0, 0, 0, 0, 0, 0, 0, 0, 0, 0, 0, 23420),
(257582, 5, 10827, '7.0 Pre-Launch - Orgrimmar - Template Object', '', '', '', 1, 0, 0, 0, 1, 0, 0, 44149, 0, 0, 0, 0, 0, 0, 0, 0, 0, 0, 0, 0, 0, 0, 0, 0, 0, 0, 0, 0, 0, 0, 0, 0, 0, 0, 0, 23420),
(257583, 5, 9663, '7.0 Pre-Launch - Orgrimmar - Template Object', '', '', '', 1, 0, 0, 0, 1, 0, 0, 44149, 0, 0, 0, 0, 0, 0, 0, 0, 0, 0, 0, 0, 0, 0, 0, 0, 0, 0, 0, 0, 0, 0, 0, 0, 0, 0, 0, 23420),
(257584, 5, 9663, '7.0 Pre-Launch - Orgrimmar - Template Object', '', '', '', 1, 0, 0, 0, 1, 0, 0, 44149, 0, 0, 0, 0, 0, 0, 0, 0, 0, 0, 0, 0, 0, 0, 0, 0, 0, 0, 0, 0, 0, 0, 0, 0, 0, 0, 0, 23420),
(257585, 5, 9663, '7.0 Pre-Launch - Orgrimmar - Template Object', '', '', '', 1, 0, 0, 0, 1, 0, 0, 44149, 0, 0, 0, 0, 0, 0, 0, 0, 0, 0, 0, 0, 0, 0, 0, 0, 0, 0, 0, 0, 0, 0, 0, 0, 0, 0, 0, 23420),
(257586, 5, 9663, '7.0 Pre-Launch - Orgrimmar - Template Object', '', '', '', 1, 0, 0, 0, 1, 0, 0, 44149, 0, 0, 0, 0, 0, 0, 0, 0, 0, 0, 0, 0, 0, 0, 0, 0, 0, 0, 0, 0, 0, 0, 0, 0, 0, 0, 0, 23420),
(257587, 5, 9663, '7.0 Pre-Launch - Orgrimmar - Template Object', '', '', '', 1, 0, 0, 0, 1, 0, 0, 44149, 0, 0, 0, 0, 0, 0, 0, 0, 0, 0, 0, 0, 0, 0, 0, 0, 0, 0, 0, 0, 0, 0, 0, 0, 0, 0, 0, 23420),
(257588, 5, 9663, '7.0 Pre-Launch - Orgrimmar - Template Object', '', '', '', 1, 0, 0, 0, 1, 0, 0, 44149, 0, 0, 0, 0, 0, 0, 0, 0, 0, 0, 0, 0, 0, 0, 0, 0, 0, 0, 0, 0, 0, 0, 0, 0, 0, 0, 0, 23420),
(257589, 5, 9663, '7.0 Pre-Launch - Orgrimmar - Template Object', '', '', '', 1, 0, 0, 0, 1, 0, 0, 44149, 0, 0, 0, 0, 0, 0, 0, 0, 0, 0, 0, 0, 0, 0, 0, 0, 0, 0, 0, 0, 0, 0, 0, 0, 0, 0, 0, 23420),
(257590, 5, 9663, '7.0 Pre-Launch - Orgrimmar - Template Object', '', '', '', 1, 0, 0, 0, 1, 0, 0, 44149, 0, 0, 0, 0, 0, 0, 0, 0, 0, 0, 0, 0, 0, 0, 0, 0, 0, 0, 0, 0, 0, 0, 0, 0, 0, 0, 0, 23420),
(257591, 5, 10254, '7.0 Pre-Launch - Orgrimmar - Template Object', '', '', '', 0.69, 0, 0, 0, 1, 0, 0, 44149, 0, 0, 0, 0, 0, 0, 0, 0, 0, 0, 0, 0, 0, 0, 0, 0, 0, 0, 0, 0, 0, 0, 0, 0, 0, 0, 0, 23420),
(257592, 5, 19551, '7.0 Pre-Launch - Orgrimmar - Template Object', '', '', '', 2.16, 0, 0, 0, 1, 0, 0, 44149, 0, 0, 0, 0, 0, 0, 0, 0, 0, 0, 0, 0, 0, 0, 0, 0, 0, 0, 0, 0, 0, 0, 0, 0, 0, 0, 0, 23420),
(257593, 5, 9057, '7.0 Pre-Launch - Orgrimmar - Template Object', '', '', '', 1.5, 0, 0, 0, 1, 0, 0, 44149, 0, 0, 0, 0, 0, 0, 0, 0, 0, 0, 0, 0, 0, 0, 0, 0, 0, 0, 0, 0, 0, 0, 0, 0, 0, 0, 0, 23420),
(257594, 5, 9057, '7.0 Pre-Launch - Orgrimmar - Template Object', '', '', '', 1.5, 0, 0, 0, 1, 0, 0, 44149, 0, 0, 0, 0, 0, 0, 0, 0, 0, 0, 0, 0, 0, 0, 0, 0, 0, 0, 0, 0, 0, 0, 0, 0, 0, 0, 0, 23420),
(257595, 5, 10254, '7.0 Pre-Launch - Orgrimmar - Template Object', '', '', '', 0.69, 0, 0, 0, 1, 0, 0, 44149, 0, 0, 0, 0, 0, 0, 0, 0, 0, 0, 0, 0, 0, 0, 0, 0, 0, 0, 0, 0, 0, 0, 0, 0, 0, 0, 0, 23420),
(257596, 5, 9057, '7.0 Pre-Launch - Orgrimmar - Template Object', '', '', '', 1.5, 0, 0, 0, 1, 0, 0, 44149, 0, 0, 0, 0, 0, 0, 0, 0, 0, 0, 0, 0, 0, 0, 0, 0, 0, 0, 0, 0, 0, 0, 0, 0, 0, 0, 0, 23420),
(257597, 5, 9057, '7.0 Pre-Launch - Orgrimmar - Template Object', '', '', '', 1.5, 0, 0, 0, 1, 0, 0, 44149, 0, 0, 0, 0, 0, 0, 0, 0, 0, 0, 0, 0, 0, 0, 0, 0, 0, 0, 0, 0, 0, 0, 0, 0, 0, 0, 0, 23420),
(257598, 5, 9057, '7.0 Pre-Launch - Orgrimmar - Template Object', '', '', '', 1.5, 0, 0, 0, 1, 0, 0, 44149, 0, 0, 0, 0, 0, 0, 0, 0, 0, 0, 0, 0, 0, 0, 0, 0, 0, 0, 0, 0, 0, 0, 0, 0, 0, 0, 0, 23420),
(257599, 5, 15509, '7.0 Pre-Launch - Orgrimmar - Template Object', '', '', '', 0.74, 0, 0, 0, 1, 0, 0, 44149, 0, 0, 0, 0, 0, 0, 0, 0, 0, 0, 0, 0, 0, 0, 0, 0, 0, 0, 0, 0, 0, 0, 0, 0, 0, 0, 0, 23420),
(257600, 5, 9057, '7.0 Pre-Launch - Orgrimmar - Template Object', '', '', '', 1.5, 0, 0, 0, 1, 0, 0, 44149, 0, 0, 0, 0, 0, 0, 0, 0, 0, 0, 0, 0, 0, 0, 0, 0, 0, 0, 0, 0, 0, 0, 0, 0, 0, 0, 0, 23420),
(257601, 5, 9057, '7.0 Pre-Launch - Orgrimmar - Template Object', '', '', '', 1.5, 0, 0, 0, 1, 0, 0, 44149, 0, 0, 0, 0, 0, 0, 0, 0, 0, 0, 0, 0, 0, 0, 0, 0, 0, 0, 0, 0, 0, 0, 0, 0, 0, 0, 0, 23420),
(257602, 5, 9609, '7.0 Pre-Launch - Orgrimmar - Template Object', '', '', '', 1, 0, 0, 0, 1, 0, 0, 44149, 0, 0, 0, 0, 0, 0, 0, 0, 0, 0, 0, 0, 0, 0, 0, 0, 0, 0, 0, 0, 0, 0, 0, 0, 0, 0, 0, 23420),
(257603, 5, 9057, '7.0 Pre-Launch - Orgrimmar - Template Object', '', '', '', 1.5, 0, 0, 0, 1, 0, 0, 44149, 0, 0, 0, 0, 0, 0, 0, 0, 0, 0, 0, 0, 0, 0, 0, 0, 0, 0, 0, 0, 0, 0, 0, 0, 0, 0, 0, 23420),
(257604, 5, 6739, '7.0 Pre-Launch - Orgrimmar - Template Object', '', '', '', 2.57, 0, 0, 0, 1, 0, 0, 44149, 0, 0, 0, 0, 0, 0, 0, 0, 0, 0, 0, 0, 0, 0, 0, 0, 0, 0, 0, 0, 0, 0, 0, 0, 0, 0, 0, 23420),
(257605, 5, 2047, '7.0 Pre-Launch - Orgrimmar - Template Object', '', '', '', 1, 0, 0, 0, 1, 0, 0, 44149, 0, 0, 0, 0, 0, 0, 0, 0, 0, 0, 0, 0, 0, 0, 0, 0, 0, 0, 0, 0, 0, 0, 0, 0, 0, 0, 0, 23420),
(257606, 5, 18233, '7.0 Pre-Launch - Orgrimmar - Template Object', '', '', '', 0.68, 0, 0, 0, 1, 0, 0, 44149, 0, 0, 0, 0, 0, 0, 0, 0, 0, 0, 0, 0, 0, 0, 0, 0, 0, 0, 0, 0, 0, 0, 0, 0, 0, 0, 0, 23420),
(257607, 5, 9057, '7.0 Pre-Launch - Orgrimmar - Template Object', '', '', '', 1.5, 0, 0, 0, 1, 0, 0, 44149, 0, 0, 0, 0, 0, 0, 0, 0, 0, 0, 0, 0, 0, 0, 0, 0, 0, 0, 0, 0, 0, 0, 0, 0, 0, 0, 0, 23420),
(257608, 5, 9057, '7.0 Pre-Launch - Orgrimmar - Template Object', '', '', '', 1.5, 0, 0, 0, 1, 0, 0, 44149, 0, 0, 0, 0, 0, 0, 0, 0, 0, 0, 0, 0, 0, 0, 0, 0, 0, 0, 0, 0, 0, 0, 0, 0, 0, 0, 0, 23420),
(257609, 5, 9057, '7.0 Pre-Launch - Orgrimmar - Template Object', '', '', '', 1.5, 0, 0, 0, 1, 0, 0, 44149, 0, 0, 0, 0, 0, 0, 0, 0, 0, 0, 0, 0, 0, 0, 0, 0, 0, 0, 0, 0, 0, 0, 0, 0, 0, 0, 0, 23420),
(257610, 5, 9057, '7.0 Pre-Launch - Orgrimmar - Template Object', '', '', '', 1.5, 0, 0, 0, 1, 0, 0, 44149, 0, 0, 0, 0, 0, 0, 0, 0, 0, 0, 0, 0, 0, 0, 0, 0, 0, 0, 0, 0, 0, 0, 0, 0, 0, 0, 0, 23420),
(257611, 5, 19551, '7.0 Pre-Launch - Orgrimmar - Template Object', '', '', '', 2.16, 0, 0, 0, 1, 0, 0, 44149, 0, 0, 0, 0, 0, 0, 0, 0, 0, 0, 0, 0, 0, 0, 0, 0, 0, 0, 0, 0, 0, 0, 0, 0, 0, 0, 0, 23420),
(257612, 5, 9663, '7.0 Pre-Launch - Orgrimmar - Template Object', '', '', '', 1, 0, 0, 0, 1, 0, 0, 44149, 0, 0, 0, 0, 0, 0, 0, 0, 0, 0, 0, 0, 0, 0, 0, 0, 0, 0, 0, 0, 0, 0, 0, 0, 0, 0, 0, 23420),
(257613, 5, 9663, '7.0 Pre-Launch - Orgrimmar - Template Object', '', '', '', 1, 0, 0, 0, 1, 0, 0, 44149, 0, 0, 0, 0, 0, 0, 0, 0, 0, 0, 0, 0, 0, 0, 0, 0, 0, 0, 0, 0, 0, 0, 0, 0, 0, 0, 0, 23420),
(257614, 5, 9663, '7.0 Pre-Launch - Orgrimmar - Template Object', '', '', '', 1, 0, 0, 0, 1, 0, 0, 44149, 0, 0, 0, 0, 0, 0, 0, 0, 0, 0, 0, 0, 0, 0, 0, 0, 0, 0, 0, 0, 0, 0, 0, 0, 0, 0, 0, 23420),
(257615, 5, 9663, '7.0 Pre-Launch - Orgrimmar - Template Object', '', '', '', 1, 0, 0, 0, 1, 0, 0, 44149, 0, 0, 0, 0, 0, 0, 0, 0, 0, 0, 0, 0, 0, 0, 0, 0, 0, 0, 0, 0, 0, 0, 0, 0, 0, 0, 0, 23420),
(257616, 5, 9057, '7.0 Pre-Launch - Orgrimmar - Template Object', '', '', '', 1.5, 0, 0, 0, 1, 0, 0, 44149, 0, 0, 0, 0, 0, 0, 0, 0, 0, 0, 0, 0, 0, 0, 0, 0, 0, 0, 0, 0, 0, 0, 0, 0, 0, 0, 0, 23420),
(257617, 5, 37297, '7.0 Pre-Launch - Orgrimmar - Template Object', '', '', '', 1, 0, 0, 0, 1, 0, 0, 44149, 0, 0, 0, 0, 0, 0, 0, 0, 0, 0, 0, 0, 0, 0, 0, 0, 0, 0, 0, 0, 0, 0, 0, 0, 0, 0, 0, 23420),
(257618, 5, 37298, '7.0 Pre-Launch - Orgrimmar - Template Object', '', '', '', 1, 0, 0, 0, 1, 0, 0, 44149, 0, 0, 0, 0, 0, 0, 0, 0, 0, 0, 0, 0, 0, 0, 0, 0, 0, 0, 0, 0, 0, 0, 0, 0, 0, 0, 0, 23420),
(257619, 5, 651, '7.0 Pre-Launch - Orgrimmar - Template Object', '', '', '', 1, 0, 0, 0, 1, 0, 0, 44149, 0, 0, 0, 0, 0, 0, 0, 0, 0, 0, 0, 0, 0, 0, 0, 0, 0, 0, 0, 0, 0, 0, 0, 0, 0, 0, 0, 23420),
(257620, 5, 100, '7.0 Pre-Launch - Orgrimmar - Template Object', '', '', '', 1.95, 0, 0, 0, 1, 0, 0, 44149, 0, 0, 0, 0, 0, 0, 0, 0, 0, 0, 0, 0, 0, 0, 0, 0, 0, 0, 0, 0, 0, 0, 0, 0, 0, 0, 0, 23420),
(257621, 5, 7, '7.0 Pre-Launch - Orgrimmar - Template Object', '', '', '', 1.94, 0, 0, 0, 1, 0, 0, 44149, 0, 0, 0, 0, 0, 0, 0, 0, 0, 0, 0, 0, 0, 0, 0, 0, 0, 0, 0, 0, 0, 0, 0, 0, 0, 0, 0, 23420),
(257622, 5, 6364, '7.0 Pre-Launch - Orgrimmar - Template Object', '', '', '', 1.03, 0, 0, 0, 1, 0, 0, 44149, 0, 0, 0, 0, 0, 0, 0, 0, 0, 0, 0, 0, 0, 0, 0, 0, 0, 0, 0, 0, 0, 0, 0, 0, 0, 0, 0, 23420),
(257623, 5, 100, '7.0 Pre-Launch - Orgrimmar - Template Object', '', '', '', 1.02, 0, 0, 0, 1, 0, 0, 44149, 0, 0, 0, 0, 0, 0, 0, 0, 0, 0, 0, 0, 0, 0, 0, 0, 0, 0, 0, 0, 0, 0, 0, 0, 0, 0, 0, 23420),
(257626, 5, 226, '7.0 Pre-Launch - Orgrimmar - Template Object', '', '', '', 1, 0, 0, 0, 1, 0, 0, 44149, 0, 0, 0, 0, 0, 0, 0, 0, 0, 0, 0, 0, 0, 0, 0, 0, 0, 0, 0, 0, 0, 0, 0, 0, 0, 0, 0, 23420),
(257627, 5, 758, '7.0 Pre-Launch - Orgrimmar - Template Object', '', '', '', 1, 0, 0, 0, 1, 0, 0, 44149, 0, 0, 0, 0, 0, 0, 0, 0, 0, 0, 0, 0, 0, 0, 0, 0, 0, 0, 0, 0, 0, 0, 0, 0, 0, 0, 0, 23420),
(257628, 5, 6740, '7.0 Pre-Launch - Orgrimmar - Template Object', '', '', '', 1.79, 0, 0, 0, 1, 0, 0, 44149, 0, 0, 0, 0, 0, 0, 0, 0, 0, 0, 0, 0, 0, 0, 0, 0, 0, 0, 0, 0, 0, 0, 0, 0, 0, 0, 0, 23420),
(257629, 5, 6327, '7.0 Pre-Launch - Orgrimmar - Template Object', '', '', '', 1, 0, 0, 0, 1, 0, 0, 44149, 0, 0, 0, 0, 0, 0, 0, 0, 0, 0, 0, 0, 0, 0, 0, 0, 0, 0, 0, 0, 0, 0, 0, 0, 0, 0, 0, 23420),
(257630, 5, 37299, '7.0 Pre-Launch - Orgrimmar - Template Object', '', '', '', 1.47, 0, 0, 0, 1, 0, 0, 44149, 0, 0, 0, 0, 0, 0, 0, 0, 0, 0, 0, 0, 0, 0, 0, 0, 0, 0, 0, 0, 0, 0, 0, 0, 0, 0, 0, 23420),
(257631, 5, 19808, '7.0 Pre-Launch - Orgrimmar - Template Object', '', '', '', 1, 0, 0, 0, 1, 0, 0, 44149, 0, 0, 0, 0, 0, 0, 0, 0, 0, 0, 0, 0, 0, 0, 0, 0, 0, 0, 0, 0, 0, 0, 0, 0, 0, 0, 0, 23420),
(257632, 5, 37300, '7.0 Pre-Launch - Orgrimmar - Template Object', '', '', '', 1, 0, 0, 0, 1, 0, 0, 44149, 0, 0, 0, 0, 0, 0, 0, 0, 0, 0, 0, 0, 0, 0, 0, 0, 0, 0, 0, 0, 0, 0, 0, 0, 0, 0, 0, 23420),
(257633, 5, 37299, '7.0 Pre-Launch - Orgrimmar - Template Object', '', '', '', 1.3, 0, 0, 0, 1, 0, 0, 44149, 0, 0, 0, 0, 0, 0, 0, 0, 0, 0, 0, 0, 0, 0, 0, 0, 0, 0, 0, 0, 0, 0, 0, 0, 0, 0, 0, 23420),
(257634, 5, 37301, '7.0 Pre-Launch - Orgrimmar - Template Object', '', '', '', 0.34, 0, 0, 0, 1, 0, 0, 44149, 0, 0, 0, 0, 0, 0, 0, 0, 0, 0, 0, 0, 0, 0, 0, 0, 0, 0, 0, 0, 0, 0, 0, 0, 0, 0, 0, 23420),
(257635, 5, 37302, '7.0 Pre-Launch - Orgrimmar - Template Object', '', '', '', 0.56, 0, 0, 0, 1, 0, 0, 44149, 0, 0, 0, 0, 0, 0, 0, 0, 0, 0, 0, 0, 0, 0, 0, 0, 0, 0, 0, 0, 0, 0, 0, 0, 0, 0, 0, 23420),
(257636, 5, 19960, '7.0 Pre-Launch - Orgrimmar - Template Object', '', '', '', 1, 0, 0, 0, 1, 0, 0, 44149, 0, 0, 0, 0, 0, 0, 0, 0, 0, 0, 0, 0, 0, 0, 0, 0, 0, 0, 0, 0, 0, 0, 0, 0, 0, 0, 0, 23420),
(257637, 5, 37301, '7.0 Pre-Launch - Orgrimmar - Template Object', '', '', '', 0.34, 0, 0, 0, 1, 0, 0, 44149, 0, 0, 0, 0, 0, 0, 0, 0, 0, 0, 0, 0, 0, 0, 0, 0, 0, 0, 0, 0, 0, 0, 0, 0, 0, 0, 0, 23420),
(257638, 5, 10254, '7.0 Pre-Launch - Orgrimmar - Template Object', '', '', '', 0.53, 0, 0, 0, 1, 0, 0, 44149, 0, 0, 0, 0, 0, 0, 0, 0, 0, 0, 0, 0, 0, 0, 0, 0, 0, 0, 0, 0, 0, 0, 0, 0, 0, 0, 0, 23420),
(257639, 8, 9652, 'Anvil', '', '', '', 1, 1, 10, 0, 1, 0, 0, 44149, 0, 0, 0, 0, 0, 0, 0, 0, 0, 0, 0, 0, 0, 0, 0, 0, 0, 0, 0, 0, 0, 0, 0, 0, 0, 0, 0, 23420),
(257640, 5, 37299, '7.0 Pre-Launch - Orgrimmar - Template Object', '', '', '', 1, 0, 0, 0, 1, 0, 0, 44149, 0, 0, 0, 0, 0, 0, 0, 0, 0, 0, 0, 0, 0, 0, 0, 0, 0, 0, 0, 0, 0, 0, 0, 0, 0, 0, 0, 23420),
(257641, 5, 37303, '7.0 Pre-Launch - Orgrimmar - Template Object', '', '', '', 1, 0, 0, 0, 1, 0, 0, 44149, 0, 0, 0, 0, 0, 0, 0, 0, 0, 0, 0, 0, 0, 0, 0, 0, 0, 0, 0, 0, 0, 0, 0, 0, 0, 0, 0, 23420),
(257642, 5, 9619, '7.0 Pre-Launch - Orgrimmar - Template Object', '', '', '', 1.6, 0, 0, 0, 1, 0, 0, 44149, 0, 0, 0, 0, 0, 0, 0, 0, 0, 0, 0, 0, 0, 0, 0, 0, 0, 0, 0, 0, 0, 0, 0, 0, 0, 0, 0, 23420),
(257643, 5, 10254, '7.0 Pre-Launch - Orgrimmar - Template Object', '', '', '', 0.69, 0, 0, 0, 1, 0, 0, 44149, 0, 0, 0, 0, 0, 0, 0, 0, 0, 0, 0, 0, 0, 0, 0, 0, 0, 0, 0, 0, 0, 0, 0, 0, 0, 0, 0, 23420),
(257644, 5, 37304, '7.0 Pre-Launch - Orgrimmar - Template Object', '', '', '', 0.9, 0, 0, 0, 1, 0, 0, 44149, 0, 0, 0, 0, 0, 0, 0, 0, 0, 0, 0, 0, 0, 0, 0, 0, 0, 0, 0, 0, 0, 0, 0, 0, 0, 0, 0, 23420),
(257645, 5, 9105, '7.0 Pre-Launch - Orgrimmar - Template Object', '', '', '', 1, 0, 0, 0, 1, 0, 0, 44149, 0, 0, 0, 0, 0, 0, 0, 0, 0, 0, 0, 0, 0, 0, 0, 0, 0, 0, 0, 0, 0, 0, 0, 0, 0, 0, 0, 23420),
(257646, 5, 9115, '7.0 Pre-Launch - Orgrimmar - Template Object', '', '', '', 1, 0, 0, 0, 1, 0, 0, 44149, 0, 0, 0, 0, 0, 0, 0, 0, 0, 0, 0, 0, 0, 0, 0, 0, 0, 0, 0, 0, 0, 0, 0, 0, 0, 0, 0, 23420),
(257647, 5, 9115, '7.0 Pre-Launch - Orgrimmar - Template Object', '', '', '', 1, 0, 0, 0, 1, 0, 0, 44149, 0, 0, 0, 0, 0, 0, 0, 0, 0, 0, 0, 0, 0, 0, 0, 0, 0, 0, 0, 0, 0, 0, 0, 0, 0, 0, 0, 23420),
(257648, 5, 37301, '7.0 Pre-Launch - Orgrimmar - Template Object', '', '', '', 0.73, 0, 0, 0, 1, 0, 0, 44149, 0, 0, 0, 0, 0, 0, 0, 0, 0, 0, 0, 0, 0, 0, 0, 0, 0, 0, 0, 0, 0, 0, 0, 0, 0, 0, 0, 23420),
(257649, 5, 9105, '7.0 Pre-Launch - Orgrimmar - Template Object', '', '', '', 1, 0, 0, 0, 1, 0, 0, 44149, 0, 0, 0, 0, 0, 0, 0, 0, 0, 0, 0, 0, 0, 0, 0, 0, 0, 0, 0, 0, 0, 0, 0, 0, 0, 0, 0, 23420),
(257650, 5, 37305, '7.0 Pre-Launch - Orgrimmar - Template Object', '', '', '', 0.7, 0, 0, 0, 1, 0, 0, 44149, 0, 0, 0, 0, 0, 0, 0, 0, 0, 0, 0, 0, 0, 0, 0, 0, 0, 0, 0, 0, 0, 0, 0, 0, 0, 0, 0, 23420),
(257651, 5, 37305, '7.0 Pre-Launch - Orgrimmar - Template Object', '', '', '', 0.7, 0, 0, 0, 1, 0, 0, 44149, 0, 0, 0, 0, 0, 0, 0, 0, 0, 0, 0, 0, 0, 0, 0, 0, 0, 0, 0, 0, 0, 0, 0, 0, 0, 0, 0, 23420),
(257652, 5, 37302, '7.0 Pre-Launch - Orgrimmar - Template Object', '', '', '', 0.57, 0, 0, 0, 1, 0, 0, 44149, 0, 0, 0, 0, 0, 0, 0, 0, 0, 0, 0, 0, 0, 0, 0, 0, 0, 0, 0, 0, 0, 0, 0, 0, 0, 0, 0, 23420),
(257653, 5, 16750, '7.0 Pre-Launch - Orgrimmar - Template Object', '', '', '', 0.47, 0, 0, 0, 1, 0, 0, 44149, 0, 0, 0, 0, 0, 0, 0, 0, 0, 0, 0, 0, 0, 0, 0, 0, 0, 0, 0, 0, 0, 0, 0, 0, 0, 0, 0, 23420),
(257654, 5, 37306, '7.0 Pre-Launch - Orgrimmar - Template Object', '', '', '', 1, 0, 0, 0, 1, 0, 0, 44149, 0, 0, 0, 0, 0, 0, 0, 0, 0, 0, 0, 0, 0, 0, 0, 0, 0, 0, 0, 0, 0, 0, 0, 0, 0, 0, 0, 23420),
(257655, 5, 37307, '7.0 Pre-Launch - Orgrimmar - Template Object', '', '', '', 1, 0, 0, 0, 1, 0, 0, 44149, 0, 0, 0, 0, 0, 0, 0, 0, 0, 0, 0, 0, 0, 0, 0, 0, 0, 0, 0, 0, 0, 0, 0, 0, 0, 0, 0, 23420),
(257656, 5, 37306, '7.0 Pre-Launch - Orgrimmar - Template Object', '', '', '', 1, 0, 0, 0, 1, 0, 0, 44149, 0, 0, 0, 0, 0, 0, 0, 0, 0, 0, 0, 0, 0, 0, 0, 0, 0, 0, 0, 0, 0, 0, 0, 0, 0, 0, 0, 23420),
(257657, 8, 23497, 'Forge', '', '', '', 1, 3, 10, 0, 1, 0, 0, 44149, 0, 0, 0, 0, 0, 0, 0, 0, 0, 0, 0, 0, 0, 0, 0, 0, 0, 0, 0, 0, 0, 0, 0, 0, 0, 0, 0, 23420),
(257661, 5, 11691, '7.0 Pre-Launch - Orgrimmar - Template Object', '', '', '', 0.91, 0, 0, 0, 1, 0, 0, 44149, 0, 0, 0, 0, 0, 0, 0, 0, 0, 0, 0, 0, 0, 0, 0, 0, 0, 0, 0, 0, 0, 0, 0, 0, 0, 0, 0, 23420),
(257662, 5, 11364, '7.0 Pre-Launch - Orgrimmar - Template Object', '', '', '', 0.54, 0, 0, 0, 1, 0, 0, 44149, 0, 0, 0, 0, 0, 0, 0, 0, 0, 0, 0, 0, 0, 0, 0, 0, 0, 0, 0, 0, 0, 0, 0, 0, 0, 0, 0, 23420),
(257663, 5, 11445, '7.0 Pre-Launch - Orgrimmar - Template Object', '', '', '', 1, 0, 0, 0, 1, 0, 0, 44149, 0, 0, 0, 0, 0, 0, 0, 0, 0, 0, 0, 0, 0, 0, 0, 0, 0, 0, 0, 0, 0, 0, 0, 0, 0, 0, 0, 23420),
(257674, 5, 12163, '7.0 Pre-Launch - Orgrimmar - Template Object', '', '', '', 1, 0, 0, 0, 1, 0, 0, 44149, 0, 0, 0, 0, 0, 0, 0, 0, 0, 0, 0, 0, 0, 0, 0, 0, 0, 0, 0, 0, 0, 0, 0, 0, 0, 0, 0, 23420),
(257675, 5, 11846, '7.0 Pre-Launch - Orgrimmar - Template Object', '', '', '', 1, 0, 0, 0, 1, 0, 0, 44149, 0, 0, 0, 0, 0, 0, 0, 0, 0, 0, 0, 0, 0, 0, 0, 0, 0, 0, 0, 0, 0, 0, 0, 0, 0, 0, 0, 23420),
(257676, 5, 34819, '7.0 Pre-Launch - Orgrimmar - Template Object', '', '', '', 0.35, 0, 0, 0, 1, 0, 0, 44149, 0, 0, 0, 0, 0, 0, 0, 0, 0, 0, 0, 0, 0, 0, 0, 0, 0, 0, 0, 0, 0, 0, 0, 0, 0, 0, 0, 23420),
(257677, 5, 37310, '7.0 Pre-Launch - Orgrimmar - Template Object', '', '', '', 1, 0, 0, 0, 1, 0, 0, 44149, 0, 0, 0, 0, 0, 0, 0, 0, 0, 0, 0, 0, 0, 0, 0, 0, 0, 0, 0, 0, 0, 0, 0, 0, 0, 0, 0, 23420),
(257678, 8, 37295, 'Noodle Cart', '', '', '', 1, 4, 10, 0, 1, 0, 0, 44149, 0, 0, 0, 0, 0, 0, 0, 0, 0, 0, 0, 0, 0, 0, 0, 0, 0, 0, 0, 0, 0, 0, 0, 0, 0, 0, 0, 23420),
(257679, 5, 13447, '7.0 Pre-Launch - Orgrimmar - Template Object', '', '', '', 1, 0, 0, 0, 1, 0, 0, 44149, 0, 0, 0, 0, 0, 0, 0, 0, 0, 0, 0, 0, 0, 0, 0, 0, 0, 0, 0, 0, 0, 0, 0, 0, 0, 0, 0, 23420),
(257680, 7, 11604, 'Chair', '', '', '', 1, 0, 0, 0, 1, 1, 0, 44149, 0, 0, 0, 0, 0, 0, 0, 0, 0, 0, 0, 0, 0, 0, 0, 0, 0, 0, 0, 0, 0, 0, 0, 0, 0, 0, 0, 23420),
(257681, 8, 10823, 'Bubbling Pot', '', '', '', 1, 4, 10, 0, 1, 0, 0, 44149, 0, 0, 0, 0, 0, 0, 0, 0, 0, 0, 0, 0, 0, 0, 0, 0, 0, 0, 0, 0, 0, 0, 0, 0, 0, 0, 0, 23420),
(257682, 5, 37309, '7.0 Pre-Launch - Orgrimmar - Template Object', '', '', '', 1, 0, 0, 0, 1, 0, 0, 44149, 0, 0, 0, 0, 0, 0, 0, 0, 0, 0, 0, 0, 0, 0, 0, 0, 0, 0, 0, 0, 0, 0, 0, 0, 0, 0, 0, 23420),
(257683, 5, 10868, '7.0 Pre-Launch - Orgrimmar - Template Object', '', '', '', 0.45, 0, 0, 0, 1, 0, 0, 44149, 0, 0, 0, 0, 0, 0, 0, 0, 0, 0, 0, 0, 0, 0, 0, 0, 0, 0, 0, 0, 0, 0, 0, 0, 0, 0, 0, 23420),
(257684, 5, 10868, '7.0 Pre-Launch - Orgrimmar - Template Object', '', '', '', 0.45, 0, 0, 0, 1, 0, 0, 44149, 0, 0, 0, 0, 0, 0, 0, 0, 0, 0, 0, 0, 0, 0, 0, 0, 0, 0, 0, 0, 0, 0, 0, 0, 0, 0, 0, 23420),
(257685, 5, 10868, '7.0 Pre-Launch - Orgrimmar - Template Object', '', '', '', 0.45, 0, 0, 0, 1, 0, 0, 44149, 0, 0, 0, 0, 0, 0, 0, 0, 0, 0, 0, 0, 0, 0, 0, 0, 0, 0, 0, 0, 0, 0, 0, 0, 0, 0, 0, 23420),
(257686, 7, 11604, 'Chair', '', '', '', 1, 0, 0, 0, 1, 1, 0, 44149, 0, 0, 0, 0, 0, 0, 0, 0, 0, 0, 0, 0, 0, 0, 0, 0, 0, 0, 0, 0, 0, 0, 0, 0, 0, 0, 0, 23420),
(257687, 5, 11604, '7.0 Pre-Launch - Orgrimmar - Template Object', '', '', '', 1, 0, 0, 0, 1, 0, 0, 44149, 0, 0, 0, 0, 0, 0, 0, 0, 0, 0, 0, 0, 0, 0, 0, 0, 0, 0, 0, 0, 0, 0, 0, 0, 0, 0, 0, 23420),
(257688, 7, 11604, 'Chair', '', '', '', 1, 0, 0, 0, 1, 1, 0, 44149, 0, 0, 0, 0, 0, 0, 0, 0, 0, 0, 0, 0, 0, 0, 0, 0, 0, 0, 0, 0, 0, 0, 0, 0, 0, 0, 0, 23420),
(257689, 5, 13447, '7.0 Pre-Launch - Orgrimmar - Template Object', '', '', '', 1, 0, 0, 0, 1, 0, 0, 44149, 0, 0, 0, 0, 0, 0, 0, 0, 0, 0, 0, 0, 0, 0, 0, 0, 0, 0, 0, 0, 0, 0, 0, 0, 0, 0, 0, 23420),
(257690, 5, 13447, '7.0 Pre-Launch - Orgrimmar - Template Object', '', '', '', 1, 0, 0, 0, 1, 0, 0, 44149, 0, 0, 0, 0, 0, 0, 0, 0, 0, 0, 0, 0, 0, 0, 0, 0, 0, 0, 0, 0, 0, 0, 0, 0, 0, 0, 0, 23420),
(257691, 5, 6959, '7.0 Pre-Launch - Orgrimmar - Template Object', '', '', '', 1, 0, 0, 0, 1, 0, 0, 44149, 0, 0, 0, 0, 0, 0, 0, 0, 0, 0, 0, 0, 0, 0, 0, 0, 0, 0, 0, 0, 0, 0, 0, 0, 0, 0, 0, 23420),
(257692, 5, 37311, '7.0 Pre-Launch - Orgrimmar - Template Object', '', '', '', 0.68, 0, 0, 0, 1, 0, 0, 44149, 0, 0, 0, 0, 0, 0, 0, 0, 0, 0, 0, 0, 0, 0, 0, 0, 0, 0, 0, 0, 0, 0, 0, 0, 0, 0, 0, 23420),
(257693, 5, 37311, '7.0 Pre-Launch - Orgrimmar - Template Object', '', '', '', 0.68, 0, 0, 0, 1, 0, 0, 44149, 0, 0, 0, 0, 0, 0, 0, 0, 0, 0, 0, 0, 0, 0, 0, 0, 0, 0, 0, 0, 0, 0, 0, 0, 0, 0, 0, 23420),
(257694, 5, 8053, '7.0 Pre-Launch - Orgrimmar - Template Object', '', '', '', 1, 0, 0, 0, 1, 0, 0, 44149, 0, 0, 0, 0, 0, 0, 0, 0, 0, 0, 0, 0, 0, 0, 0, 0, 0, 0, 0, 0, 0, 0, 0, 0, 0, 0, 0, 23420),
(257695, 5, 26615, '7.0 Pre-Launch - Orgrimmar - Template Object', '', '', '', 0.7, 0, 0, 0, 1, 0, 0, 44149, 0, 0, 0, 0, 0, 0, 0, 0, 0, 0, 0, 0, 0, 0, 0, 0, 0, 0, 0, 0, 0, 0, 0, 0, 0, 0, 0, 23420),
(257696, 5, 37312, '7.0 Pre-Launch - Orgrimmar - Template Object', '', '', '', 0.81, 0, 0, 0, 1, 0, 0, 44149, 0, 0, 0, 0, 0, 0, 0, 0, 0, 0, 0, 0, 0, 0, 0, 0, 0, 0, 0, 0, 0, 0, 0, 0, 0, 0, 0, 23420),
(257697, 5, 15796, '7.0 Pre-Launch - Orgrimmar - Template Object', '', '', '', 0.7, 0, 0, 0, 1, 0, 0, 44149, 0, 0, 0, 0, 0, 0, 0, 0, 0, 0, 0, 0, 0, 0, 0, 0, 0, 0, 0, 0, 0, 0, 0, 0, 0, 0, 0, 23420),
(257698, 5, 26615, '7.0 Pre-Launch - Orgrimmar - Template Object', '', '', '', 0.7, 0, 0, 0, 1, 0, 0, 44149, 0, 0, 0, 0, 0, 0, 0, 0, 0, 0, 0, 0, 0, 0, 0, 0, 0, 0, 0, 0, 0, 0, 0, 0, 0, 0, 0, 23420),
(257699, 5, 37312, '7.0 Pre-Launch - Orgrimmar - Template Object', '', '', '', 0.75, 0, 0, 0, 1, 0, 0, 44149, 0, 0, 0, 0, 0, 0, 0, 0, 0, 0, 0, 0, 0, 0, 0, 0, 0, 0, 0, 0, 0, 0, 0, 0, 0, 0, 0, 23420),
(257700, 5, 26615, '7.0 Pre-Launch - Orgrimmar - Template Object', '', '', '', 0.7, 0, 0, 0, 1, 0, 0, 44149, 0, 0, 0, 0, 0, 0, 0, 0, 0, 0, 0, 0, 0, 0, 0, 0, 0, 0, 0, 0, 0, 0, 0, 0, 0, 0, 0, 23420),
(257701, 5, 37313, '7.0 Pre-Launch - Orgrimmar - Template Object', '', '', '', 1, 0, 0, 0, 1, 0, 0, 44149, 0, 0, 0, 0, 0, 0, 0, 0, 0, 0, 0, 0, 0, 0, 0, 0, 0, 0, 0, 0, 0, 0, 0, 0, 0, 0, 0, 23420),
(257702, 5, 37312, '7.0 Pre-Launch - Orgrimmar - Template Object', '', '', '', 0.81, 0, 0, 0, 1, 0, 0, 44149, 0, 0, 0, 0, 0, 0, 0, 0, 0, 0, 0, 0, 0, 0, 0, 0, 0, 0, 0, 0, 0, 0, 0, 0, 0, 0, 0, 23420),
(257703, 5, 6725, '7.0 Pre-Launch - Orgrimmar - Template Object', '', '', '', 1, 0, 0, 0, 1, 0, 0, 44149, 0, 0, 0, 0, 0, 0, 0, 0, 0, 0, 0, 0, 0, 0, 0, 0, 0, 0, 0, 0, 0, 0, 0, 0, 0, 0, 0, 23420),
(257704, 5, 37313, '7.0 Pre-Launch - Orgrimmar - Template Object', '', '', '', 1, 0, 0, 0, 1, 0, 0, 44149, 0, 0, 0, 0, 0, 0, 0, 0, 0, 0, 0, 0, 0, 0, 0, 0, 0, 0, 0, 0, 0, 0, 0, 0, 0, 0, 0, 23420),
(257705, 5, 6725, '7.0 Pre-Launch - Orgrimmar - Template Object', '', '', '', 1, 0, 0, 0, 1, 0, 0, 44149, 0, 0, 0, 0, 0, 0, 0, 0, 0, 0, 0, 0, 0, 0, 0, 0, 0, 0, 0, 0, 0, 0, 0, 0, 0, 0, 0, 23420),
(257706, 5, 15796, '7.0 Pre-Launch - Orgrimmar - Template Object', '', '', '', 0.7, 0, 0, 0, 1, 0, 0, 44149, 0, 0, 0, 0, 0, 0, 0, 0, 0, 0, 0, 0, 0, 0, 0, 0, 0, 0, 0, 0, 0, 0, 0, 0, 0, 0, 0, 23420),
(257707, 5, 15796, '7.0 Pre-Launch - Orgrimmar - Template Object', '', '', '', 0.7, 0, 0, 0, 1, 0, 0, 44149, 0, 0, 0, 0, 0, 0, 0, 0, 0, 0, 0, 0, 0, 0, 0, 0, 0, 0, 0, 0, 0, 0, 0, 0, 0, 0, 0, 23420),
(257708, 5, 37312, '7.0 Pre-Launch - Orgrimmar - Template Object', '', '', '', 0.81, 0, 0, 0, 1, 0, 0, 44149, 0, 0, 0, 0, 0, 0, 0, 0, 0, 0, 0, 0, 0, 0, 0, 0, 0, 0, 0, 0, 0, 0, 0, 0, 0, 0, 0, 23420),
(257709, 5, 37314, '7.0 Pre-Launch - Orgrimmar - Template Object', '', '', '', 1, 0, 0, 0, 1, 0, 0, 44149, 0, 0, 0, 0, 0, 0, 0, 0, 0, 0, 0, 0, 0, 0, 0, 0, 0, 0, 0, 0, 0, 0, 0, 0, 0, 0, 0, 23420),
(257710, 5, 26615, '7.0 Pre-Launch - Orgrimmar - Template Object', '', '', '', 0.7, 0, 0, 0, 1, 0, 0, 44149, 0, 0, 0, 0, 0, 0, 0, 0, 0, 0, 0, 0, 0, 0, 0, 0, 0, 0, 0, 0, 0, 0, 0, 0, 0, 0, 0, 23420),
(257711, 5, 37313, '7.0 Pre-Launch - Orgrimmar - Template Object', '', '', '', 1, 0, 0, 0, 1, 0, 0, 44149, 0, 0, 0, 0, 0, 0, 0, 0, 0, 0, 0, 0, 0, 0, 0, 0, 0, 0, 0, 0, 0, 0, 0, 0, 0, 0, 0, 23420),
(257712, 5, 6725, '7.0 Pre-Launch - Orgrimmar - Template Object', '', '', '', 1, 0, 0, 0, 1, 0, 0, 44149, 0, 0, 0, 0, 0, 0, 0, 0, 0, 0, 0, 0, 0, 0, 0, 0, 0, 0, 0, 0, 0, 0, 0, 0, 0, 0, 0, 23420),
(257713, 5, 37314, '7.0 Pre-Launch - Orgrimmar - Template Object', '', '', '', 1, 0, 0, 0, 1, 0, 0, 44149, 0, 0, 0, 0, 0, 0, 0, 0, 0, 0, 0, 0, 0, 0, 0, 0, 0, 0, 0, 0, 0, 0, 0, 0, 0, 0, 0, 23420),
(257714, 5, 6725, '7.0 Pre-Launch - Orgrimmar - Template Object', '', '', '', 1, 0, 0, 0, 1, 0, 0, 44149, 0, 0, 0, 0, 0, 0, 0, 0, 0, 0, 0, 0, 0, 0, 0, 0, 0, 0, 0, 0, 0, 0, 0, 0, 0, 0, 0, 23420),
(257715, 5, 6725, '7.0 Pre-Launch - Orgrimmar - Template Object', '', '', '', 1, 0, 0, 0, 1, 0, 0, 44149, 0, 0, 0, 0, 0, 0, 0, 0, 0, 0, 0, 0, 0, 0, 0, 0, 0, 0, 0, 0, 0, 0, 0, 0, 0, 0, 0, 23420),
(257716, 5, 6725, '7.0 Pre-Launch - Orgrimmar - Template Object', '', '', '', 1, 0, 0, 0, 1, 0, 0, 44149, 0, 0, 0, 0, 0, 0, 0, 0, 0, 0, 0, 0, 0, 0, 0, 0, 0, 0, 0, 0, 0, 0, 0, 0, 0, 0, 0, 23420),
(257717, 5, 8621, '7.0 Pre-Launch - Orgrimmar - Template Object', '', '', '', 1.74, 0, 0, 0, 1, 0, 0, 44149, 0, 0, 0, 0, 0, 0, 0, 0, 0, 0, 0, 0, 0, 0, 0, 0, 0, 0, 0, 0, 0, 0, 0, 0, 0, 0, 0, 23420),
(257718, 5, 6725, '7.0 Pre-Launch - Orgrimmar - Template Object', '', '', '', 1, 0, 0, 0, 1, 0, 0, 44149, 0, 0, 0, 0, 0, 0, 0, 0, 0, 0, 0, 0, 0, 0, 0, 0, 0, 0, 0, 0, 0, 0, 0, 0, 0, 0, 0, 23420),
(257719, 5, 6725, '7.0 Pre-Launch - Orgrimmar - Template Object', '', '', '', 1, 0, 0, 0, 1, 0, 0, 44149, 0, 0, 0, 0, 0, 0, 0, 0, 0, 0, 0, 0, 0, 0, 0, 0, 0, 0, 0, 0, 0, 0, 0, 0, 0, 0, 0, 23420),
(257720, 5, 37313, '7.0 Pre-Launch - Orgrimmar - Template Object', '', '', '', 1, 0, 0, 0, 1, 0, 0, 44149, 0, 0, 0, 0, 0, 0, 0, 0, 0, 0, 0, 0, 0, 0, 0, 0, 0, 0, 0, 0, 0, 0, 0, 0, 0, 0, 0, 23420),
(257721, 5, 37314, '7.0 Pre-Launch - Orgrimmar - Template Object', '', '', '', 1, 0, 0, 0, 1, 0, 0, 44149, 0, 0, 0, 0, 0, 0, 0, 0, 0, 0, 0, 0, 0, 0, 0, 0, 0, 0, 0, 0, 0, 0, 0, 0, 0, 0, 0, 23420),
(257722, 5, 37313, '7.0 Pre-Launch - Orgrimmar - Template Object', '', '', '', 1, 0, 0, 0, 1, 0, 0, 44149, 0, 0, 0, 0, 0, 0, 0, 0, 0, 0, 0, 0, 0, 0, 0, 0, 0, 0, 0, 0, 0, 0, 0, 0, 0, 0, 0, 23420),
(257723, 5, 37313, '7.0 Pre-Launch - Orgrimmar - Template Object', '', '', '', 1, 0, 0, 0, 1, 0, 0, 44149, 0, 0, 0, 0, 0, 0, 0, 0, 0, 0, 0, 0, 0, 0, 0, 0, 0, 0, 0, 0, 0, 0, 0, 0, 0, 0, 0, 23420),
(257724, 5, 37314, '7.0 Pre-Launch - Orgrimmar - Template Object', '', '', '', 1, 0, 0, 0, 1, 0, 0, 44149, 0, 0, 0, 0, 0, 0, 0, 0, 0, 0, 0, 0, 0, 0, 0, 0, 0, 0, 0, 0, 0, 0, 0, 0, 0, 0, 0, 23420),
(257725, 5, 37313, '7.0 Pre-Launch - Orgrimmar - Template Object', '', '', '', 1, 0, 0, 0, 1, 0, 0, 44149, 0, 0, 0, 0, 0, 0, 0, 0, 0, 0, 0, 0, 0, 0, 0, 0, 0, 0, 0, 0, 0, 0, 0, 0, 0, 0, 0, 23420),
(257726, 5, 37312, '7.0 Pre-Launch - Orgrimmar - Template Object', '', '', '', 0.75, 0, 0, 0, 1, 0, 0, 44149, 0, 0, 0, 0, 0, 0, 0, 0, 0, 0, 0, 0, 0, 0, 0, 0, 0, 0, 0, 0, 0, 0, 0, 0, 0, 0, 0, 23420),
(257727, 5, 37312, '7.0 Pre-Launch - Orgrimmar - Template Object', '', '', '', 0.75, 0, 0, 0, 1, 0, 0, 44149, 0, 0, 0, 0, 0, 0, 0, 0, 0, 0, 0, 0, 0, 0, 0, 0, 0, 0, 0, 0, 0, 0, 0, 0, 0, 0, 0, 23420),
(257728, 5, 37312, '7.0 Pre-Launch - Orgrimmar - Template Object', '', '', '', 0.75, 0, 0, 0, 1, 0, 0, 44149, 0, 0, 0, 0, 0, 0, 0, 0, 0, 0, 0, 0, 0, 0, 0, 0, 0, 0, 0, 0, 0, 0, 0, 0, 0, 0, 0, 23420),
(257729, 5, 7635, '7.0 Pre-Launch - Orgrimmar - Template Object', '', '', '', 0.84, 0, 0, 0, 1, 0, 0, 44149, 0, 0, 0, 0, 0, 0, 0, 0, 0, 0, 0, 0, 0, 0, 0, 0, 0, 0, 0, 0, 0, 0, 0, 0, 0, 0, 0, 23420),
(257730, 5, 8703, '7.0 Pre-Launch - Orgrimmar - Template Object', '', '', '', 1, 0, 0, 0, 1, 0, 0, 44149, 0, 0, 0, 0, 0, 0, 0, 0, 0, 0, 0, 0, 0, 0, 0, 0, 0, 0, 0, 0, 0, 0, 0, 0, 0, 0, 0, 23420),
(257731, 5, 5531, '7.0 Pre-Launch - Orgrimmar - Template Object', '', '', '', 1, 0, 0, 0, 1, 0, 0, 44149, 0, 0, 0, 0, 0, 0, 0, 0, 0, 0, 0, 0, 0, 0, 0, 0, 0, 0, 0, 0, 0, 0, 0, 0, 0, 0, 0, 23420),
(257732, 5, 7635, '7.0 Pre-Launch - Orgrimmar - Template Object', '', '', '', 0.84, 0, 0, 0, 1, 0, 0, 44149, 0, 0, 0, 0, 0, 0, 0, 0, 0, 0, 0, 0, 0, 0, 0, 0, 0, 0, 0, 0, 0, 0, 0, 0, 0, 0, 0, 23420),
(257733, 5, 26615, '7.0 Pre-Launch - Orgrimmar - Template Object', '', '', '', 0.7, 0, 0, 0, 1, 0, 0, 44149, 0, 0, 0, 0, 0, 0, 0, 0, 0, 0, 0, 0, 0, 0, 0, 0, 0, 0, 0, 0, 0, 0, 0, 0, 0, 0, 0, 23420),
(257734, 5, 15796, '7.0 Pre-Launch - Orgrimmar - Template Object', '', '', '', 0.7, 0, 0, 0, 1, 0, 0, 44149, 0, 0, 0, 0, 0, 0, 0, 0, 0, 0, 0, 0, 0, 0, 0, 0, 0, 0, 0, 0, 0, 0, 0, 0, 0, 0, 0, 23420),
(257735, 5, 37312, '7.0 Pre-Launch - Orgrimmar - Template Object', '', '', '', 0.75, 0, 0, 0, 1, 0, 0, 44149, 0, 0, 0, 0, 0, 0, 0, 0, 0, 0, 0, 0, 0, 0, 0, 0, 0, 0, 0, 0, 0, 0, 0, 0, 0, 0, 0, 23420),
(257736, 5, 26615, '7.0 Pre-Launch - Orgrimmar - Template Object', '', '', '', 0.7, 0, 0, 0, 1, 0, 0, 44149, 0, 0, 0, 0, 0, 0, 0, 0, 0, 0, 0, 0, 0, 0, 0, 0, 0, 0, 0, 0, 0, 0, 0, 0, 0, 0, 0, 23420),
(257737, 5, 37312, '7.0 Pre-Launch - Orgrimmar - Template Object', '', '', '', 0.75, 0, 0, 0, 1, 0, 0, 44149, 0, 0, 0, 0, 0, 0, 0, 0, 0, 0, 0, 0, 0, 0, 0, 0, 0, 0, 0, 0, 0, 0, 0, 0, 0, 0, 0, 23420),
(257738, 5, 15796, '7.0 Pre-Launch - Orgrimmar - Template Object', '', '', '', 0.7, 0, 0, 0, 1, 0, 0, 44149, 0, 0, 0, 0, 0, 0, 0, 0, 0, 0, 0, 0, 0, 0, 0, 0, 0, 0, 0, 0, 0, 0, 0, 0, 0, 0, 0, 23420),
(257739, 5, 26615, '7.0 Pre-Launch - Orgrimmar - Template Object', '', '', '', 0.7, 0, 0, 0, 1, 0, 0, 44149, 0, 0, 0, 0, 0, 0, 0, 0, 0, 0, 0, 0, 0, 0, 0, 0, 0, 0, 0, 0, 0, 0, 0, 0, 0, 0, 0, 23420),
(257740, 5, 15796, '7.0 Pre-Launch - Orgrimmar - Template Object', '', '', '', 0.7, 0, 0, 0, 1, 0, 0, 44149, 0, 0, 0, 0, 0, 0, 0, 0, 0, 0, 0, 0, 0, 0, 0, 0, 0, 0, 0, 0, 0, 0, 0, 0, 0, 0, 0, 23420),
(257741, 5, 15796, '7.0 Pre-Launch - Orgrimmar - Template Object', '', '', '', 0.7, 0, 0, 0, 1, 0, 0, 44149, 0, 0, 0, 0, 0, 0, 0, 0, 0, 0, 0, 0, 0, 0, 0, 0, 0, 0, 0, 0, 0, 0, 0, 0, 0, 0, 0, 23420),
(257742, 5, 26615, '7.0 Pre-Launch - Orgrimmar - Template Object', '', '', '', 0.7, 0, 0, 0, 1, 0, 0, 44149, 0, 0, 0, 0, 0, 0, 0, 0, 0, 0, 0, 0, 0, 0, 0, 0, 0, 0, 0, 0, 0, 0, 0, 0, 0, 0, 0, 23420),
(257743, 5, 26615, '7.0 Pre-Launch - Orgrimmar - Template Object', '', '', '', 0.7, 0, 0, 0, 1, 0, 0, 44149, 0, 0, 0, 0, 0, 0, 0, 0, 0, 0, 0, 0, 0, 0, 0, 0, 0, 0, 0, 0, 0, 0, 0, 0, 0, 0, 0, 23420),
(257744, 5, 26615, '7.0 Pre-Launch - Orgrimmar - Template Object', '', '', '', 0.7, 0, 0, 0, 1, 0, 0, 44149, 0, 0, 0, 0, 0, 0, 0, 0, 0, 0, 0, 0, 0, 0, 0, 0, 0, 0, 0, 0, 0, 0, 0, 0, 0, 0, 0, 23420),
(257745, 5, 8621, '7.0 Pre-Launch - Orgrimmar - Template Object', '', '', '', 1.74, 0, 0, 0, 1, 0, 0, 44149, 0, 0, 0, 0, 0, 0, 0, 0, 0, 0, 0, 0, 0, 0, 0, 0, 0, 0, 0, 0, 0, 0, 0, 0, 0, 0, 0, 23420),
(257746, 5, 37314, '7.0 Pre-Launch - Orgrimmar - Template Object', '', '', '', 1, 0, 0, 0, 1, 0, 0, 44149, 0, 0, 0, 0, 0, 0, 0, 0, 0, 0, 0, 0, 0, 0, 0, 0, 0, 0, 0, 0, 0, 0, 0, 0, 0, 0, 0, 23420),
(257747, 5, 6725, '7.0 Pre-Launch - Orgrimmar - Template Object', '', '', '', 1, 0, 0, 0, 1, 0, 0, 44149, 0, 0, 0, 0, 0, 0, 0, 0, 0, 0, 0, 0, 0, 0, 0, 0, 0, 0, 0, 0, 0, 0, 0, 0, 0, 0, 0, 23420),
(257748, 5, 9609, '7.0 Pre-Launch - Orgrimmar - Template Object', '', '', '', 1, 0, 0, 0, 1, 0, 0, 44149, 0, 0, 0, 0, 0, 0, 0, 0, 0, 0, 0, 0, 0, 0, 0, 0, 0, 0, 0, 0, 0, 0, 0, 0, 0, 0, 0, 23420),
(257749, 5, 6449, '7.0 Pre-Launch - Orgrimmar - Template Object', '', '', '', 1, 0, 0, 0, 1, 0, 0, 44149, 0, 0, 0, 0, 0, 0, 0, 0, 0, 0, 0, 0, 0, 0, 0, 0, 0, 0, 0, 0, 0, 0, 0, 0, 0, 0, 0, 23420),
(257750, 5, 6449, '7.0 Pre-Launch - Orgrimmar - Template Object', '', '', '', 1, 0, 0, 0, 1, 0, 0, 44149, 0, 0, 0, 0, 0, 0, 0, 0, 0, 0, 0, 0, 0, 0, 0, 0, 0, 0, 0, 0, 0, 0, 0, 0, 0, 0, 0, 23420),
(257751, 5, 6449, '7.0 Pre-Launch - Orgrimmar - Template Object', '', '', '', 1, 0, 0, 0, 1, 0, 0, 44149, 0, 0, 0, 0, 0, 0, 0, 0, 0, 0, 0, 0, 0, 0, 0, 0, 0, 0, 0, 0, 0, 0, 0, 0, 0, 0, 0, 23420),
(257752, 5, 8491, '7.0 Pre-Launch - Orgrimmar - Template Object', '', '', '', 1, 0, 0, 0, 1, 0, 0, 44149, 0, 0, 0, 0, 0, 0, 0, 0, 0, 0, 0, 0, 0, 0, 0, 0, 0, 0, 0, 0, 0, 0, 0, 0, 0, 0, 0, 23420),
(257753, 5, 8491, '7.0 Pre-Launch - Orgrimmar - Template Object', '', '', '', 1, 0, 0, 0, 1, 0, 0, 44149, 0, 0, 0, 0, 0, 0, 0, 0, 0, 0, 0, 0, 0, 0, 0, 0, 0, 0, 0, 0, 0, 0, 0, 0, 0, 0, 0, 23420),
(257754, 5, 8395, '7.0 Pre-Launch - Orgrimmar - Template Object', '', '', '', 1.35, 0, 0, 0, 1, 0, 0, 44149, 0, 0, 0, 0, 0, 0, 0, 0, 0, 0, 0, 0, 0, 0, 0, 0, 0, 0, 0, 0, 0, 0, 0, 0, 0, 0, 0, 23420),
(257755, 5, 14862, '7.0 Pre-Launch - Orgrimmar - Template Object', '', '', '', 1, 0, 0, 0, 1, 0, 0, 44149, 0, 0, 0, 0, 0, 0, 0, 0, 0, 0, 0, 0, 0, 0, 0, 0, 0, 0, 0, 0, 0, 0, 0, 0, 0, 0, 0, 23420),
(257756, 5, 6449, '7.0 Pre-Launch - Orgrimmar - Template Object', '', '', '', 1, 0, 0, 0, 1, 0, 0, 44149, 0, 0, 0, 0, 0, 0, 0, 0, 0, 0, 0, 0, 0, 0, 0, 0, 0, 0, 0, 0, 0, 0, 0, 0, 0, 0, 0, 23420),
(257757, 5, 6449, '7.0 Pre-Launch - Orgrimmar - Template Object', '', '', '', 1, 0, 0, 0, 1, 0, 0, 44149, 0, 0, 0, 0, 0, 0, 0, 0, 0, 0, 0, 0, 0, 0, 0, 0, 0, 0, 0, 0, 0, 0, 0, 0, 0, 0, 0, 23420),
(257758, 5, 6449, '7.0 Pre-Launch - Orgrimmar - Template Object', '', '', '', 1, 0, 0, 0, 1, 0, 0, 44149, 0, 0, 0, 0, 0, 0, 0, 0, 0, 0, 0, 0, 0, 0, 0, 0, 0, 0, 0, 0, 0, 0, 0, 0, 0, 0, 0, 23420),
(257759, 5, 9609, '7.0 Pre-Launch - Orgrimmar - Template Object', '', '', '', 1, 0, 0, 0, 1, 0, 0, 44149, 0, 0, 0, 0, 0, 0, 0, 0, 0, 0, 0, 0, 0, 0, 0, 0, 0, 0, 0, 0, 0, 0, 0, 0, 0, 0, 0, 23420),
(257760, 5, 8405, '7.0 Pre-Launch - Orgrimmar - Template Object', '', '', '', 1, 0, 0, 0, 1, 0, 0, 44149, 0, 0, 0, 0, 0, 0, 0, 0, 0, 0, 0, 0, 0, 0, 0, 0, 0, 0, 0, 0, 0, 0, 0, 0, 0, 0, 0, 23420),
(257761, 5, 7001, '7.0 Pre-Launch - Orgrimmar - Template Object', '', '', '', 1, 0, 0, 0, 1, 0, 0, 44149, 0, 0, 0, 0, 0, 0, 0, 0, 0, 0, 0, 0, 0, 0, 0, 0, 0, 0, 0, 0, 0, 0, 0, 0, 0, 0, 0, 23420),
(257762, 5, 8406, '7.0 Pre-Launch - Orgrimmar - Template Object', '', '', '', 1, 0, 0, 0, 1, 0, 0, 44149, 0, 0, 0, 0, 0, 0, 0, 0, 0, 0, 0, 0, 0, 0, 0, 0, 0, 0, 0, 0, 0, 0, 0, 0, 0, 0, 0, 23420),
(257763, 5, 6449, '7.0 Pre-Launch - Orgrimmar - Template Object', '', '', '', 1, 0, 0, 0, 1, 0, 0, 44149, 0, 0, 0, 0, 0, 0, 0, 0, 0, 0, 0, 0, 0, 0, 0, 0, 0, 0, 0, 0, 0, 0, 0, 0, 0, 0, 0, 23420),
(257764, 5, 6449, '7.0 Pre-Launch - Orgrimmar - Template Object', '', '', '', 1, 0, 0, 0, 1, 0, 0, 44149, 0, 0, 0, 0, 0, 0, 0, 0, 0, 0, 0, 0, 0, 0, 0, 0, 0, 0, 0, 0, 0, 0, 0, 0, 0, 0, 0, 23420),
(257765, 5, 6449, '7.0 Pre-Launch - Orgrimmar - Template Object', '', '', '', 1, 0, 0, 0, 1, 0, 0, 44149, 0, 0, 0, 0, 0, 0, 0, 0, 0, 0, 0, 0, 0, 0, 0, 0, 0, 0, 0, 0, 0, 0, 0, 0, 0, 0, 0, 23420),
(257766, 5, 6449, '7.0 Pre-Launch - Orgrimmar - Template Object', '', '', '', 1, 0, 0, 0, 1, 0, 0, 44149, 0, 0, 0, 0, 0, 0, 0, 0, 0, 0, 0, 0, 0, 0, 0, 0, 0, 0, 0, 0, 0, 0, 0, 0, 0, 0, 0, 23420),
(257767, 5, 6449, '7.0 Pre-Launch - Orgrimmar - Template Object', '', '', '', 1, 0, 0, 0, 1, 0, 0, 44149, 0, 0, 0, 0, 0, 0, 0, 0, 0, 0, 0, 0, 0, 0, 0, 0, 0, 0, 0, 0, 0, 0, 0, 0, 0, 0, 0, 23420),
(257768, 5, 6449, '7.0 Pre-Launch - Orgrimmar - Template Object', '', '', '', 1, 0, 0, 0, 1, 0, 0, 44149, 0, 0, 0, 0, 0, 0, 0, 0, 0, 0, 0, 0, 0, 0, 0, 0, 0, 0, 0, 0, 0, 0, 0, 0, 0, 0, 0, 23420),
(257769, 5, 100, '7.0 Pre-Launch - Orgrimmar - Template Object', '', '', '', 1.95, 0, 0, 0, 1, 0, 0, 44149, 0, 0, 0, 0, 0, 0, 0, 0, 0, 0, 0, 0, 0, 0, 0, 0, 0, 0, 0, 0, 0, 0, 0, 0, 0, 0, 0, 23420),
(257770, 5, 651, '7.0 Pre-Launch - Orgrimmar - Template Object', '', '', '', 1, 0, 0, 0, 1, 0, 0, 44149, 0, 0, 0, 0, 0, 0, 0, 0, 0, 0, 0, 0, 0, 0, 0, 0, 0, 0, 0, 0, 0, 0, 0, 0, 0, 0, 0, 23420),
(257771, 5, 226, '7.0 Pre-Launch - Orgrimmar - Template Object', '', '', '', 1.06, 0, 0, 0, 1, 0, 0, 44149, 0, 0, 0, 0, 0, 0, 0, 0, 0, 0, 0, 0, 0, 0, 0, 0, 0, 0, 0, 0, 0, 0, 0, 0, 0, 0, 0, 23420),
(257772, 5, 226, '7.0 Pre-Launch - Orgrimmar - Template Object', '', '', '', 1.06, 0, 0, 0, 1, 0, 0, 44149, 0, 0, 0, 0, 0, 0, 0, 0, 0, 0, 0, 0, 0, 0, 0, 0, 0, 0, 0, 0, 0, 0, 0, 0, 0, 0, 0, 23420),
(257773, 5, 293, '7.0 Pre-Launch - Orgrimmar - Template Object', '', '', '', 1, 0, 0, 0, 1, 0, 0, 44149, 0, 0, 0, 0, 0, 0, 0, 0, 0, 0, 0, 0, 0, 0, 0, 0, 0, 0, 0, 0, 0, 0, 0, 0, 0, 0, 0, 23420),
(257774, 5, 293, '7.0 Pre-Launch - Orgrimmar - Template Object', '', '', '', 1, 0, 0, 0, 1, 0, 0, 44149, 0, 0, 0, 0, 0, 0, 0, 0, 0, 0, 0, 0, 0, 0, 0, 0, 0, 0, 0, 0, 0, 0, 0, 0, 0, 0, 0, 23420),
(257775, 5, 5093, '7.0 Pre-Launch - Orgrimmar - Template Object', '', '', '', 1, 0, 0, 0, 1, 0, 0, 44149, 0, 0, 0, 0, 0, 0, 0, 0, 0, 0, 0, 0, 0, 0, 0, 0, 0, 0, 0, 0, 0, 0, 0, 0, 0, 0, 0, 23420),
(257776, 5, 7298, '7.0 Pre-Launch - Orgrimmar - Template Object', '', '', '', 1, 0, 0, 0, 1, 0, 0, 44149, 0, 0, 0, 0, 0, 0, 0, 0, 0, 0, 0, 0, 0, 0, 0, 0, 0, 0, 0, 0, 0, 0, 0, 0, 0, 0, 0, 23420),
(257777, 5, 37315, '7.0 Pre-Launch - Orgrimmar - Template Object', '', '', '', 0.52, 0, 0, 0, 1, 0, 0, 44149, 0, 0, 0, 0, 0, 0, 0, 0, 0, 0, 0, 0, 0, 0, 0, 0, 0, 0, 0, 0, 0, 0, 0, 0, 0, 0, 0, 23420),
(257778, 5, 7591, '7.0 Pre-Launch - Orgrimmar - Template Object', '', '', '', 1, 0, 0, 0, 1, 0, 0, 44149, 0, 0, 0, 0, 0, 0, 0, 0, 0, 0, 0, 0, 0, 0, 0, 0, 0, 0, 0, 0, 0, 0, 0, 0, 0, 0, 0, 23420),
(257779, 5, 30260, '7.0 Pre-Launch - Orgrimmar - Template Object', '', '', '', 0.53, 0, 0, 0, 1, 0, 0, 44149, 0, 0, 0, 0, 0, 0, 0, 0, 0, 0, 0, 0, 0, 0, 0, 0, 0, 0, 0, 0, 0, 0, 0, 0, 0, 0, 0, 23420),
(257780, 5, 8363, '7.0 Pre-Launch - Orgrimmar - Template Object', '', '', '', 1, 0, 0, 0, 1, 0, 0, 44149, 0, 0, 0, 0, 0, 0, 0, 0, 0, 0, 0, 0, 0, 0, 0, 0, 0, 0, 0, 0, 0, 0, 0, 0, 0, 0, 0, 23420),
(257781, 5, 6477, '7.0 Pre-Launch - Orgrimmar - Template Object', '', '', '', 0.67, 0, 0, 0, 1, 0, 0, 44149, 0, 0, 0, 0, 0, 0, 0, 0, 0, 0, 0, 0, 0, 0, 0, 0, 0, 0, 0, 0, 0, 0, 0, 0, 0, 0, 0, 23420),
(257782, 5, 6619, '7.0 Pre-Launch - Orgrimmar - Template Object', '', '', '', 1, 0, 0, 0, 1, 0, 0, 44149, 0, 0, 0, 0, 0, 0, 0, 0, 0, 0, 0, 0, 0, 0, 0, 0, 0, 0, 0, 0, 0, 0, 0, 0, 0, 0, 0, 23420),
(257783, 5, 37316, '7.0 Pre-Launch - Orgrimmar - Template Object', '', '', '', 1, 0, 0, 0, 1, 0, 0, 44149, 0, 0, 0, 0, 0, 0, 0, 0, 0, 0, 0, 0, 0, 0, 0, 0, 0, 0, 0, 0, 0, 0, 0, 0, 0, 0, 0, 23420),
(257784, 5, 8127, '7.0 Pre-Launch - Orgrimmar - Template Object', '', '', '', 1, 0, 0, 0, 1, 0, 0, 44149, 0, 0, 0, 0, 0, 0, 0, 0, 0, 0, 0, 0, 0, 0, 0, 0, 0, 0, 0, 0, 0, 0, 0, 0, 0, 0, 0, 23420),
(257785, 5, 37317, '7.0 Pre-Launch - Orgrimmar - Template Object', '', '', '', 0.85, 0, 0, 0, 1, 0, 0, 44149, 0, 0, 0, 0, 0, 0, 0, 0, 0, 0, 0, 0, 0, 0, 0, 0, 0, 0, 0, 0, 0, 0, 0, 0, 0, 0, 0, 23420),
(257786, 5, 37317, '7.0 Pre-Launch - Orgrimmar - Template Object', '', '', '', 0.85, 0, 0, 0, 1, 0, 0, 44149, 0, 0, 0, 0, 0, 0, 0, 0, 0, 0, 0, 0, 0, 0, 0, 0, 0, 0, 0, 0, 0, 0, 0, 0, 0, 0, 0, 23420),
(257787, 5, 37318, '7.0 Pre-Launch - Orgrimmar - Template Object', '', '', '', 1, 0, 0, 0, 1, 0, 0, 44149, 0, 0, 0, 0, 0, 0, 0, 0, 0, 0, 0, 0, 0, 0, 0, 0, 0, 0, 0, 0, 0, 0, 0, 0, 0, 0, 0, 23420),
(257788, 5, 37319, '7.0 Pre-Launch - Orgrimmar - Template Object', '', '', '', 0.6, 0, 0, 0, 1, 0, 0, 44149, 0, 0, 0, 0, 0, 0, 0, 0, 0, 0, 0, 0, 0, 0, 0, 0, 0, 0, 0, 0, 0, 0, 0, 0, 0, 0, 0, 23420),
(257789, 5, 8516, '7.0 Pre-Launch - Orgrimmar - Template Object', '', '', '', 1, 0, 0, 0, 1, 0, 0, 44149, 0, 0, 0, 0, 0, 0, 0, 0, 0, 0, 0, 0, 0, 0, 0, 0, 0, 0, 0, 0, 0, 0, 0, 0, 0, 0, 0, 23420),
(257790, 5, 6802, '7.0 Pre-Launch - Orgrimmar - Template Object', '', '', '', 1, 0, 0, 0, 1, 0, 0, 44149, 0, 0, 0, 0, 0, 0, 0, 0, 0, 0, 0, 0, 0, 0, 0, 0, 0, 0, 0, 0, 0, 0, 0, 0, 0, 0, 0, 23420),
(257791, 5, 37320, '7.0 Pre-Launch - Orgrimmar - Template Object', '', '', '', 1, 0, 0, 0, 1, 0, 0, 44149, 0, 0, 0, 0, 0, 0, 0, 0, 0, 0, 0, 0, 0, 0, 0, 0, 0, 0, 0, 0, 0, 0, 0, 0, 0, 0, 0, 23420),
(257792, 5, 37321, '7.0 Pre-Launch - Orgrimmar - Template Object', '', '', '', 1, 0, 0, 0, 1, 0, 0, 44149, 0, 0, 0, 0, 0, 0, 0, 0, 0, 0, 0, 0, 0, 0, 0, 0, 0, 0, 0, 0, 0, 0, 0, 0, 0, 0, 0, 23420),
(257793, 5, 7591, '7.0 Pre-Launch - Orgrimmar - Template Object', '', '', '', 1, 0, 0, 0, 1, 0, 0, 44149, 0, 0, 0, 0, 0, 0, 0, 0, 0, 0, 0, 0, 0, 0, 0, 0, 0, 0, 0, 0, 0, 0, 0, 0, 0, 0, 0, 23420),
(257794, 5, 8363, '7.0 Pre-Launch - Orgrimmar - Template Object', '', '', '', 1, 0, 0, 0, 1, 0, 0, 44149, 0, 0, 0, 0, 0, 0, 0, 0, 0, 0, 0, 0, 0, 0, 0, 0, 0, 0, 0, 0, 0, 0, 0, 0, 0, 0, 0, 23420),
(257795, 5, 7591, '7.0 Pre-Launch - Orgrimmar - Template Object', '', '', '', 1, 0, 0, 0, 1, 0, 0, 44149, 0, 0, 0, 0, 0, 0, 0, 0, 0, 0, 0, 0, 0, 0, 0, 0, 0, 0, 0, 0, 0, 0, 0, 0, 0, 0, 0, 23420),
(257796, 5, 37316, '7.0 Pre-Launch - Orgrimmar - Template Object', '', '', '', 1, 0, 0, 0, 1, 0, 0, 44149, 0, 0, 0, 0, 0, 0, 0, 0, 0, 0, 0, 0, 0, 0, 0, 0, 0, 0, 0, 0, 0, 0, 0, 0, 0, 0, 0, 23420),
(257797, 5, 8363, '7.0 Pre-Launch - Orgrimmar - Template Object', '', '', '', 1, 0, 0, 0, 1, 0, 0, 44149, 0, 0, 0, 0, 0, 0, 0, 0, 0, 0, 0, 0, 0, 0, 0, 0, 0, 0, 0, 0, 0, 0, 0, 0, 0, 0, 0, 23420),
(257798, 5, 8363, '7.0 Pre-Launch - Orgrimmar - Template Object', '', '', '', 1, 0, 0, 0, 1, 0, 0, 44149, 0, 0, 0, 0, 0, 0, 0, 0, 0, 0, 0, 0, 0, 0, 0, 0, 0, 0, 0, 0, 0, 0, 0, 0, 0, 0, 0, 23420),
(257799, 5, 8363, '7.0 Pre-Launch - Orgrimmar - Template Object', '', '', '', 1, 0, 0, 0, 1, 0, 0, 44149, 0, 0, 0, 0, 0, 0, 0, 0, 0, 0, 0, 0, 0, 0, 0, 0, 0, 0, 0, 0, 0, 0, 0, 0, 0, 0, 0, 23420),
(257800, 5, 17197, '7.0 Pre-Launch - Orgrimmar - Template Object', '', '', '', 1, 0, 0, 0, 1, 0, 0, 44149, 0, 0, 0, 0, 0, 0, 0, 0, 0, 0, 0, 0, 0, 0, 0, 0, 0, 0, 0, 0, 0, 0, 0, 0, 0, 0, 0, 23420),
(257801, 5, 30260, '7.0 Pre-Launch - Orgrimmar - Template Object', '', '', '', 0.53, 0, 0, 0, 1, 0, 0, 44149, 0, 0, 0, 0, 0, 0, 0, 0, 0, 0, 0, 0, 0, 0, 0, 0, 0, 0, 0, 0, 0, 0, 0, 0, 0, 0, 0, 23420),
(257802, 5, 32606, '7.0 Pre-Launch - Orgrimmar - Template Object', '', '', '', 1, 0, 0, 0, 1, 0, 0, 44149, 0, 0, 0, 0, 0, 0, 0, 0, 0, 0, 0, 0, 0, 0, 0, 0, 0, 0, 0, 0, 0, 0, 0, 0, 0, 0, 0, 23420),
(257803, 5, 30260, '7.0 Pre-Launch - Orgrimmar - Template Object', '', '', '', 0.53, 0, 0, 0, 1, 0, 0, 44149, 0, 0, 0, 0, 0, 0, 0, 0, 0, 0, 0, 0, 0, 0, 0, 0, 0, 0, 0, 0, 0, 0, 0, 0, 0, 0, 0, 23420),
(257804, 5, 30260, '7.0 Pre-Launch - Orgrimmar - Template Object', '', '', '', 0.53, 0, 0, 0, 1, 0, 0, 44149, 0, 0, 0, 0, 0, 0, 0, 0, 0, 0, 0, 0, 0, 0, 0, 0, 0, 0, 0, 0, 0, 0, 0, 0, 0, 0, 0, 23420),
(257805, 5, 30260, '7.0 Pre-Launch - Orgrimmar - Template Object', '', '', '', 0.53, 0, 0, 0, 1, 0, 0, 44149, 0, 0, 0, 0, 0, 0, 0, 0, 0, 0, 0, 0, 0, 0, 0, 0, 0, 0, 0, 0, 0, 0, 0, 0, 0, 0, 0, 23420),
(257806, 5, 6670, '7.0 Pre-Launch - Orgrimmar - Template Object', '', '', '', 1, 0, 0, 0, 1, 0, 0, 44149, 0, 0, 0, 0, 0, 0, 0, 0, 0, 0, 0, 0, 0, 0, 0, 0, 0, 0, 0, 0, 0, 0, 0, 0, 0, 0, 0, 23420),
(257807, 5, 6670, '7.0 Pre-Launch - Orgrimmar - Template Object', '', '', '', 1, 0, 0, 0, 1, 0, 0, 44149, 0, 0, 0, 0, 0, 0, 0, 0, 0, 0, 0, 0, 0, 0, 0, 0, 0, 0, 0, 0, 0, 0, 0, 0, 0, 0, 0, 23420),
(257808, 5, 6670, '7.0 Pre-Launch - Orgrimmar - Template Object', '', '', '', 1, 0, 0, 0, 1, 0, 0, 44149, 0, 0, 0, 0, 0, 0, 0, 0, 0, 0, 0, 0, 0, 0, 0, 0, 0, 0, 0, 0, 0, 0, 0, 0, 0, 0, 0, 23420),
(257809, 5, 18980, '7.0 Pre-Launch - Orgrimmar - Template Object', '', '', '', 1, 0, 0, 0, 1, 0, 0, 44149, 0, 0, 0, 0, 0, 0, 0, 0, 0, 0, 0, 0, 0, 0, 0, 0, 0, 0, 0, 0, 0, 0, 0, 0, 0, 0, 0, 23420),
(257810, 5, 293, '7.0 Pre-Launch - Orgrimmar - Template Object', '', '', '', 1, 0, 0, 0, 1, 0, 0, 44149, 0, 0, 0, 0, 0, 0, 0, 0, 0, 0, 0, 0, 0, 0, 0, 0, 0, 0, 0, 0, 0, 0, 0, 0, 0, 0, 0, 23420),
(257811, 5, 9680, '7.0 Pre-Launch - Orgrimmar - Template Object', '', '', '', 0.93, 0, 0, 0, 1, 0, 0, 44149, 0, 0, 0, 0, 0, 0, 0, 0, 0, 0, 0, 0, 0, 0, 0, 0, 0, 0, 0, 0, 0, 0, 0, 0, 0, 0, 0, 23420),
(257812, 5, 10947, '7.0 Pre-Launch - Orgrimmar - Template Object', '', '', '', 1, 0, 0, 0, 1, 0, 0, 44149, 0, 0, 0, 0, 0, 0, 0, 0, 0, 0, 0, 0, 0, 0, 0, 0, 0, 0, 0, 0, 0, 0, 0, 0, 0, 0, 0, 23420),
(257813, 5, 293, '7.0 Pre-Launch - Orgrimmar - Template Object', '', '', '', 1, 0, 0, 0, 1, 0, 0, 44149, 0, 0, 0, 0, 0, 0, 0, 0, 0, 0, 0, 0, 0, 0, 0, 0, 0, 0, 0, 0, 0, 0, 0, 0, 0, 0, 0, 23420),
(257814, 5, 7224, '7.0 Pre-Launch - Orgrimmar - Template Object', '', '', '', 0.47, 0, 0, 0, 1, 0, 0, 44149, 0, 0, 0, 0, 0, 0, 0, 0, 0, 0, 0, 0, 0, 0, 0, 0, 0, 0, 0, 0, 0, 0, 0, 0, 0, 0, 0, 23420),
(257815, 5, 6364, '7.0 Pre-Launch - Orgrimmar - Template Object', '', '', '', 1.03, 0, 0, 0, 1, 0, 0, 44149, 0, 0, 0, 0, 0, 0, 0, 0, 0, 0, 0, 0, 0, 0, 0, 0, 0, 0, 0, 0, 0, 0, 0, 0, 0, 0, 0, 23420),
(257816, 5, 226, '7.0 Pre-Launch - Orgrimmar - Template Object', '', '', '', 1.06, 0, 0, 0, 1, 0, 0, 44149, 0, 0, 0, 0, 0, 0, 0, 0, 0, 0, 0, 0, 0, 0, 0, 0, 0, 0, 0, 0, 0, 0, 0, 0, 0, 0, 0, 23420),
(257817, 5, 226, '7.0 Pre-Launch - Orgrimmar - Template Object', '', '', '', 1.06, 0, 0, 0, 1, 0, 0, 44149, 0, 0, 0, 0, 0, 0, 0, 0, 0, 0, 0, 0, 0, 0, 0, 0, 0, 0, 0, 0, 0, 0, 0, 0, 0, 0, 0, 23420),
(257818, 5, 183, '7.0 Pre-Launch - Orgrimmar - Template Object', '', '', '', 1, 0, 0, 0, 1, 0, 0, 44149, 0, 0, 0, 0, 0, 0, 0, 0, 0, 0, 0, 0, 0, 0, 0, 0, 0, 0, 0, 0, 0, 0, 0, 0, 0, 0, 0, 23420),
(257819, 5, 226, '7.0 Pre-Launch - Orgrimmar - Template Object', '', '', '', 1.06, 0, 0, 0, 1, 0, 0, 44149, 0, 0, 0, 0, 0, 0, 0, 0, 0, 0, 0, 0, 0, 0, 0, 0, 0, 0, 0, 0, 0, 0, 0, 0, 0, 0, 0, 23420),
(257820, 5, 226, '7.0 Pre-Launch - Orgrimmar - Template Object', '', '', '', 1.06, 0, 0, 0, 1, 0, 0, 44149, 0, 0, 0, 0, 0, 0, 0, 0, 0, 0, 0, 0, 0, 0, 0, 0, 0, 0, 0, 0, 0, 0, 0, 0, 0, 0, 0, 23420),
(257821, 5, 226, '7.0 Pre-Launch - Orgrimmar - Template Object', '', '', '', 1.06, 0, 0, 0, 1, 0, 0, 44149, 0, 0, 0, 0, 0, 0, 0, 0, 0, 0, 0, 0, 0, 0, 0, 0, 0, 0, 0, 0, 0, 0, 0, 0, 0, 0, 0, 23420),
(257822, 5, 226, '7.0 Pre-Launch - Orgrimmar - Template Object', '', '', '', 1.06, 0, 0, 0, 1, 0, 0, 44149, 0, 0, 0, 0, 0, 0, 0, 0, 0, 0, 0, 0, 0, 0, 0, 0, 0, 0, 0, 0, 0, 0, 0, 0, 0, 0, 0, 23420),
(257823, 5, 226, '7.0 Pre-Launch - Orgrimmar - Template Object', '', '', '', 1.06, 0, 0, 0, 1, 0, 0, 44149, 0, 0, 0, 0, 0, 0, 0, 0, 0, 0, 0, 0, 0, 0, 0, 0, 0, 0, 0, 0, 0, 0, 0, 0, 0, 0, 0, 23420),
(257824, 5, 226, '7.0 Pre-Launch - Orgrimmar - Template Object', '', '', '', 1.06, 0, 0, 0, 1, 0, 0, 44149, 0, 0, 0, 0, 0, 0, 0, 0, 0, 0, 0, 0, 0, 0, 0, 0, 0, 0, 0, 0, 0, 0, 0, 0, 0, 0, 0, 23420),
(257825, 5, 6327, '7.0 Pre-Launch - Orgrimmar - Template Object', '', '', '', 0.83, 0, 0, 0, 1, 0, 0, 44149, 0, 0, 0, 0, 0, 0, 0, 0, 0, 0, 0, 0, 0, 0, 0, 0, 0, 0, 0, 0, 0, 0, 0, 0, 0, 0, 0, 23420),
(257826, 5, 459, '7.0 Pre-Launch - Orgrimmar - Template Object', '', '', '', 0.65, 0, 0, 0, 1, 0, 0, 44149, 0, 0, 0, 0, 0, 0, 0, 0, 0, 0, 0, 0, 0, 0, 0, 0, 0, 0, 0, 0, 0, 0, 0, 0, 0, 0, 0, 23420),
(257827, 5, 758, '7.0 Pre-Launch - Orgrimmar - Template Object', '', '', '', 1.11, 0, 0, 0, 1, 0, 0, 44149, 0, 0, 0, 0, 0, 0, 0, 0, 0, 0, 0, 0, 0, 0, 0, 0, 0, 0, 0, 0, 0, 0, 0, 0, 0, 0, 0, 23420),
(257828, 5, 6327, '7.0 Pre-Launch - Orgrimmar - Template Object', '', '', '', 0.83, 0, 0, 0, 1, 0, 0, 44149, 0, 0, 0, 0, 0, 0, 0, 0, 0, 0, 0, 0, 0, 0, 0, 0, 0, 0, 0, 0, 0, 0, 0, 0, 0, 0, 0, 23420),
(257829, 5, 6327, '7.0 Pre-Launch - Orgrimmar - Template Object', '', '', '', 1, 0, 0, 0, 1, 0, 0, 44149, 0, 0, 0, 0, 0, 0, 0, 0, 0, 0, 0, 0, 0, 0, 0, 0, 0, 0, 0, 0, 0, 0, 0, 0, 0, 0, 0, 23420),
(257830, 5, 758, '7.0 Pre-Launch - Orgrimmar - Template Object', '', '', '', 1, 0, 0, 0, 1, 0, 0, 44149, 0, 0, 0, 0, 0, 0, 0, 0, 0, 0, 0, 0, 0, 0, 0, 0, 0, 0, 0, 0, 0, 0, 0, 0, 0, 0, 0, 23420),
(257831, 5, 293, '7.0 Pre-Launch - Orgrimmar - Template Object', '', '', '', 1, 0, 0, 0, 1, 0, 0, 44149, 0, 0, 0, 0, 0, 0, 0, 0, 0, 0, 0, 0, 0, 0, 0, 0, 0, 0, 0, 0, 0, 0, 0, 0, 0, 0, 0, 23420),
(257832, 5, 293, '7.0 Pre-Launch - Orgrimmar - Template Object', '', '', '', 1, 0, 0, 0, 1, 0, 0, 44149, 0, 0, 0, 0, 0, 0, 0, 0, 0, 0, 0, 0, 0, 0, 0, 0, 0, 0, 0, 0, 0, 0, 0, 0, 0, 0, 0, 23420),
(257833, 5, 8576, '7.0 Pre-Launch - Orgrimmar - Template Object', '', '', '', 0.87, 0, 0, 0, 1, 0, 0, 44149, 0, 0, 0, 0, 0, 0, 0, 0, 0, 0, 0, 0, 0, 0, 0, 0, 0, 0, 0, 0, 0, 0, 0, 0, 0, 0, 0, 23420),
(257834, 5, 8579, '7.0 Pre-Launch - Orgrimmar - Template Object', '', '', '', 0.83, 0, 0, 0, 1, 0, 0, 44149, 0, 0, 0, 0, 0, 0, 0, 0, 0, 0, 0, 0, 0, 0, 0, 0, 0, 0, 0, 0, 0, 0, 0, 0, 0, 0, 0, 23420),
(257835, 5, 5, '7.0 Pre-Launch - Orgrimmar - Template Object', '', '', '', 0.82, 0, 0, 0, 1, 0, 0, 44149, 0, 0, 0, 0, 0, 0, 0, 0, 0, 0, 0, 0, 0, 0, 0, 0, 0, 0, 0, 0, 0, 0, 0, 0, 0, 0, 0, 23420),
(257836, 43, 36890, 'Horde Battleship', '', '', '', 1, -1, 0, 0, 0, 0, 0, 0, 0, 0, 0, 0, 0, 0, 0, 0, 0, 0, 0, 0, 0, 0, 0, 0, 0, 0, 0, 0, 0, 0, 0, 0, 0, 0, 0, 23420),
(257849, 5, 9663, '7.0 Pre-Launch - Orgrimmar - Template Object', '', '', '', 2.21, 0, 0, 0, 1, 0, 0, 44149, 0, 0, 0, 0, 0, 0, 0, 0, 0, 0, 0, 0, 0, 0, 0, 0, 0, 0, 0, 0, 0, 0, 0, 0, 0, 0, 0, 23420),
(257850, 5, 9057, '7.0 Pre-Launch - Orgrimmar - Template Object', '', '', '', 1.5, 0, 0, 0, 1, 0, 0, 44149, 0, 0, 0, 0, 0, 0, 0, 0, 0, 0, 0, 0, 0, 0, 0, 0, 0, 0, 0, 0, 0, 0, 0, 0, 0, 0, 0, 23420),
(257851, 5, 9057, '7.0 Pre-Launch - Orgrimmar - Template Object', '', '', '', 1.5, 0, 0, 0, 1, 0, 0, 44149, 0, 0, 0, 0, 0, 0, 0, 0, 0, 0, 0, 0, 0, 0, 0, 0, 0, 0, 0, 0, 0, 0, 0, 0, 0, 0, 0, 23420),
(257852, 5, 9057, '7.0 Pre-Launch - Orgrimmar - Template Object', '', '', '', 1.5, 0, 0, 0, 1, 0, 0, 44149, 0, 0, 0, 0, 0, 0, 0, 0, 0, 0, 0, 0, 0, 0, 0, 0, 0, 0, 0, 0, 0, 0, 0, 0, 0, 0, 0, 23420),
(257853, 5, 31583, '7.0 Pre-Launch - Orgrimmar - Template Object', '', '', '', 2.53, 0, 0, 0, 1, 0, 0, 44149, 0, 0, 0, 0, 0, 0, 0, 0, 0, 0, 0, 0, 0, 0, 0, 0, 0, 0, 0, 0, 0, 0, 0, 0, 0, 0, 0, 23420),
(257854, 5, 31583, '7.0 Pre-Launch - Orgrimmar - Template Object', '', '', '', 2.53, 0, 0, 0, 1, 0, 0, 44149, 0, 0, 0, 0, 0, 0, 0, 0, 0, 0, 0, 0, 0, 0, 0, 0, 0, 0, 0, 0, 0, 0, 0, 0, 0, 0, 0, 23420),
(258974, 5, 8576, '7.0 Pre-Launch - Orgrimmar - Template Object', '', '', '', 0.87, 0, 0, 0, 1, 0, 0, 44149, 0, 0, 0, 0, 0, 0, 0, 0, 0, 0, 0, 0, 0, 0, 0, 0, 0, 0, 0, 0, 0, 0, 0, 0, 0, 0, 0, 23420),
(258975, 5, 10949, '7.0 Pre-Launch - Orgrimmar - Template Object', '', '', '', 1, 0, 0, 0, 1, 0, 0, 44149, 0, 0, 0, 0, 0, 0, 0, 0, 0, 0, 0, 0, 0, 0, 0, 0, 0, 0, 0, 0, 0, 0, 0, 0, 0, 0, 0, 23420),
(259120, 5, 37994, 'Gregg\'s Cart', '', '', '', 1, 0, 0, 0, 1, 0, 0, 0, 0, 0, 0, 0, 0, 0, 0, 0, 0, 0, 0, 0, 0, 0, 0, 0, 0, 0, 0, 0, 0, 0, 0, 0, 0, 0, 0, 23420),
(259121, 5, 14675, 'Gregg\'s Cart', '', '', '', 0.35, 0, 0, 0, 1, 0, 0, 0, 0, 0, 0, 0, 0, 0, 0, 0, 0, 0, 0, 0, 0, 0, 0, 0, 0, 0, 0, 0, 0, 0, 0, 0, 0, 0, 0, 23420),
(259137, 5, 27594, 'The End Is Coming!', '', '', '', 4, 0, 0, 0, 1, 0, 1, 0, 0, 0, 0, 0, 0, 0, 0, 0, 0, 0, 0, 0, 0, 0, 0, 0, 0, 0, 0, 0, 0, 0, 0, 0, 0, 0, 0, 23420),
(259138, 5, 9371, 'Goblin Forge', '', '', '', 1.5, 0, 0, 0, 1, 0, 0, 0, 0, 0, 0, 0, 0, 0, 0, 0, 0, 0, 0, 0, 0, 0, 0, 0, 0, 0, 0, 0, 0, 0, 0, 0, 0, 0, 0, 23420),
(259146, 5, 6639, 'Goblin Machine', '', '', '', 1, 0, 0, 0, 1, 0, 0, 0, 0, 0, 0, 0, 0, 0, 0, 0, 0, 0, 0, 0, 0, 0, 0, 0, 0, 0, 0, 0, 0, 0, 0, 0, 0, 0, 0, 23420);
/* "The Hunt" DH quest gameobjects */
DELETE FROM `gameobject_template` WHERE `entry` IN (243472, 243428, 243473, 246288, 243679, 246316, 243468, 243492, 243467);
INSERT INTO `gameobject_template` (`entry`, `type`, `displayId`, `name`, `IconName`, `castBarCaption`, `unk1`, `size`, `Data0`, `Data1`, `Data2`, `Data3`, `Data4`, `Data5`, `Data6`, `Data7`, `Data8`, `Data9`, `Data10`, `Data11`, `Data12`, `Data13`, `Data14`, `Data15`, `Data16`, `Data17`, `Data18`, `Data19`, `Data20`, `Data21`, `Data22`, `Data23`, `Data24`, `Data25`, `Data26`, `Data27`, `Data28`, `Data29`, `Data30`, `Data31`, `Data32`, `RequiredLevel`, `ScriptName`, `VerifiedBuild`) VALUES
(243472, 10, 27285, 'Felshield Ward', 'questinteract', 'Destroying', '', 1, 99, 0, 0, 100, 0, 1, 3, 0, 0, 0, 190275, 0, 0, 1, 24585, 0, 0, 0, 0, 0, 0, 0, 0, 1, 0, 0, 0, 0, 0, 0, 0, 0, 0, 0, 'go_second_felshieldward', 23420), -- Felshield Ward
(243428, 10, 27285, 'Felshield Ward', 'questinteract', 'Destroying', '', 1, 99, 0, 0, 100, 0, 1, 3, 0, 0, 0, 190275, 0, 0, 1, 24585, 0, 0, 0, 0, 0, 0, 0, 0, 1, 0, 0, 0, 0, 0, 0, 0, 0, 0, 0, 'go_first_felshieldward', 23420), -- Felshield Ward
(243473, 10, 27285, 'Felshield Ward', 'questinteract', 'Destroying', '', 1, 99, 0, 0, 100, 0, 1, 3, 0, 0, 0, 190275, 0, 0, 1, 24585, 0, 0, 0, 0, 0, 0, 0, 0, 1, 0, 0, 0, 0, 0, 0, 0, 0, 0, 0, 'go_third_felshieldward', 23420), -- Felshield Ward
(246288, 5, 30992, 'Rune', '', '', '', 1, 0, 0, 0, 0, 0, 0, 0, 1, 0, 0, 0, 0, 0, 0, 0, 0, 0, 0, 0, 0, 0, 0, 0, 0, 0, 0, 0, 0, 0, 0, 0, 0, 0, 0, '', 23420), -- Rune
(243679, 0, 30007, 'Ritual Portal', '', '', '', 1.25, 0, 0, 0, 0, 0, 0, 0, 0, 0, 1, 0, 0, 0, 0, 0, 0, 0, 0, 0, 0, 0, 0, 0, 0, 0, 0, 0, 0, 0, 0, 0, 0, 0, 0, '', 23420), -- Ritual Portal
(246316, 38, 30511, 'Gateway', '', '', '', 1, 0, 0, 0, 0, 0, 0, 0, 0, 0, 0, 0, 0, 0, 0, 0, 0, 0, 0, 0, 0, 0, 0, 0, 0, 0, 0, 0, 0, 0, 0, 0, 0, 0, 0, '', 23420), -- Gateway
(243468, 10, 31700, 'Bridge', '', '', '', 3, 0, 0, 0, 0, 0, 0, 0, 0, 0, 0, 0, 0, 0, 1, 0, 0, 0, 0, 0, 0, 0, 0, 0, 0, 0, 0, 0, 0, 0, 0, 0, 0, 0, 0, '', 23420), -- Bridge
(243492, 0, 26055, 'Fel Wall', '', '', '', 0.85, 0, 0, 0, 0, 0, 0, 0, 0, 0, 1, 0, 0, 0, 0, 0, 0, 0, 0, 0, 0, 0, 0, 0, 0, 0, 0, 0, 0, 0, 0, 0, 0, 0, 0, '', 23420), -- Fel Wall
(243467, 5, 32770, 'Fel Barrier', '', '', '', 2.55, 0, 0, 0, 1, 0, 0, 0, 0, 0, 0, 0, 0, 0, 0, 0, 0, 0, 0, 0, 0, 0, 0, 0, 0, 0, 0, 0, 0, 0, 0, 0, 0, 0, 0, '', 23420); -- Fel Barrier

/*  Vault Of The Wardens Quest Corrections and Rework  */
DELETE FROM `spell_script_names` WHERE `spell_id`=187864;
INSERT INTO `spell_script_names` (`spell_id`, `ScriptName`) VALUES ('187864', 'spell_play_scene_1423');

SET @QUEST_STATUS_NONE = 1;
SET @QUEST_STATUS_COMPLETE = 2;
SET @QUEST_STATUS_INCOMPLETE = 8;
SET @QUEST_STATUS_FAILED = 32;
SET @QUEST_STATUS_REWARDED = 64;

SET @QUEST_TAKEN = @QUEST_STATUS_INCOMPLETE | @QUEST_STATUS_FAILED | @QUEST_STATUS_COMPLETE | @QUEST_STATUS_REWARDED;
SET @QUEST_STATUS_NOT_COMPLETED = @QUEST_STATUS_NONE | @QUEST_STATUS_INCOMPLETE | @QUEST_STATUS_FAILED;
SET @QUEST_STATUS_NOT_IN_PROGRESS = @QUEST_STATUS_NONE | @QUEST_STATUS_FAILED | @QUEST_STATUS_COMPLETE | @QUEST_STATUS_REWARDED;
SET @QUEST_STATUS_COMPLETED_REWARDED = @QUEST_STATUS_COMPLETE | @QUEST_STATUS_REWARDED;
DELETE FROM `spell_area` WHERE `area`=7819;
INSERT INTO `spell_area` (`spell`, `area`, `quest_start`, `quest_end`, `quest_start_status`, `quest_end_status`) VALUES
(57569, 7819, 38723, 38723, @QUEST_TAKEN, @QUEST_STATUS_COMPLETED_REWARDED), -- Phase 175 on Vault of the Betrayer starting when quest 38723 taken until 38723 completed
(57569, 7819, 40253, 40253, @QUEST_TAKEN, @QUEST_STATUS_COMPLETED_REWARDED), -- Phase 175 on Vault of the Betrayer starting when quest 40253 taken until 40253 completed
(74789, 7819, 38723, 39682, @QUEST_STATUS_COMPLETED_REWARDED, @QUEST_STATUS_COMPLETED_REWARDED), -- Phase 176 on Vault of the Betrayer starting when quest 38723 completed until 39682 completed / rewarded
(74789, 7819, 40253, 39682, @QUEST_STATUS_COMPLETED_REWARDED, @QUEST_STATUS_COMPLETED_REWARDED); -- Phase 176 on Vault of the Betrayer starting when quest 40253 completed until 39682 completed / rewarded
-- Conversation 747
DELETE FROM `spell_area` WHERE `spell`=195644 AND `area`=7705 AND `quest_start`=38765;
INSERT INTO `spell_area` (`spell`, `area`, `quest_start`, `quest_end`, `quest_start_status`, `quest_end_status`) VALUES
(195644, 7705, 38765, 38765, @QUEST_STATUS_COMPLETE, @QUEST_STATUS_REWARDED); -- Conversation 747 on path between Seat of Command and Inferno Peak when quest 38765 completed until 38765 rewarded
-- Conversation 569
DELETE FROM `spell_area` WHERE `spell`=192228 AND `area`=7713 AND `quest_start`=38819;
INSERT INTO `spell_area` (`spell`, `area`, `quest_start`, `quest_end`, `quest_start_status`, `quest_end_status`) VALUES
(192228, 7713, 38819, 38819, @QUEST_STATUS_INCOMPLETE, @QUEST_STATUS_COMPLETE); -- Conversation 747 on pAREA when quest 38819 taken until 38819 completed
-- Phase Corrections for creatures
UPDATE `creature` SET `PhaseId` = 175 WHERE `guid` IN (20542912, 20542913, 20542914, 20542915); -- was 543
UPDATE `creature` SET `PhaseId` = 176 WHERE `guid` IN (20542908, 20542909); -- was 993
DELETE FROM `creature_equip_template` WHERE `CreatureID` IN (92990, 97632);
INSERT INTO `creature_equip_template` (`CreatureID`, `ID`, `ItemID1`, `AppearanceModID1`, `ItemVisual1`, `ItemID2`, `AppearanceModID2`, `ItemVisual2`, `ItemID3`, `AppearanceModID3`, `ItemVisual3`, `VerifiedBuild`) VALUES 
('92990', '1', '128521', '0', '0', '0', '0', '0', '0', '0', '0', '0'),
('97632', '1', '128521', '0', '0', '0', '0', '0', '0', '0', '0', '0');

UPDATE `creature_template` SET `ScriptName` = 'npc_sledge_crusher' WHERE `entry` IN (92990,97632);
DELETE FROM `creature_text` WHERE `CreatureID` IN (92990, 97632);
INSERT INTO `creature_text` (`CreatureID`, `GroupID`, `ID`, `Text`, `Type`, `Language`, `Probability`, `Emote`, `Duration`, `Sound`, `BroadcastTextId`, `TextRange`, `Comment`) VALUES
(92990,0,0,'%s attack the brute without the |cFFFF7F00Brutal Attacks|r buff!',41,0,0,0,0,0,0,0,'Brutal Attacks announce'),
(97632,0,0,'%s attack the brute without the |cFFFF7F00Brutal Attacks|r buff!',41,0,0,0,0,0,0,0,'Brutal Attacks announce');
-- Run with Kayn and Altruis to the entrance of Vault of the Betray
UPDATE `creature` SET `spawndist`= 0, `MovementType`= 0, `spawntimesecs`= 5, `ScriptName` = 'npc_kayn_sunfury_felbat' WHERE `guid`= 20542908;
UPDATE `creature` SET `spawndist`= 0, `MovementType`= 0, `spawntimesecs`= 5, `ScriptName` = 'npc_kayn_sunfury_follower' WHERE `guid`= 20542909;
DELETE FROM `script_waypoint` WHERE `entry`=92984;
INSERT INTO `script_waypoint` (`entry`, `pointid`, `location_x`, `location_y`, `location_z`, `waittime`, `point_comment`) VALUES
(92984,1,4098.29,-300.77,-286.72,0,'Kayn Sunfury for Grand Felbat'),
(92984,2,4117.28,-301.36,-286.78,0,'Kayn Sunfury for Grand Felbat'),
(92984,3,4146.88,-301.36,-286.78,0,'Kayn Sunfury for Grand Felbat'),
(92984,4,4167.22,-301.64,-286.51,0,'Kayn Sunfury for Grand Felbat'),
(92984,5,4177.93,-301.24,-282.73,0,'Kayn Sunfury for Grand Felbat'),
(92984,6,4184.27,-300.95,-281.18,0,'Kayn Sunfury for Grand Felbat'),
(92984,7,4219.50,-302.79,-280.96,0,'Kayn Sunfury for Grand Felbat');
DELETE FROM `script_waypoint` WHERE `entry`=92985;
INSERT INTO `script_waypoint` (`entry`, `pointid`, `location_x`, `location_y`, `location_z`, `waittime`, `point_comment`) VALUES
(92985,1,4099.72,-292.51,-286.97,0,'Altruis the Sufferer for Grand Felbat'),
(92985,2,4120.64,-293.05,-286.98,0,'Altruis the Sufferer for Grand Felbat'),
(92985,3,4142.75,-292.97,-286.98,0,'Altruis the Sufferer for Grand Felbat'),
(92985,4,4165.60,-293.16,-286.97,0,'Altruis the Sufferer for Grand Felbat'),
(92985,5,4177.88,-292.95,-282.75,0,'Altruis the Sufferer for Grand Felbat'),
(92985,6,4184.76,-293.00,-281.18,0,'Altruis the Sufferer for Grand Felbat'),
(92985,7,4209.69,-292.55,-281.22,0,'Altruis the Sufferer for Grand Felbat');
UPDATE `gameobject` SET `PhaseId` = '175' WHERE `guid`IN (20373131, 20373132, 20373133);
UPDATE `creature_template` SET `flags_extra` = 128 WHERE `entry` IN (59113, 59115, 103093); -- generic bunny
-- Bastillax Conversation
DELETE FROM `conversation_actor_template` WHERE `Id`=60431;
INSERT INTO `conversation_actor_template` (`Id`, `CreatureId`, `CreatureModelId`, `VerifiedBuild`) VALUES
(60431, 96783, 66806, 26972);
DELETE FROM `conversation_actors` WHERE `ConversationId` BETWEEN 6802 AND 6804;
INSERT INTO `conversation_actors` (`ConversationId`, `ConversationActorId`, `ConversationActorGuid`, `Idx`, `VerifiedBuild`) VALUES
(6802, 60431, 0, 0, 26972),
(6803, 60431, 0, 0, 26972),
(6804, 60431, 0, 0, 26972);
DELETE FROM `conversation_template` WHERE `Id` BETWEEN 6802 AND 6804;
INSERT INTO `conversation_template` (`Id`, `FirstLineId`, `LastLineEndTime`, `ScriptName`, `VerifiedBuild`) VALUES
(6802, 13016, 13720, '', 26972),
(6803, 13017, 9720, '', 26972),
(6804, 13018, 8720, '', 26972);
DELETE FROM `conversation_line_template` WHERE `Id` BETWEEN 13016 AND 13018;
INSERT INTO `conversation_line_template` (`Id`, `StartTime`, `UiCameraID`, `ActorIdx`, `Flags`, `VerifiedBuild`) VALUES
(13016, 0, 99, 0, 0, 26972),
(13017, 0, 99, 0, 0, 26972),
(13018, 0, 99, 0, 0, 26972);
-- Marius Felbane (100298) SAI
UPDATE `creature_template` SET `AIName`="SmartAI" WHERE `entry`=100298;
DELETE FROM `smart_scripts` WHERE `entryorguid`=100298 AND `source_type`=0;
INSERT INTO `smart_scripts` (`entryorguid`,`source_type`,`id`,`link`,`event_type`,`event_phase_mask`,`event_chance`,`event_flags`,`event_param1`,`event_param2`,`event_param3`,`event_param4`,`action_type`,`action_param1`,`action_param2`,`action_param3`,`action_param4`,`action_param5`,`action_param6`,`target_type`,`target_param1`,`target_param2`,`target_param3`,`target_x`,`target_y`,`target_z`,`target_o`,`comment`) VALUES
(100298,0,0,1,10,0,100,1,1,10,25000,25000,1,0,10000,0,0,0,0,18,15,0,0,0,0,0,0,"Marius Felbane - Within 1-10 Range Out of Combat LoS - Say Line 0 (No Repeat)");
DELETE FROM `creature_text` WHERE `CreatureID`=100298;
INSERT INTO `creature_text` (`CreatureID`, `GroupID`, `ID`, `Text`, `Type`, `Language`, `Probability`, `Emote`, `Duration`, `Sound`, `BroadcastTextId`, `TextRange`, `comment`) VALUES
(100298, 0, 0, 'Stand firm. Do not let them break through!', 12, 0, 100, 0, 0, 57304, 0, 0, 'Marius Felbane to Player');
-- Lyana Darksorrow (100299) SAI
UPDATE `creature_template` SET `AIName`="SmartAI" WHERE `entry`=100299;
DELETE FROM `smart_scripts` WHERE `entryorguid`=100299 AND `source_type`=0;
INSERT INTO `smart_scripts` (`entryorguid`,`source_type`,`id`,`link`,`event_type`,`event_phase_mask`,`event_chance`,`event_flags`,`event_param1`,`event_param2`,`event_param3`,`event_param4`,`action_type`,`action_param1`,`action_param2`,`action_param3`,`action_param4`,`action_param5`,`action_param6`,`target_type`,`target_param1`,`target_param2`,`target_param3`,`target_x`,`target_y`,`target_z`,`target_o`,`comment`) VALUES
(100299,0,0,1,10,0,100,1,1,10,25000,25000,1,0,10000,0,0,0,0,18,15,0,0,0,0,0,0,"Lyana Darksorrow - Within 1-10 Range Out of Combat LoS - Say Line 0 (No Repeat)");
DELETE FROM `creature_text` WHERE `CreatureID`=100299;
INSERT INTO `creature_text` (`CreatureID`, `GroupID`, `ID`, `Text`, `Type`, `Language`, `Probability`, `Emote`, `Duration`, `Sound`, `BroadcastTextId`, `TextRange`, `comment`) VALUES
(100299, 0, 0, 'Hold the line, demon hunters. We fight in Lord Illidans name!', 12, 0, 100, 0, 0, 57303, 0, 0, 'Lyana Darksorrow to Player');
DELETE FROM `creature_text_locale` WHERE `CreatureID`=100299;
INSERT INTO `creature_text_locale` (`CreatureID`, `GroupID`, `ID`, `Locale`, `Text`) VALUES
(100299, 0, 0, 'ruRU', ' ,   .   !');
-- Maiev Shadowsong (92718) texts
DELETE FROM `creature_text` WHERE `CreatureID`=92718 AND `GroupID`=1;
INSERT INTO `creature_text` (`CreatureID`, `GroupID`, `ID`, `Text`, `Type`, `Language`, `Probability`, `Emote`, `Duration`, `Sound`, `BroadcastTextId`, `TextRange`, `comment`) VALUES
(92718, 1, 0, 'Gul\'dan could never access this chamber. One of my Wardens has betrayed me!', 12, 0, 100, 0, 0, 57308, 0, 0, 'Maiev Shadowsong to Player');
DELETE FROM `creature_text_locale` WHERE `CreatureID`=92718;
INSERT INTO `creature_text_locale` (`CreatureID`, `GroupID`, `ID`, `Locale`, `Text`) VALUES
(92718, 0, 0, 'ruRU', '\'     . -    !');
-- Jace Darkweaver (97070) SAI
UPDATE `creature_template` SET `AIName`="SmartAI" WHERE `entry`=97070;
DELETE FROM `smart_scripts` WHERE `entryorguid`=97070 AND `source_type`=0;
INSERT INTO `smart_scripts` (`entryorguid`,`source_type`,`id`,`link`,`event_type`,`event_phase_mask`,`event_chance`,`event_flags`,`event_param1`,`event_param2`,`event_param3`,`event_param4`,`action_type`,`action_param1`,`action_param2`,`action_param3`,`action_param4`,`action_param5`,`action_param6`,`target_type`,`target_param1`,`target_param2`,`target_param3`,`target_x`,`target_y`,`target_z`,`target_o`,`comment`) VALUES
(97070,0,0,1,10,0,100,1,1,10,25000,25000,1,0,10000,0,0,0,0,18,15,0,0,0,0,0,0,"Jace Darkweaver - Within 1-10 Range Out of Combat LoS - Say Line 0 (No Repeat)");
DELETE FROM `creature_text` WHERE `CreatureID`=97070;
INSERT INTO `creature_text` (`CreatureID`, `GroupID`, `ID`, `Text`, `Type`, `Language`, `Probability`, `Emote`, `Duration`, `Sound`, `BroadcastTextId`, `TextRange`, `comment`) VALUES
(97070, 0, 0, 'Kane and Altruis have already gone ahead. Take this felbat and join them.', 12, 0, 100, 0, 0, 57299, 0, 0, 'Jace Darkweaver to Player');
DELETE FROM `creature_text_locale` WHERE `CreatureID`=97070;
INSERT INTO `creature_text_locale` (`CreatureID`, `GroupID`, `ID`, `Locale`, `Text`) VALUES
(97070, 0, 0, 'ruRU', '     .     .');
-- VotW spells
DELETE FROM `spell_script_names` WHERE `spell_id` IN (199760, 196460, 196462);
INSERT INTO `spell_script_names` (`spell_id`, `ScriptName`) VALUES
('199760', 'spell_199760'),
('196460', 'spell_196460'),
('196462', 'spell_196462');
DELETE FROM `creature_text_locale` WHERE `CreatureID`=96682;
INSERT INTO `creature_text_locale` (`CreatureID`, `GroupID`, `ID`, `Locale`, `Text`) VALUES
(96682, 0, 0, 'ruRU', '  ,   .     !'),
(96682, 1, 0, 'ruRU', '      .     ?');
UPDATE `creature_template` SET `AIName`="", `ScriptName`='npc_korvas_bloodthorn_97643' WHERE `entry`=97643;
DELETE FROM `creature` WHERE `guid` IN (20543175,20543176);
DELETE FROM `creature_addon` WHERE `guid` IN (20543175,20543176);
UPDATE `creature_template` SET `HoverHeight`='1.5' WHERE `entry`=96680;
UPDATE `creature_addon` SET `auras`='191915' WHERE `guid`=20543201; -- glazer
DELETE FROM `creature_template` WHERE `entry` BETWEEN 950005 AND 950009;
INSERT INTO `creature_template` (`entry`, `difficulty_entry_1`, `difficulty_entry_2`, `difficulty_entry_3`, `KillCredit1`, `KillCredit2`, `modelid1`, `modelid2`, `modelid3`, `modelid4`, `name`, `femaleName`, `subname`, `TitleAlt`, `IconName`, `gossip_menu_id`, `minlevel`, `maxlevel`, `HealthScalingExpansion`, `RequiredExpansion`, `VignetteID`, `faction`, `npcflag`, `speed_walk`, `speed_run`, `scale`, `rank`, `dmgschool`, `BaseAttackTime`, `RangeAttackTime`, `BaseVariance`, `RangeVariance`, `unit_class`, `unit_flags`, `unit_flags2`, `unit_flags3`, `dynamicflags`, `family`, `trainer_type`, `trainer_class`, `trainer_race`, `type`, `type_flags`, `type_flags2`, `lootid`, `pickpocketloot`, `skinloot`, `resistance1`, `resistance2`, `resistance3`, `resistance4`, `resistance5`, `resistance6`, `spell1`, `spell2`, `spell3`, `spell4`, `spell5`, `spell6`, `spell7`, `spell8`, `VehicleId`, `mingold`, `maxgold`, `AIName`, `MovementType`, `InhabitType`, `HoverHeight`, `HealthModifier`, `HealthModifierExtra`, `ManaModifier`, `ManaModifierExtra`, `ArmorModifier`, `DamageModifier`, `ExperienceModifier`, `RacialLeader`, `movementId`, `RegenHealth`, `mechanic_immune_mask`, `flags_extra`, `ScriptName`, `VerifiedBuild`) VALUES('950005','0','0','0','0','0','11686','0','0','0','Beam 1',NULL,NULL,NULL,NULL,'0','110','110','0','6','0','35','0','1','1.14286','1','0','0','0','0','1','1','1','33554688','2050','0','0','0','0','0','0','7','2097224','0','0','0','0','0','0','0','0','0','0','0','0','0','0','0','0','0','0','4383','0','0','','0','4','1','1','1','5.15','1','1','1','1','0','0','1','0','0','','21287');
INSERT INTO `creature_template` (`entry`, `difficulty_entry_1`, `difficulty_entry_2`, `difficulty_entry_3`, `KillCredit1`, `KillCredit2`, `modelid1`, `modelid2`, `modelid3`, `modelid4`, `name`, `femaleName`, `subname`, `TitleAlt`, `IconName`, `gossip_menu_id`, `minlevel`, `maxlevel`, `HealthScalingExpansion`, `RequiredExpansion`, `VignetteID`, `faction`, `npcflag`, `speed_walk`, `speed_run`, `scale`, `rank`, `dmgschool`, `BaseAttackTime`, `RangeAttackTime`, `BaseVariance`, `RangeVariance`, `unit_class`, `unit_flags`, `unit_flags2`, `unit_flags3`, `dynamicflags`, `family`, `trainer_type`, `trainer_class`, `trainer_race`, `type`, `type_flags`, `type_flags2`, `lootid`, `pickpocketloot`, `skinloot`, `resistance1`, `resistance2`, `resistance3`, `resistance4`, `resistance5`, `resistance6`, `spell1`, `spell2`, `spell3`, `spell4`, `spell5`, `spell6`, `spell7`, `spell8`, `VehicleId`, `mingold`, `maxgold`, `AIName`, `MovementType`, `InhabitType`, `HoverHeight`, `HealthModifier`, `HealthModifierExtra`, `ManaModifier`, `ManaModifierExtra`, `ArmorModifier`, `DamageModifier`, `ExperienceModifier`, `RacialLeader`, `movementId`, `RegenHealth`, `mechanic_immune_mask`, `flags_extra`, `ScriptName`, `VerifiedBuild`) VALUES('950006','0','0','0','0','0','11686','0','0','0','Beam 2',NULL,NULL,NULL,NULL,'0','110','110','0','6','0','35','0','1','1.14286','1','0','0','0','0','1','1','1','33554688','2050','0','0','0','0','0','0','7','2097224','0','0','0','0','0','0','0','0','0','0','0','0','0','0','0','0','0','0','4383','0','0','','0','4','1','1','1','5.15','1','1','1','1','0','0','1','0','0','','21287');
INSERT INTO `creature_template` (`entry`, `difficulty_entry_1`, `difficulty_entry_2`, `difficulty_entry_3`, `KillCredit1`, `KillCredit2`, `modelid1`, `modelid2`, `modelid3`, `modelid4`, `name`, `femaleName`, `subname`, `TitleAlt`, `IconName`, `gossip_menu_id`, `minlevel`, `maxlevel`, `HealthScalingExpansion`, `RequiredExpansion`, `VignetteID`, `faction`, `npcflag`, `speed_walk`, `speed_run`, `scale`, `rank`, `dmgschool`, `BaseAttackTime`, `RangeAttackTime`, `BaseVariance`, `RangeVariance`, `unit_class`, `unit_flags`, `unit_flags2`, `unit_flags3`, `dynamicflags`, `family`, `trainer_type`, `trainer_class`, `trainer_race`, `type`, `type_flags`, `type_flags2`, `lootid`, `pickpocketloot`, `skinloot`, `resistance1`, `resistance2`, `resistance3`, `resistance4`, `resistance5`, `resistance6`, `spell1`, `spell2`, `spell3`, `spell4`, `spell5`, `spell6`, `spell7`, `spell8`, `VehicleId`, `mingold`, `maxgold`, `AIName`, `MovementType`, `InhabitType`, `HoverHeight`, `HealthModifier`, `HealthModifierExtra`, `ManaModifier`, `ManaModifierExtra`, `ArmorModifier`, `DamageModifier`, `ExperienceModifier`, `RacialLeader`, `movementId`, `RegenHealth`, `mechanic_immune_mask`, `flags_extra`, `ScriptName`, `VerifiedBuild`) VALUES('950007','0','0','0','0','0','11686','0','0','0','Beam 3',NULL,NULL,NULL,NULL,'0','110','110','0','6','0','35','0','1','1.14286','1','0','0','0','0','1','1','1','33554688','2050','0','0','0','0','0','0','7','2097224','0','0','0','0','0','0','0','0','0','0','0','0','0','0','0','0','0','0','4383','0','0','','0','4','1','1','1','5.15','1','1','1','1','0','0','1','0','0','','21287');
INSERT INTO `creature_template` (`entry`, `difficulty_entry_1`, `difficulty_entry_2`, `difficulty_entry_3`, `KillCredit1`, `KillCredit2`, `modelid1`, `modelid2`, `modelid3`, `modelid4`, `name`, `femaleName`, `subname`, `TitleAlt`, `IconName`, `gossip_menu_id`, `minlevel`, `maxlevel`, `HealthScalingExpansion`, `RequiredExpansion`, `VignetteID`, `faction`, `npcflag`, `speed_walk`, `speed_run`, `scale`, `rank`, `dmgschool`, `BaseAttackTime`, `RangeAttackTime`, `BaseVariance`, `RangeVariance`, `unit_class`, `unit_flags`, `unit_flags2`, `unit_flags3`, `dynamicflags`, `family`, `trainer_type`, `trainer_class`, `trainer_race`, `type`, `type_flags`, `type_flags2`, `lootid`, `pickpocketloot`, `skinloot`, `resistance1`, `resistance2`, `resistance3`, `resistance4`, `resistance5`, `resistance6`, `spell1`, `spell2`, `spell3`, `spell4`, `spell5`, `spell6`, `spell7`, `spell8`, `VehicleId`, `mingold`, `maxgold`, `AIName`, `MovementType`, `InhabitType`, `HoverHeight`, `HealthModifier`, `HealthModifierExtra`, `ManaModifier`, `ManaModifierExtra`, `ArmorModifier`, `DamageModifier`, `ExperienceModifier`, `RacialLeader`, `movementId`, `RegenHealth`, `mechanic_immune_mask`, `flags_extra`, `ScriptName`, `VerifiedBuild`) VALUES('950008','0','0','0','0','0','11686','0','0','0','Beam 4',NULL,NULL,NULL,NULL,'0','110','110','0','6','0','35','0','1','1.14286','1','0','0','0','0','1','1','1','33554688','2050','0','0','0','0','0','0','7','2097224','0','0','0','0','0','0','0','0','0','0','0','0','0','0','0','0','0','0','4383','0','0','','0','4','1','1','1','5.15','1','1','1','1','0','0','1','0','0','','21287');
INSERT INTO `creature_template` (`entry`, `difficulty_entry_1`, `difficulty_entry_2`, `difficulty_entry_3`, `KillCredit1`, `KillCredit2`, `modelid1`, `modelid2`, `modelid3`, `modelid4`, `name`, `femaleName`, `subname`, `TitleAlt`, `IconName`, `gossip_menu_id`, `minlevel`, `maxlevel`, `HealthScalingExpansion`, `RequiredExpansion`, `VignetteID`, `faction`, `npcflag`, `speed_walk`, `speed_run`, `scale`, `rank`, `dmgschool`, `BaseAttackTime`, `RangeAttackTime`, `BaseVariance`, `RangeVariance`, `unit_class`, `unit_flags`, `unit_flags2`, `unit_flags3`, `dynamicflags`, `family`, `trainer_type`, `trainer_class`, `trainer_race`, `type`, `type_flags`, `type_flags2`, `lootid`, `pickpocketloot`, `skinloot`, `resistance1`, `resistance2`, `resistance3`, `resistance4`, `resistance5`, `resistance6`, `spell1`, `spell2`, `spell3`, `spell4`, `spell5`, `spell6`, `spell7`, `spell8`, `VehicleId`, `mingold`, `maxgold`, `AIName`, `MovementType`, `InhabitType`, `HoverHeight`, `HealthModifier`, `HealthModifierExtra`, `ManaModifier`, `ManaModifierExtra`, `ArmorModifier`, `DamageModifier`, `ExperienceModifier`, `RacialLeader`, `movementId`, `RegenHealth`, `mechanic_immune_mask`, `flags_extra`, `ScriptName`, `VerifiedBuild`) VALUES('950009','0','0','0','0','0','11686','0','0','0','Beam 5',NULL,NULL,NULL,NULL,'0','110','110','0','6','0','35','0','1','1.14286','1','0','0','0','0','1','1','1','33554688','2050','0','0','0','0','0','0','7','2097224','0','0','0','0','0','0','0','0','0','0','0','0','0','0','0','0','0','0','4383','0','0','','0','4','1','1','1','5.15','1','1','1','1','0','0','1','0','0','','21287');
-- visuals for the quest - Beam Me Up (39684)
DELETE FROM `conditions` WHERE `SourceTypeOrReferenceId` = 13 AND `SourceEntry` IN (191933, 191934, 191935, 196363, 197724);
INSERT INTO `conditions` (`SourceTypeOrReferenceId`, `SourceGroup`, `SourceEntry`, `SourceId`, `ElseGroup`, `ConditionTypeOrReference`, `ConditionTarget`, `ConditionValue1`, `ConditionValue2`, `ConditionValue3`, `NegativeCondition`, `ErrorType`, `ErrorTextId`, `ScriptName`, `Comment`) VALUES
(13, 1, 191933, 0, 0, 31, 0, 3, 950005, 0, 0, 0, 0, '', 'DH - Vault of the Wardens - Glazer target Beam dummy 1'),
(13, 1, 191934, 0, 0, 31, 0, 3, 950006, 0, 0, 0, 0, '', 'DH - Vault of the Wardens - Beam dummy 1 target Beam dummy 2'),
(13, 1, 191935, 0, 0, 31, 0, 3, 950007, 0, 0, 0, 0, '', 'DH - Vault of the Wardens - Beam dummy 2 target Beam dummy 3'),
(13, 1, 196363, 0, 0, 31, 0, 3, 950008, 0, 0, 0, 0, '', 'DH - Vault of the Wardens - Beam dummy 3 target Beam dummy 4'),
(13, 1, 197724, 0, 0, 31, 0, 3, 950009, 0, 0, 0, 0, '', 'DH - Vault of the Wardens - Beam dummy 4 target Beam dummy 5'),
(13, 1, 197724, 0, 0, 1, 0, 197724, 0, 0, 1, 0, 0, '', 'DH - Vault of the Wardens - Beam dummy 4 target Beam dummy 5 without aura already');
DELETE FROM `smart_scripts` WHERE `source_type` = 0 AND `entryorguid` IN (96680, -365928, -365929, 950005, 950006, 950007, 950008);
INSERT INTO `smart_scripts` (`entryorguid`, `source_type`, `id`, `link`, `event_type`, `event_phase_mask`, `event_chance`, `event_flags`, `event_param1`, `event_param2`, `event_param3`, `event_param4`, `action_type`, `action_param1`, `action_param2`, `action_param3`, `action_param4`, `action_param5`, `action_param6`, `target_type`, `target_param1`, `target_param2`, `target_param3`, `target_x`, `target_y`, `target_z`, `target_o`, `comment`) VALUES
(-365928, 0, 0, 0, 25, 0, 100, 0, 0, 0, 0, 0, 11, 191933, 0, 0, 0, 0, 0, 1, 0, 0, 0, 0, 0, 0, 0, 'Cast eye beam spell on spawn'),
(-365928, 0, 1, 0, 25, 0, 100, 0, 0, 0, 0, 0, 11, 191915, 0, 0, 0, 0, 0, 1, 0, 0, 0, 0, 0, 0, 0, 'Cast focusing on spawn'),
(-365928, 0, 2, 0, 1, 0, 100, 0, 2000, 2000, 10000, 12000, 11, 196460, 2, 0, 0, 0, 0, 1, 0, 0, 0, 0, 0, 0, 0, "OOC - Cast Lingering Gaze"),
(-365928, 0, 3, 0, 1, 0, 100, 0, 3000, 4000, 20000, 21000, 11, 196462, 2, 0, 0, 0, 0, 1, 0, 0, 0, 0, 0, 0, 0, "OOC - Cast Pulse"),
(-365928, 0, 4, 0, 60, 0, 100, 0, 1, 10, 1000, 1000, 8, 0, 0, 0, 0, 0, 0, 1, 0, 0, 0, 0, 0, 0, 0, 'Prevent Combat'),
(950005, 0, 0, 0, 25, 0, 100, 0, 0, 0, 0, 0, 11, 191934, 0, 0, 0, 0, 0, 1, 0, 0, 0, 0, 0, 0, 0, 'Cast eye beam spell on spawn'),
(950006, 0, 0, 0, 25, 0, 100, 0, 0, 0, 0, 0, 11, 191935, 0, 0, 0, 0, 0, 1, 0, 0, 0, 0, 0, 0, 0, 'Cast eye beam spell on spawn'),
(950007, 0, 0, 0, 25, 0, 100, 0, 0, 0, 0, 0, 11, 196363, 0, 0, 0, 0, 0, 1, 0, 0, 0, 0, 0, 0, 0, 'Cast eye beam spell on spawn'),
(950008, 0, 0, 0, 25, 0, 100, 0, 0, 0, 0, 0, 11, 197724, 0, 0, 0, 0, 0, 1, 0, 0, 0, 0, 0, 0, 0, 'Cast eye beam spell on spawn'),
(950008, 0, 1, 0, 25, 0, 100, 0, 0, 0, 0, 0, 11, 197724, 0, 0, 0, 0, 0, 1, 0, 0, 0, 0, 0, 0, 0, 'Cast eye beam spell on spawn');
UPDATE `creature_template` SET `AIName` = 'SmartAI' WHERE `entry` IN (950005, 950006, 950007, 950008);
-- Bastillax texts
DELETE FROM `creature_text` WHERE `CreatureID`=96783;
INSERT INTO `creature_text` (`CreatureID`, `GroupID`, `ID`, `Text`, `Type`, `Language`, `Probability`, `Emote`, `Duration`, `Sound`, `BroadcastTextId`, `TextRange`, `comment`) VALUES
(96783, 0, 0, 'You will never see the light of this world again.', 12, 0, 100, 0, 0, 57310, 0, 0, 'Bastillax to demon hunter'),
(96783, 1, 0, 'Freedom is but a hopeless dream.', 12, 0, 100, 0, 0, 57311, 0, 0, 'Bastillax to demon hunter'),
(96783, 2, 0, 'Such arrogance... To think you can stand against the Legion!', 12, 0, 100, 0, 0, 57385, 0, 0, 'Bastillax to demon hunter'),
(96783, 3, 0, '|TInterface\\Icons\\inv_misc_monsterspidercarapace_01:20|t%s begins to cast |cFFFF0000|Hspell:200002|h[\"Blur of Shadows\"]|h|r!', 41, 0, 100, 0, 0, 0, 0, 0, 'Bastillax to demon hunter');
DELETE FROM `creature_text_locale` WHERE `CreatureID`=96783;
INSERT INTO `creature_text_locale` (`CreatureID`, `GroupID`, `ID`, `Locale`, `Text`) VALUES
(96783, 0, 0, 'ruRU', '     .'),
(96783, 1, 0, 'ruRU', ' -  .'),
(96783, 2, 0, 'ruRU', ' ...      !');
UPDATE `creature_template` SET `AIName`='' WHERE `entry`=97644;
DELETE FROM `smart_scripts` WHERE `entryorguid`=97644 AND `source_type`=0;
DELETE FROM `conditions` WHERE `SourceTypeOrReferenceId` IN (15) AND `SourceGroup` IN (19012);
INSERT INTO `conditions` (`SourceTypeOrReferenceId`, `SourceGroup`, `sourceEntry`, `SourceId`, `ElseGroup`, `ConditionTypeOrReference`, `ConditionTarget`, `ConditionValue1`, `ConditionValue2`, `ConditionValue3`, `NegativeCondition`, `ErrorType`, `ErrorTextId`, `ScriptName`, `Comment`) VALUES 
(15, 19012, 0, 0, 0, 48, 0, 286169, 0, 0, 0, 0, 0, '', 'Gossip Only Shows if Quest Objective done'),
(15, 19012, 0, 0, 0, 48, 0, 280763, 0, 0, 1, 0, 0, '', 'Gossip Only Shows if Quest Objective not done'); -- TEST
DELETE FROM `creature_sparring_template` WHERE `CreatureID` IN (97267, 97265);
DELETE FROM `quest_offer_reward` WHERE `ID` IN (39686 /*All The Way Up*/);
INSERT INTO `quest_offer_reward` (`ID`, `Emote1`, `Emote2`, `Emote3`, `Emote4`, `EmoteDelay1`, `EmoteDelay2`, `EmoteDelay3`, `EmoteDelay4`, `RewardText`, `VerifiedBuild`) VALUES
(39686, 5, 0, 0, 0, 200, 0, 0, 0, 'This is serious. Their core ideals are in direct conflict.$B$BI fear they will take this duel to the death.', 27404); -- All The Way Up
-- Fel Annihilation update
DELETE FROM `creature` WHERE `id`='101446' AND `guid` IN (20543434, 20543444, 20543446, 20543469);
DELETE FROM `creature_addon` WHERE `guid` IN (20543434, 20543444, 20543446, 20543469);
UPDATE `creature_template` SET `modelid1`=20570, `modelid2`=11686, `unit_class`=1, `faction`=35, `unit_flags`=33587968, `unit_flags2`=2099200, `type_flags`=1024, `InhabitType`=2, `flags_extra`=128 WHERE `entry`='101446';
UPDATE `creature_template_addon` SET `bytes1`=0, `auras`=''WHERE `entry`='101446';
-- Fel Annihilation SAI
UPDATE `creature_template` SET `AIName`="SmartAI" WHERE `entry`=101446;
DELETE FROM `smart_scripts` WHERE `entryorguid`=101446 AND `source_type`=0;
INSERT INTO `smart_scripts` (`entryorguid`,`source_type`,`id`,`link`,`event_type`,`event_phase_mask`,`event_chance`,`event_flags`,`event_param1`,`event_param2`,`event_param3`,`event_param4`,`action_type`,`action_param1`,`action_param2`,`action_param3`,`action_param4`,`action_param5`,`action_param6`,`target_type`,`target_param1`,`target_param2`,`target_param3`,`target_x`,`target_y`,`target_z`,`target_o`,`comment`) VALUES
(101446,0,0,0,1,0,100,0,1000,2000,60000,61000,11,194946,6,0,0,0,0,1,0,0,0,0,0,0,0,"Fel Annihilation - Out of Combat - Cast 'Lingering Gaze'");
-- Other corrections
UPDATE `creature_text` SET `Sound` = '55064' WHERE `CreatureID` = '93802' AND `GroupID` = '0' AND `ID` = '0';
-- Mardum: Tyranna
UPDATE `creature_template` SET `AIName` = '', `ScriptName`='npc_mardum_keystone_downstairs' WHERE `entry` = 101760;
DELETE FROM `gameobject` WHERE `guid` = 20373837;
DELETE FROM `creature_text` WHERE `CreatureID` = 93802 AND `GroupID` = 5;
INSERT INTO `creature_text` (`CreatureID`, `GroupID`, `ID`, `Text`, `Type`, `Language`, `Probability`, `Emote`, `Duration`, `Sound`, `BroadcastTextId`, `TextRange`, `Comment`) VALUES
(93802,5,0,'|TInterface\\Icons\\inv_misc_monsterspidercarapace_01:20|t %s disappears |cFFFF0404|Hspell:197414|h[\"Into the Shadows\"]|h|r!',41,0,100,0,0,0,0,0,'Into the Shadows spell use announce');
DELETE FROM `creature_text_locale` WHERE `CreatureID`=93802;
INSERT INTO `creature_text_locale` (`CreatureID`, `GroupID`, `ID`, `Locale`, `Text`) VALUES
(93802, 1, 0, 'ruRU', '     .        !'),
(93802, 2, 0, 'ruRU', '   .'),
(93802, 3, 0, 'ruRU', ' ,  .   !'),
(93802, 4, 0, 'ruRU', ' ! --!'),
(93802, 5, 0, 'ruRU', '|TInterface\\Icons\\inv_misc_monsterspidercarapace_01:20|t%s   |cFFFF0404|Hspell:197414|h[\"  \"]|h|r!');
DELETE FROM `creature_text_locale` WHERE `CreatureID`=97244;
INSERT INTO `creature_text_locale` (`CreatureID`, `GroupID`, `ID`, `Locale`, `Text`) VALUES
(97244, 0, 0, 'ruRU', '     !      !');
DELETE FROM `creature_text_locale` WHERE `CreatureID`=97297;
INSERT INTO `creature_text_locale` (`CreatureID`, `GroupID`, `ID`, `Locale`, `Text`) VALUES
(97297, 0, 0, 'ruRU', '        .'),
(97297, 1, 0, 'ruRU', '.       .');
-- Cyana Nightglaive 97297
UPDATE `creature_template` SET `AIName`="", `ScriptName`='npc_mardum_cyana_nightglaive' WHERE `entry`=97297;
DELETE FROM `smart_scripts` WHERE `entryorguid`=97297 AND `source_type`=0;
-- TrinityCore TDB spells
DELETE FROM `spell_proc` WHERE `SpellId` IN (32065, 36659);
INSERT INTO `spell_proc` (`SpellId`, `SchoolMask`, `SpellFamilyName`, `SpellFamilyMask0`, `SpellFamilyMask1`, `SpellFamilyMask2`, `ProcFlags`, `SpellTypeMask`, `SpellPhaseMask`, `HitMask`, `AttributesMask`, `ProcsPerMinute`, `Chance`, `Cooldown`, `Charges`) VALUES
(32065, 0x0, 0, 0x00000000, 0x00000000, 0x00000000, 0x80000, 0x1, 0x0, 0x0, 0x0, 0, 0, 0, 0),
(36659, 0x0, 0, 0x00000000, 0x00000000, 0x00000000, 0x80000, 0x1, 0x0, 0x0, 0x0, 0, 0, 0, 0);
DELETE FROM `spell_script_names` WHERE `ScriptName` IN ('spell_gen_decay_over_time_fungal_decay','spell_gen_decay_over_time_tail_sting');
INSERT INTO `spell_script_names` (`spell_id`, `ScriptName`) VALUES
(32065, 'spell_gen_decay_over_time_fungal_decay'),
(36659, 'spell_gen_decay_over_time_tail_sting');
UPDATE `creature_template` SET `AIName`="", `ScriptName`='npc_votw_kayn_altruis_choice' WHERE `entry` IN (97265, 97267);
UPDATE `scene_template` SET `ScriptName`='scene_mardum_metamorphosis' WHERE `SceneId`=1142 and `ScriptPackageId`=1512;
UPDATE `creature_template` SET `AIName`="", `ScriptName`='npc_bastillax_attacker' WHERE `entry`=97273;
-- 97265 Kayn Sunfury "A New Direction"
DELETE FROM `creature_text` WHERE `CreatureID` = 97265;
INSERT INTO `creature_text` (`CreatureID`, `GroupID`, `ID`, `Text`, `Type`, `Language`, `Probability`, `Emote`, `Duration`, `Sound`, `BroadcastTextId`, `TextRange`, `comment`) VALUES
(97265, 0, 0, 'Lord Illidan taught us to fight and to persevere. Together, we destroyed countless demons. YOU chose the coward\'s path.', 12, 0, 100, 0, 0, 57296, 0, 0, 'Kayn Sunfury to Player'),
(97265, 1, 0, 'You killed our own people! You spit in the face of our sacrifices!', 12, 0, 100, 0, 0, 57347, 0, 0, 'Kayn Sunfury to Player'),
(97265, 2, 0, 'You will trust the traitor? I can do no more here.', 12, 0, 100, 0, 0, 57349, 0, 0, 'Kayn Sunfury to Player');
DELETE FROM `creature_text_locale` WHERE `CreatureID`=97265;
INSERT INTO `creature_text_locale` (`CreatureID`, `GroupID`, `ID`, `Locale`, `Text`) VALUES
(97265, 0, 0, 'ruRU', '      .     .     .'),
(97265, 1, 0, 'ruRU', '     !      !'),
(97265, 2, 0, 'ruRU', '  ?  , ,     .');
-- 97267 Altruis the Sufferer "A New Direction"
DELETE FROM `creature_text` WHERE `CreatureID` = 97267;
INSERT INTO `creature_text` (`CreatureID`, `GroupID`, `ID`, `Text`, `Type`, `Language`, `Probability`, `Emote`, `Duration`, `Sound`, `BroadcastTextId`, `TextRange`, `comment`) VALUES
(97267, 0, 0, 'I could only trust my own sight, brother. Lord Illidan was becoming no better than our enemy.', 12, 0, 100, 0, 0, 57346, 0, 0, 'Altruis the Sufferer to Player'),
(97267, 1, 0, 'There is no convincing you, I see. Very well, I will take my leave. $p, beware that you do not share Illidan\'s fate.', 12, 0, 100, 0, 0, 57297, 0, 0, 'Altruis the Sufferer to Player');
DELETE FROM `creature_text_locale` WHERE `CreatureID`=97267;
INSERT INTO `creature_text_locale` (`CreatureID`, `GroupID`, `ID`, `Locale`, `Text`) VALUES
(97267, 0, 0, 'ruRU', '    , .       .'),
(97267, 1, 0, 'ruRU', ' ,    .  , $p,   . ,    .');
-- Korvas ru translation
DELETE FROM `creature_text_locale` WHERE `CreatureID`=97644;
INSERT INTO `creature_text_locale` (`CreatureID`, `GroupID`, `ID`, `Locale`, `Text`) VALUES
(97644, 0, 0, 'ruRU', '  .    !'),
(97644, 1, 0, 'ruRU', ' .    .');
-- 97273 Kayn Sunfury "Between Us and Freedom"
DELETE FROM `creature_text` WHERE `CreatureID` = 97273;
INSERT INTO `creature_text` (`CreatureID`, `GroupID`, `ID`, `Text`, `Type`, `Language`, `Probability`, `Emote`, `Duration`, `Sound`, `BroadcastTextId`, `TextRange`, `comment`) VALUES
(97273, 0, 0, 'We\'ve done it, Illidari! FREEDOM IS OURS!', 12, 0, 100, 0, 0, 57363, 0, 0, 'Kayn Sunfury to Player');
DELETE FROM `creature_text_locale` WHERE `CreatureID`=97273;
INSERT INTO `creature_text_locale` (`CreatureID`, `GroupID`, `ID`, `Locale`, `Text`) VALUES
(97273, 0, 0, 'ruRU', '-, !   !');
-- 97274 Altruis the Sufferer "A New Direction"
DELETE FROM `creature_text` WHERE `CreatureID` = 97274;
INSERT INTO `creature_text` (`CreatureID`, `GroupID`, `ID`, `Text`, `Type`, `Language`, `Probability`, `Emote`, `Duration`, `Sound`, `BroadcastTextId`, `TextRange`, `comment`) VALUES
(97274, 0, 0, 'We\'ve done it, Illidari! FREEDOM IS OURS!', 12, 0, 100, 0, 0, 57366, 0, 0, 'Altruis the Sufferer to Player');
DELETE FROM `creature_text_locale` WHERE `CreatureID`=97274;
INSERT INTO `creature_text_locale` (`CreatureID`, `GroupID`, `ID`, `Locale`, `Text`) VALUES
(97274, 0, 0, 'ruRU', '-, !   !');
-- Make legion portals go active
UPDATE `gameobject` SET `state`=0, `isActive`=1 WHERE `id`=244417;
UPDATE `creature_text` SET `Sound`=57340 WHERE `CreatureId`=92980 AND `GroupID`=0;
UPDATE `creature_template` SET `minlevel` = 110, `maxlevel` = 110 WHERE `entry` IN (99254, 99247);
UPDATE `creature_template` SET `npcflag`=3, `gossip_menu_id`=20463, `type_flags`=0, `ScriptName`='npc_dh_questgiver_artifact' WHERE `entry`=99247;
DELETE FROM `creature_equip_template` WHERE `CreatureID`=99247;
INSERT INTO `creature_equip_template` (`CreatureID`, `ID`, `ItemID1`, `AppearanceModID1`, `ItemVisual1`, `ItemID2`, `AppearanceModID2`, `ItemVisual2`, `ItemID3`, `AppearanceModID3`, `ItemVisual3`, `VerifiedBuild`) VALUES 
('99247', '1', '128359', '0', '0', '128371', '0', '0', '0', '0', '0', '0');
UPDATE `creature` SET `equipment_id`='1' WHERE `id` = '99247';
UPDATE `creature_loot_template` SET `GroupId`=3 WHERE `Item`=128227; -- TEST was 6
DELETE FROM `conditions` WHERE `SourceTypeOrReferenceId` IN (15) AND `SourceGroup` IN (19175);
INSERT INTO `conditions` (`SourceTypeOrReferenceId`, `SourceGroup`, `sourceEntry`, `SourceId`, `ElseGroup`, `ConditionTypeOrReference`, `ConditionTarget`, `ConditionValue1`, `ConditionValue2`, `ConditionValue3`, `NegativeCondition`, `ErrorType`, `ErrorTextId`, `ScriptName`, `Comment`) VALUES 
(15, 19175, 0, 0, 0, 48, 0, 279763, 0, 0, 1, 0, 0, '', 'Gossip Only Shows if Quest Objective not done'); -- TEST
-- Volatile Minion SAI and Texts
SET @VOLATILE_MINION := 96280;
DELETE FROM `creature_text` WHERE `CreatureID`=@VOLATILE_MINION;
INSERT INTO `creature_text` (`CreatureID`, `GroupID`, `ID`, `Text`, `Type`, `Language`, `Probability`, `Emote`, `Duration`, `Sound`, `BroadcastTextId`, `TextRange`, `comment`) VALUES
(@VOLATILE_MINION, 0, 0, 'Tasty meats for me to eats.', 12, 0, 100, 0, 0, 55207, 0, 0, 'Volatile Minion to Player'),
(@VOLATILE_MINION, 1, 0, 'Invaders. Warn the Brood Queen!', 12, 0, 100, 0, 0, 55208, 0, 0, 'Volatile Minion to Player'),
(@VOLATILE_MINION, 2, 0, 'We\'ll feast on your flesh and devour your soul.', 12, 0, 100, 0, 0, 55205, 0, 0, 'Volatile Minion to Player');
DELETE FROM `creature_text_locale` WHERE `CreatureID`=@VOLATILE_MINION;
INSERT INTO `creature_text_locale` (`CreatureID`, `GroupID`, `ID`, `Locale`, `Text`) VALUES
(@VOLATILE_MINION, 0, 0, 'ruRU', ' !'),
(@VOLATILE_MINION, 1, 0, 'ruRU', '  !'),
(@VOLATILE_MINION, 2, 0, 'ruRU', '   !   .');
UPDATE `creature_template` SET `AIName`="SmartAI" WHERE `entry`=@VOLATILE_MINION;
DELETE FROM `smart_scripts` WHERE `entryorguid`=@VOLATILE_MINION AND `source_type`=0;
DELETE FROM `smart_scripts` WHERE `entryorguid` IN (@VOLATILE_MINION*100+01,@VOLATILE_MINION*100+02,@VOLATILE_MINION*100+03) AND `source_type`=9;
INSERT INTO `smart_scripts` (`entryorguid`,`source_type`,`id`,`link`,`event_type`,`event_phase_mask`,`event_chance`,`event_flags`,`event_param1`,`event_param2`,`event_param3`,`event_param4`,`action_type`,`action_param1`,`action_param2`,`action_param3`,`action_param4`,`action_param5`,`action_param6`,`target_type`,`target_param1`,`target_param2`,`target_param3`,`target_x`,`target_y`,`target_z`,`target_o`,`comment`) VALUES
(@VOLATILE_MINION,0,0,0,26,0,100,0,1,10,0,0,87,@VOLATILE_MINION*100+01,@VOLATILE_MINION*100+02,@VOLATILE_MINION*100+03,0,0,0,1,0,0,0,0,0,0,0,"Volatile Minion - In Combat LoS - Run Random Script"),
(@VOLATILE_MINION,0,1,0,6,0,100,1,0,0,0,0,11,200757,3,0,0,0,0,0,1,0,0,0,0,0,0,"Volatile Minion - On Just Died - Cast 'Explosive Minion on Death' (No Repeat)"),
(@VOLATILE_MINION,0,2,0,11,0,100,1,0,0,0,0,11,200756,0,0,0,0,0,1,0,0,0,0,0,0,0,"Volatile Minion - On Respawn - Cast 'Volatile Minion' (No Repeat)"),
(@VOLATILE_MINION*100+01,9,0,0,0,0,100,0,0,0,0,0,1,0,5000,0,0,0,0,1,0,0,0,0,0,0,0,"Mardum Executioner - On Script - Say Line 0"),
(@VOLATILE_MINION*100+02,9,0,0,0,0,100,0,0,0,0,0,1,1,5000,0,0,0,0,1,0,0,0,0,0,0,0,"Mardum Executioner - On Script - Say Line 1"),
(@VOLATILE_MINION*100+03,9,0,0,0,0,100,0,0,0,0,0,1,2,5000,0,0,0,0,1,0,0,0,0,0,0,0,"Mardum Executioner - On Script - Say Line 2");
-- TEST
DELETE FROM `conditions` WHERE `SourceTypeOrReferenceId`= 15 AND `SourceGroup` IN (18935, 18994, 18937, 18936, 18823) AND `ConditionValue1` =39516;
DELETE FROM `conditions` WHERE `SourceTypeOrReferenceId`= 15 AND `SourceGroup` IN (18935, 18994, 18937, 18936, 18823) AND `ConditionValue1` IN (280458, 280461, 280459, 280462);
INSERT INTO `conditions` (`SourceTypeOrReferenceId`, `SourceGroup`, `sourceEntry`, `SourceId`, `ElseGroup`, `ConditionTypeOrReference`, `ConditionTarget`, `ConditionValue1`, `ConditionValue2`, `ConditionValue3`, `NegativeCondition`, `ErrorType`, `ErrorTextId`, `ScriptName`, `Comment`) VALUES 
(15, 18935, 0, 0, 0, 48, 0, 280458, 0, 0, 1, 0, 0, '', 'Gossip Only Shows if Quest 39516 taken'),
-- (15, 18994, 0, 0, 0, 47, 0, 39516, 8, 0, 0, 0, 0, '', 'Gossip Only Shows if Quest 39516 taken'),
(15, 18937, 0, 0, 0, 48, 0, 280461, 0, 0, 1, 0, 0, '', 'Gossip Only Shows if Quest 39516 taken'),
(15, 18936, 0, 0, 0, 48, 0, 280459, 0, 0, 1, 0, 0, '', 'Gossip Only Shows if Quest 39516 taken'),
(15, 18823, 0, 0, 0, 48, 0, 280462, 0, 0, 1, 0, 0, '', 'Gossip Only Shows if Quest 39516 taken');
DELETE FROM `conditions` WHERE `SourceTypeOrReferenceId`= 15 AND `SourceGroup` IN (18935, 18994, 18937, 18936, 18823) AND `ConditionValue1` =39515;
DELETE FROM `conditions` WHERE `SourceTypeOrReferenceId`= 15 AND `SourceGroup` IN (18935, 18994, 18937, 18936, 18823) AND `ConditionValue1` IN (280463, 280466, 280464, 280467);
INSERT INTO `conditions` (`SourceTypeOrReferenceId`, `SourceGroup`, `sourceEntry`, `SourceId`, `ElseGroup`, `ConditionTypeOrReference`, `ConditionTarget`, `ConditionValue1`, `ConditionValue2`, `ConditionValue3`, `NegativeCondition`, `ErrorType`, `ErrorTextId`, `ScriptName`, `Comment`) VALUES 
(15, 18935, 0, 0, 0, 48, 0, 280463, 0, 0, 1, 0, 0, '', 'Gossip Only Shows if Quest 39516 taken'),
-- (15, 18994, 0, 0, 0, 47, 0, 39515, 8, 0, 0, 0, 0, '', 'Gossip Only Shows if Quest 39516 taken'),
(15, 18937, 0, 0, 0, 48, 0, 280466, 0, 0, 1, 0, 0, '', 'Gossip Only Shows if Quest 39516 taken'),
(15, 18936, 0, 0, 0, 48, 0, 280464, 0, 0, 1, 0, 0, '', 'Gossip Only Shows if Quest 39516 taken'),
(15, 18823, 0, 0, 0, 48, 0, 280467, 0, 0, 1, 0, 0, '', 'Gossip Only Shows if Quest 39516 taken');
-- Korvas Bloodthorn 99343 SAI and texts
DELETE FROM `creature_text` WHERE `CreatureID`=99343;
INSERT INTO `creature_text` (`CreatureID`, `GroupID`, `ID`, `Text`, `Type`, `Language`, `Probability`, `Emote`, `Duration`, `Sound`, `BroadcastTextId`, `TextRange`, `comment`) VALUES
(99343, 0, 0, 'I need to speak with you.', 12, 0, 100, 0, 0, 0, 0, 0, 'Korvas Bloodthorn to Player'),
(99343, 1, 0, 'Time is of the essence. We must get moving!', 12, 0, 100, 0, 0, 0, 0, 0, 'Korvas Bloodthorn to Player'),
(99343, 2, 0, 'Every moment we sit idle, the Legion gains strength.', 12, 0, 100, 0, 0, 0, 0, 0, 'Korvas Bloodthorn to Player'),
(99343, 3, 0, 'In Lord Illidan\'s absence, you are the ranking member of our order. We can\'t make this decision without you.', 12, 0, 100, 0, 0, 0, 0, 0, 'Korvas Bloodthorn to Player'),
(99343, 4, 0, 'Let me know when you\'re ready.', 12, 0, 100, 0, 0, 0, 0, 0, 'Korvas Bloodthorn to Player'),
(99343, 5, 0, 'Altruis and the others await you at Krasus\' Landing. I\'ll meet you there.', 12, 0, 100, 0, 0, 58224, 0, 0, 'Korvas Bloodthorn to Player'),
(99343, 6, 0, 'Kayn and the others await you at Krasus\' Landing. I\'ll meet you there.', 12, 0, 100, 0, 0, 58224, 0, 0, 'Korvas Bloodthorn to Player'),
(99343, 7, 0, '', 12, 0, 100, 0, 0, 0, 0, 0, 'Korvas Bloodthorn to Player'),
(99343, 8, 0, '', 12, 0, 100, 0, 0, 0, 0, 0, 'Korvas Bloodthorn to Player');
UPDATE `creature_template` SET `npcflag`=2, `minlevel` = 110, `maxlevel` = 110 WHERE `entry`=99343;
DELETE FROM `creature_equip_template` WHERE `CreatureID`=99343;
INSERT INTO `creature_equip_template` (`CreatureID`, `ID`, `ItemID1`, `AppearanceModID1`, `ItemVisual1`, `ItemID2`, `AppearanceModID2`, `ItemVisual2`, `ItemID3`, `AppearanceModID3`, `ItemVisual3`, `VerifiedBuild`) VALUES 
('99343', '1', '128359', '0', '0', '128371', '0', '0', '0', '0', '0', '0');
UPDATE `creature_template` SET `AIName`="SmartAI" WHERE `entry`=99343;
DELETE FROM `smart_scripts` WHERE `entryorguid`=99343 AND `source_type`=0;
INSERT INTO `smart_scripts` (`entryorguid`,`source_type`,`id`,`link`,`event_type`,`event_phase_mask`,`event_chance`,`event_flags`,`event_param1`,`event_param2`,`event_param3`,`event_param4`,`action_type`,`action_param1`,`action_param2`,`action_param3`,`action_param4`,`action_param5`,`action_param6`,`target_type`,`target_param1`,`target_param2`,`target_param3`,`target_x`,`target_y`,`target_z`,`target_o`,`comment`) VALUES
(99343,0,0,5,54,0,100,0,0,0,0,0,29,0,0,0,0,0,0,7,0,0,0,0,0,0,0,'Just Summoned - Follow Invoker'),
(99343,0,1,4,61,0,100,0,0,0,0,0,1,0,0,0,0,0,0,1,0,0,0,0,0,0,0,'Link - Despawn'),
(99343,0,2,3,19,0,100,0,39047,0,0,0,1,1,0,0,0,0,0,7,0,0,0,0,0,0,0,'Quest Accept - Say Text'),
(99343,0,3,0,61,0,100,0,0,0,0,0,41,5000,0,0,0,0,0,1,0,0,0,0,0,0,0,'Link - Despawn'),
(99343,0,4,0,61,0,100,0,0,0,0,0,41,30000,0,0,0,0,0,1,0,0,0,0,0,0,0,'Link - Despawn'),
(99343,0,5,1,61,0,100,0,0,0,0,0,207,0,0,0,0,0,0,7,0,0,0,0,0,0,0,'Link - Set Personal Invis');
-- Quest Template Corrections
UPDATE `quest_template_addon` SET `PrevQuestID`=44663 WHERE `ID`=39047; -- Call of the Illidari (Altruis)
UPDATE `quest_template_addon` SET `PrevQuestID`=44663 WHERE `ID`=39261; -- Call of the Illidari (Kayn)
UPDATE `quest_template_addon` SET `PrevQuestID`=39047 WHERE `ID`=40816; -- The Power To Survive (Altruis)
UPDATE `quest_template_addon` SET `PrevQuestID`=39261 WHERE `ID`=40814; -- The Power To Survive (Kayn)
-- Twinbldes of the Deceiver
UPDATE `quest_template_addon` SET `PrevQuestID`=40816 WHERE `ID`=41120; -- Making Arrangements (Altruis)
UPDATE `quest_template_addon` SET `PrevQuestID`=40814 WHERE `ID`=40819; -- Making Arrangements (Kayn)
UPDATE `quest_template_addon` SET `PrevQuestID`=41120 WHERE `ID`=41121; -- By Any Means (Altruis)
UPDATE `quest_template_addon` SET `PrevQuestID`=40819 WHERE `ID`=39051; -- By Any Means (Kayn)
UPDATE `quest_template_addon` SET `PrevQuestID`=41121 WHERE `ID`=41119; -- The Hunt (Altruis)
UPDATE `quest_template_addon` SET `PrevQuestID`=39051 WHERE `ID`=39247; -- The Hunt (Kayn)
-- Aldrachi Warblades
UPDATE `quest_template_addon` SET `PrevQuestID`=40816, `NextQuestID`=41804 WHERE `ID`=41803; -- Asking a Favor (Altruis)
UPDATE `quest_template_addon` SET `PrevQuestID`=40814, `NextQuestID`=41804 WHERE `ID`=40247; -- Asking a Favor (Kayn)
UPDATE `quest_template_addon` SET `PrevQuestID`=41804 WHERE `ID`=41806; -- Return To Jace
UPDATE `quest_template_addon` SET `PrevQuestID`=41806 WHERE `ID`=41807; -- Estabishing a Connection
UPDATE `quest_template_addon` SET `PrevQuestID`=41807 WHERE `ID`=41863; -- Vengeance Will Be Ours (Altruis)
UPDATE `quest_template_addon` SET `PrevQuestID`=41807 WHERE `ID`=40249; -- Vengeance Will Be Ours (Kayn)
DELETE FROM `creature_queststarter` WHERE `quest` IN (39047, 39261, 40816, 40814, 41120, 40819, 41121, 39051, 41119, 39247, 41803, 40247, 41804, 41806, 41807, 41863, 40249);
INSERT INTO `creature_queststarter` (`id`, `quest`) VALUES  
(99343, 39047), -- Call of the Illidari (Altruis)
(99343, 39261), -- Call of the Illidari (Kayn)
(99254, 40816), -- The Power To Survive (Altruis)
(99247, 40814), -- The Power To Survive (Kayn)
(99254, 41120), -- Making Arrangements (Altruis)
(99247, 40819), -- Making Arrangements (Kayn)
(108572, 40819), -- Making Arrangements (Kayn)
(103156, 41121), -- By Any Means (Altruis)
(94902, 39051), -- By Any Means (Kayn)
(103156, 41119), -- The Hunt (Altruis)
(94902, 39247), -- The Hunt (Kayn)
(108571, 41803), -- Asking a Favor (Altruis)
(99254, 41803), -- Asking a Favor (Altruis)
(99247, 40247), -- Asking a Favor (Kayn)
(108572, 40247), -- Asking a Favor (Kayn)
(90417, 41804), -- Ask and You Shall Receive
(90417, 41806), -- Return To Jace
(99262, 41807), -- Estabishing a Connection
(99254, 41863), -- Vengeance Will Be Ours (Altruis)
(99247, 40249); -- Vengeance Will Be Ours (Kayn)
DELETE FROM `creature_questender` WHERE `quest` IN (39047, 39261, 40816, 40814, 41120, 40819, 41121, 39051, 41119, 39247, 41803, 40247, 41804, 41806, 41807, 41863, 40249);
INSERT INTO `creature_questender` (`id`,`quest`) VALUES
(99254, 39047), -- Call of the Illidari (Altruis)
(99247, 39261), -- Call of the Illidari (Kayn)
(99254, 40816), -- The Power To Survive (Altruis)
(99247, 40814), -- The Power To Survive (Kayn)
(103156, 41120), -- Making Arrangements (Altruis)
(94902, 40819), -- Making Arrangements (Kayn)
(103156, 41121), -- By Any Means (Altruis)
(94902, 39051), -- By Any Means (Kayn)
(102799, 41119), -- The Hunt (Altruis)
(103761, 41119), -- The Hunt (Altruis)
(102799, 39247), -- The Hunt (Kayn)
(103761, 39247), -- The Hunt (Kayn)
(90417, 41803), -- Asking a Favor (Altruis)
(90417, 40247), -- Asking a Favor (Kayn)
(90417, 41804), -- Ask and You Shall Receive
(99262, 41806), -- Return To Jace
(99262, 41807), -- Estabishing a Connection
(102799, 41863), -- Vengeance Will Be Ours (Altruis)
(103761, 41863), -- Vengeance Will Be Ours (Altruis)
(102799, 40249), -- Vengeance Will Be Ours (Kayn)
(103761, 40249); -- Vengeance Will Be Ours (Kayn)
DELETE FROM `conditions` WHERE `SourceTypeOrReferenceId`=19 AND `SourceEntry` IN (39047,39261);
INSERT INTO `conditions` (`SourceTypeOrReferenceId`, `SourceGroup`, `SourceEntry`, `SourceId`, `ElseGroup`, `ConditionTypeOrReference`, `ConditionTarget`, `ConditionValue1`, `ConditionValue2`, `ConditionValue3`, `NegativeCondition`, `ErrorType`, `ErrorTextId`, `ScriptName`, `Comment`) VALUES
(19,0,39047,0,0,14,0,40374,0,0,0,0,0,"","Quest 'Call of the Illidari' (Altruis) can only be taken if quest 'Obtained Kayn' is not taken"),
(19,0,39261,0,0,14,0,40375,0,0,0,0,0,"","Quest 'Call of the Illidari' (Kayn) can only be taken if quest 'Obtained Altruis' is not taken");
DELETE FROM `conditions` WHERE `SourceTypeOrReferenceId`=19 AND `SourceEntry` IN (40816,40814);
INSERT INTO `conditions` (`SourceTypeOrReferenceId`, `SourceGroup`, `SourceEntry`, `SourceId`, `ElseGroup`, `ConditionTypeOrReference`, `ConditionTarget`, `ConditionValue1`, `ConditionValue2`, `ConditionValue3`, `NegativeCondition`, `ErrorType`, `ErrorTextId`, `ScriptName`, `Comment`) VALUES
(19,0,40816,0,0,14,0,40374,0,0,0,0,0,"","Quest 'The Power To Survive' (Altruis) can only be taken if quest 'Obtained Kayn' is not taken"),
(19,0,40814,0,0,14,0,40375,0,0,0,0,0,"","Quest 'The Power To Survive' (Kayn) can only be taken if quest 'Obtained Altruis' is not taken");
DELETE FROM `conditions` WHERE `SourceTypeOrReferenceId`=19 AND `SourceEntry` IN (41120,40819);
INSERT INTO `conditions` (`SourceTypeOrReferenceId`, `SourceGroup`, `SourceEntry`, `SourceId`, `ElseGroup`, `ConditionTypeOrReference`, `ConditionTarget`, `ConditionValue1`, `ConditionValue2`, `ConditionValue3`, `NegativeCondition`, `ErrorType`, `ErrorTextId`, `ScriptName`, `Comment`) VALUES
(19,0,41120,0,0,14,0,40374,0,0,0,0,0,"","Quest 'Making Arrangements' (Altruis) can only be taken if quest 'Obtained Kayn' is not taken"),
(19,0,40819,0,0,14,0,40375,0,0,0,0,0,"","Quest 'Making Arrangements' (Kayn) can only be taken if quest 'Obtained Altruis' is not taken");
DELETE FROM `conditions` WHERE `SourceTypeOrReferenceId`=19 AND `SourceEntry` IN (41121,39051);
INSERT INTO `conditions` (`SourceTypeOrReferenceId`, `SourceGroup`, `SourceEntry`, `SourceId`, `ElseGroup`, `ConditionTypeOrReference`, `ConditionTarget`, `ConditionValue1`, `ConditionValue2`, `ConditionValue3`, `NegativeCondition`, `ErrorType`, `ErrorTextId`, `ScriptName`, `Comment`) VALUES
(19,0,41121,0,0,14,0,40374,0,0,0,0,0,"","Quest 'By Any Means' (Altruis) can only be taken if quest 'Obtained Kayn' is not taken"),
(19,0,39051,0,0,14,0,40375,0,0,0,0,0,"","Quest 'By Any Means' (Kayn) can only be taken if quest 'Obtained Altruis' is not taken");
DELETE FROM `conditions` WHERE `SourceTypeOrReferenceId`=19 AND `SourceEntry` IN (41119,39247);
INSERT INTO `conditions` (`SourceTypeOrReferenceId`, `SourceGroup`, `SourceEntry`, `SourceId`, `ElseGroup`, `ConditionTypeOrReference`, `ConditionTarget`, `ConditionValue1`, `ConditionValue2`, `ConditionValue3`, `NegativeCondition`, `ErrorType`, `ErrorTextId`, `ScriptName`, `Comment`) VALUES
(19,0,41119,0,0,14,0,40374,0,0,0,0,0,"","Quest 'The Hunt' (Altruis) can only be taken if quest 'Obtained Kayn' is not taken"),
(19,0,39247,0,0,14,0,40375,0,0,0,0,0,"","Quest 'The Hunt' (Kayn) can only be taken if quest 'Obtained Altruis' is not taken");
DELETE FROM `conditions` WHERE `SourceTypeOrReferenceId`=19 AND `SourceEntry` IN (41803,40247);
INSERT INTO `conditions` (`SourceTypeOrReferenceId`, `SourceGroup`, `SourceEntry`, `SourceId`, `ElseGroup`, `ConditionTypeOrReference`, `ConditionTarget`, `ConditionValue1`, `ConditionValue2`, `ConditionValue3`, `NegativeCondition`, `ErrorType`, `ErrorTextId`, `ScriptName`, `Comment`) VALUES
(19,0,41803,0,0,14,0,40374,0,0,0,0,0,"","Quest 'Asking a Favor' (Altruis) can only be taken if quest 'Obtained Kayn' is not taken"),
(19,0,40247,0,0,14,0,40375,0,0,0,0,0,"","Quest 'Asking a Favor' (Kayn) can only be taken if quest 'Obtained Altruis' is not taken");
DELETE FROM `conditions` WHERE `SourceTypeOrReferenceId`=19 AND `SourceEntry` IN (41863,40249);
INSERT INTO `conditions` (`SourceTypeOrReferenceId`, `SourceGroup`, `SourceEntry`, `SourceId`, `ElseGroup`, `ConditionTypeOrReference`, `ConditionTarget`, `ConditionValue1`, `ConditionValue2`, `ConditionValue3`, `NegativeCondition`, `ErrorType`, `ErrorTextId`, `ScriptName`, `Comment`) VALUES
(19,0,41863,0,0,14,0,40374,0,0,0,0,0,"","Quest 'Vengeance Will Be Ours' (Altruis) can only be taken if quest 'Obtained Kayn' is not taken"),
(19,0,40249,0,0,14,0,40375,0,0,0,0,0,"","Quest 'Vengeance Will Be Ours' (Kayn) can only be taken if quest 'Obtained Altruis' is not taken");
DELETE FROM `conditions` WHERE `SourceTypeOrReferenceId`=19 AND `SourceEntry` IN (40819,40247);
INSERT INTO `conditions` (`SourceTypeOrReferenceId`, `SourceGroup`, `SourceEntry`, `SourceId`, `ElseGroup`, `ConditionTypeOrReference`, `ConditionTarget`, `ConditionValue1`, `ConditionValue2`, `ConditionValue3`, `NegativeCondition`, `ErrorType`, `ErrorTextId`, `ScriptName`, `Comment`) VALUES
(19,0,40819,0,0,14,0,40818,0,0,0,0,0,"","Quest 'Making Arrangements (Kayn)' can only be taken if quest 'Aldrachi Warblades Chosen' is not taken"),
(19,0,40247,0,0,14,0,40817,0,0,0,0,0,"","Quest 'Asking A Favor (Kayn)' can only be taken if quest 'Twinblades of the Deceiver Chosen' is not taken");
-- Update player choice AGAIN
DELETE FROM `playerchoice_response` WHERE `ChoiceId`=255;
INSERT INTO `playerchoice_response` (`ChoiceId`, `ResponseId`, `Index`, `ChoiceArtFileId`, `Header`, `Answer`, `Description`, `Confirmation`, `QuestId`, `VerifiedBuild`) VALUES
(255, 640, 2, 1274663, 'Vengeance', 'Select', 'The mighty Aldrachi were one of the few to stand against the Burning Legion. It took Sargeras to fell their greatest champion, seizing his warblades in the process.\n\nNow the traitorous Illidari Caria, servant of Kil\'Jaeden, wields the infamous warblades. The more souls she claims, the more powerful she becomes...\n\n    |cFFFF0404|Hitem:128832|h[\"Aldrachi Warblades\"]|h|r', 'CONFIRM_ARTIFACT_CHOICE', 40818, 25549),
(255, 641, 1, 1274663, 'Havoc', 'Select', 'These glaives belong to the former demon hunter Varedis Felsoul, who was slain defending the Black Temple many years ago.\n\nThe Burning Legion\'s master, Kil\'Jaeden the Deceiver, raised Varedis in the Twisting Nether and imbued his glaives with a piece of the demon lord\'s chaotic power.\n\n    |cFFFF0404|Hitem:127829|h[\"Twinblades of the Deceiver\"]|h|r', 'CONFIRM_ARTIFACT_CHOICE', 40817, 25549);
DELETE FROM `creature` WHERE `guid`=20543434;
INSERT INTO `creature` (`guid`, `id`, `map`, `zoneId`, `areaId`, `spawnDifficulties`, `phaseUseFlags`, `PhaseId`, `PhaseGroup`, `terrainSwapMap`, `modelid`, `equipment_id`, `position_x`, `position_y`, `position_z`, `orientation`, `spawntimesecs`, `spawndist`, `currentwaypoint`, `curhealth`, `curmana`, `MovementType`, `npcflag`, `unit_flags`, `unit_flags2`, `unit_flags3`, `dynamicflags`, `ScriptName`, `VerifiedBuild`) VALUES
(20543434,94902,1220,7502,7592,0,0,171,0,-1,0,0,-954.254,4334.872,740.184,4.08499,120,0,0,800,0,0,2,0,0,0,0,'',25549); -- Kayn Sunfury
DELETE FROM `spell_area` WHERE `area`=7592 AND `spell`=59074;
INSERT INTO `spell_area` (`spell`, `area`, `quest_start`, `quest_end`, `quest_start_status`, `quest_end_status`) VALUES
(59074, 7592, 41120, 41121, @QUEST_TAKEN, @QUEST_STATUS_COMPLETED_REWARDED),
(59074, 7592, 40819, 39051, @QUEST_TAKEN, @QUEST_STATUS_COMPLETED_REWARDED);
/* Generic Bunny */
DELETE FROM `creature_addon` WHERE `guid` IN (280001115, 280001116);
INSERT INTO `creature_addon`(`guid`, `path_id`, `mount`, `bytes1`, `bytes2`, `emote`, `aiAnimKit`, `movementAnimKit`, `meleeAnimKit`, `visibilityDistanceType`, `auras`) VALUES
(280001115, 0, 0, 0, 0, 0, 0, 0, 0, 0, '234577'),
(280001116, 0, 0, 0, 0, 0, 0, 0, 0, 0, '234577');
/* Warden Alturas gossip */
DELETE FROM `gossip_menu` WHERE `MenuId` IN (22260, 22261, 22262);
INSERT INTO `gossip_menu` (`MenuId`,`TextId`,`VerifiedBuild`) VALUES
(22260,0,22423),
(22261,0,22423),
(22262,0,22423);
DELETE FROM `gossip_menu_option` WHERE `MenuId` IN (22260, 22261, 22262);
INSERT INTO `gossip_menu_option` (`MenuId`,`OptionIndex`,`OptionIcon`, `OptionText`, `OptionBroadcastTextId`, `OptionType`, `OptionNpcFlag`, `VerifiedBuild`) VALUES
(22260,1,0,'There\'s no time to explain. Let us inside the hold, warden.',0,1,1,22423),
(22260,2,0,'Let us inside or I\'ll show you the difference.',0,1,1,22423),
(22261,1,0,'Do you want to find out?',0,1,1,22423),
(22261,2,0,'What do you have to lose either way?',0,1,1,22423),
(22262,1,0,'Let us inside or I\'ll show you the difference.',0,1,1,22423);
DELETE FROM `gossip_menu_option_action` WHERE `MenuId` IN (22260, 22262);
INSERT INTO `gossip_menu_option_action` (`MenuId`,`OptionIndex`,`ActionMenuId`, `ActionPoiId`) VALUES
(22260,1,22262,0),
(22260,2,22261,0),
(22262,1,22261,0);
-- Warden Alturas (96313)
UPDATE `creature` SET `ScriptName`='', `spawntimesecs`=0 WHERE `guid`=280000400;
UPDATE `creature_template` SET `gossip_menu_id`=22260, `AIName`='SmartAI' WHERE `entry`= '96313';
DELETE FROM `smart_scripts` WHERE (`entryorguid`=96313 AND `source_type`=0);
DELETE FROM `smart_scripts` WHERE (`entryorguid`=9631300 AND `source_type`=9);
DELETE FROM `smart_scripts` WHERE (`entryorguid`=9631301 AND `source_type`=9);
DELETE FROM `smart_scripts` WHERE (`entryorguid`=9631302 AND `source_type`=9);
INSERT INTO `smart_scripts` (`entryorguid`, `source_type`, `id`, `link`, `event_type`, `event_phase_mask`, `event_chance`, `event_flags`, `event_param1`, `event_param2`, `event_param3`, `event_param4`, `action_type`, `action_param1`, `action_param2`, `action_param3`, `action_param4`, `action_param5`, `action_param6`, `target_type`, `target_param1`, `target_param2`, `target_param3`, `target_x`, `target_y`, `target_z`, `target_o`, `comment`) VALUES
(96313, 0, 0, 0, 62, 0, 100, 0, 22261, 1, 0, 0, 80, 9631300, 2, 0, 0, 0, 0, 1, 0, 0, 0, 0, 0, 0, 0, "Warden Alturas - On Gossip Select - Actionlist"),
(96313, 0, 1, 0, 62, 0, 100, 0, 22261, 2, 0, 0, 80, 9631301, 2, 0, 0, 0, 0, 1, 0, 0, 0, 0, 0, 0, 0, "Warden Alturas - On Gossip Select - Actionlist"),
(96313, 0, 2, 0, 62, 0, 100, 0, 22260, 1, 0, 0, 80, 9631302, 2, 0, 0, 0, 0, 1, 0, 0, 0, 0, 0, 0, 0, "Warden Alturas - On Gossip Select - Actionlist"),
(9631300, 9, 0, 0, 0, 0, 100, 0, 0, 0, 0, 0, 72, 0, 0, 0, 0, 0, 0, 7, 0, 0, 0, 0, 0, 0, 0, 'On Script - Close gossip - Player'),
(9631300, 9, 1, 0, 0, 0, 100, 0, 0, 0, 0, 0, 59, 0, 0, 0, 0, 0, 0, 1, 0, 0, 0, 0, 0, 0, 0, "Warden Alturas - Set Walk"),
(9631300, 9, 2, 0, 0, 0, 100, 0, 0, 0, 0, 0, 33, 96313, 0, 0, 0, 0, 0, 7, 0, 0, 0, 0, 0, 0, 0, "Warden Alturas - Quest Credit"),
(9631300, 9, 3, 0, 0, 0, 100, 0, 0, 0, 0, 0, 1, 2, 0, 0, 0, 0, 0, 7, 0, 0, 0, 0, 0, 0, 0, "Warden Alturas - Say Line 2"),
(9631300, 9, 4, 0, 0, 0, 100, 0, 5000, 5000, 5000, 5000, 1, 3, 0, 0, 0, 0, 0, 7, 0, 0, 0, 0, 0, 0, 0, "Warden Alturas - Say Line 3"),
(9631300, 9, 5, 0, 0, 0, 100, 0, 8000, 8000, 0, 0, 66, 0, 0, 0, 0, 0, 0, 8, 0, 0, 0, -958.78, 4327.017, 740.203, 4.04117,"Warden Alturas - On Script - Set Orientation 4.04117"),
(9631300, 9, 6, 0, 0, 0, 100, 1, 1000, 1000, 0, 0, 11, 195453, 0, 0, 0, 0, 0, 7, 0, 0, 0, 0, 0, 0, 0, "Warden Alturas - Cast Cosmetic Teleport Effect"),
(9631301, 9, 0, 0, 0, 0, 100, 0, 0, 0, 0, 0, 72, 0, 0, 0, 0, 0, 0, 7, 0, 0, 0, 0, 0, 0, 0, 'On Script - Close gossip - Player'),
(9631301, 9, 1, 0, 0, 0, 100, 0, 0, 0, 0, 0, 59, 0, 0, 0, 0, 0, 0, 1, 0, 0, 0, 0, 0, 0, 0, "Warden Alturas - Set Walk"),
(9631301, 9, 2, 0, 0, 0, 100, 0, 0, 0, 0, 0, 33, 96313, 0, 0, 0, 0, 0, 7, 0, 0, 0, 0, 0, 0, 0, "Warden Alturas - Quest Credit"),
(9631301, 9, 3, 0, 0, 0, 100, 0, 0, 0, 0, 0, 1, 1, 0, 0, 0, 0, 0, 7, 0, 0, 0, 0, 0, 0, 0, "Warden Alturas - Say Line 1"),
(9631301, 9, 4, 0, 0, 0, 100, 0, 5000, 5000, 5000, 5000, 1, 3, 0, 0, 0, 0, 0, 7, 0, 0, 0, 0, 0, 0, 0, "Warden Alturas - Say Line 3"),
(9631301, 9, 5, 0, 0, 0, 100, 0, 8000, 8000, 0, 0, 66, 0, 0, 0, 0, 0, 0, 8, 0, 0, 0, -958.78, 4327.017, 740.203, 4.04117,"Warden Alturas - On Script - Set Orientation 4.04117"),
(9631301, 9, 6, 0, 0, 0, 100, 1, 1000, 1000, 0, 0, 11, 195453, 0, 0, 0, 0, 0, 7, 0, 0, 0, 0, 0, 0, 0, "Warden Alturas - Cast Cosmetic Teleport Effect"),
(9631302, 9, 0, 0, 0, 0, 100, 0, 0, 0, 0, 0, 72, 0, 0, 0, 0, 0, 0, 7, 0, 0, 0, 0, 0, 0, 0, 'On Script - Close gossip - Player'),
(9631302, 9, 1, 0, 0, 0, 100, 0, 0, 0, 0, 0, 1, 0, 0, 0, 0, 0, 0, 7, 0, 0, 0, 0, 0, 0, 0, "Warden Alturas - Say Line 0");
-- Add the "archmages-staff" to the Warden Alturas 99473
DELETE FROM `creature_equip_template` WHERE `CreatureID` IN (99473, 96313);
INSERT INTO `creature_equip_template` (`CreatureID`, `ID`, `ItemID1`, `AppearanceModID1`, `ItemVisual1`, `ItemID2`, `AppearanceModID2`, `ItemVisual2`, `ItemID3`, `AppearanceModID3`, `ItemVisual3`, `VerifiedBuild`) VALUES 
('99473', '1', '90034', '0', '0', '0', '0', '0', '0', '0', '0', '0'),
('96313', '1', '90034', '0', '0', '0', '0', '0', '0', '0', '0', '0');
UPDATE `creature` SET `equipment_id`='1' WHERE `id` IN ('99473', '96313');
DELETE FROM `creature_template_addon` WHERE `entry` IN ('99473', '96313');
INSERT INTO `creature_template_addon` (`entry`, `path_id`, `mount`, `bytes1`, `bytes2`, `emote`, `aiAnimKit`, `movementAnimKit`, `meleeAnimKit`, `auras`) VALUES
(99473, 0, 0, 0, 0, 0, 0, 0, 0, '215919'),
(96313, 0, 0, 0, 0, 0, 0, 0, 0, '215919');
-- Add equipment for Kayn and Altruis
DELETE FROM `creature_equip_template` WHERE `CreatureID`=94902;
INSERT INTO `creature_equip_template` (`CreatureID`, `ID`, `ItemID1`, `AppearanceModID1`, `ItemVisual1`, `ItemID2`, `AppearanceModID2`, `ItemVisual2`, `ItemID3`, `AppearanceModID3`, `ItemVisual3`, `VerifiedBuild`) VALUES 
('94902', '1', '128359', '0', '0', '128371', '0', '0', '0', '0', '0', '0');
UPDATE `creature` SET `equipment_id`='1' WHERE `id` = '94902';
DELETE FROM `creature_equip_template` WHERE `CreatureID`=103156;
INSERT INTO `creature_equip_template` (`CreatureID`, `ID`, `ItemID1`, `AppearanceModID1`, `ItemVisual1`, `ItemID2`, `AppearanceModID2`, `ItemVisual2`, `ItemID3`, `AppearanceModID3`, `ItemVisual3`, `VerifiedBuild`) VALUES 
('103156', '1', '128359', '0', '0', '128371', '0', '0', '0', '0', '0', '0');
UPDATE `creature` SET `equipment_id`='1' WHERE `id` = '103156';
DELETE FROM `creature_template_addon` WHERE `entry` IN (94902, 103156, 99247, 99254);
INSERT INTO `creature_template_addon` (`entry`, `path_id`, `mount`, `bytes1`, `bytes2`, `emote`, `aiAnimKit`, `movementAnimKit`, `meleeAnimKit`, `auras`) VALUES
(94902, 0, 0, 0, 0, 0, 0, 0, 0, '42459'),
(103156, 0, 0, 0, 0, 0, 0, 0, 0, '42459'),
(99247, 0, 0, 0, 0, 0, 0, 0, 0, '42459'),
(99254, 0, 0, 0, 0, 0, 0, 0, 0, '42459');
-- Scenario scenario_7.0_artifact_violet_hold
UPDATE `instance_template` SET `script`='scenario_artifact_violethold_dh', `parent`=1220, `insideResurrection`=1 WHERE `map`=1494;
-- Taldath the Destroyer
DELETE FROM `creature_text` WHERE `CreatureID`=94731;
INSERT INTO `creature_text` (`CreatureID`, `GroupID`, `ID`, `Text`, `Type`, `Language`, `Probability`, `Emote`, `Duration`, `Sound`, `BroadcastTextId`, `TextRange`, `comment`) VALUES
(94731, 0, 0, '$p?! You would stand before me after so many of your kin have fallen? Release me now and I may yet spare you.', 12, 0, 100, 1, 0, 64637, 0, 0, 'Taldath the Destroyer to Player'),
(94731, 1, 0, 'FOOL! You dare face me alone?', 14, 0, 100, 25, 0, 64639, 0, 0, 'Taldath the Destroyer to Player'),
(94731, 2, 0, 'Varedis will hunt down every one of your disgusting ilk. Pity you won\'t around to witness it.', 12, 0, 100, 0, 0, 64644, 0, 0, 'Taldath the Destroyer to Player'),
(94731, 3, 0, 'Vermin! My lord wields power beyond your comprehension! He will end you!', 12, 0, 100, 0, 0, 64646, 0, 0, 'Taldath the Destroyer to Player'),
(94731, 4, 0, 'Your efforts mean NOTHING! Soon all of Suramar will bow to my master\'s will!', 12, 0, 100, 0, 0, 64649, 0, 0, 'Taldath the Destroyer to Player'),
(94731, 5, 0, 'The Twinblades... will be your end...', 12, 0, 100, 0, 0, 64648, 0, 0, 'Taldath the Destroyer to Player');
UPDATE `creature_template` SET `faction`=16, `type_flags`=0, `HealthScalingExpansion`=6, `minlevel`=102, `maxlevel`=102, `BaseAttackTime`=2000, `RangeAttackTime`=2000, `HealthModifier`=10.0, `ArmorModifier`=1.0, `ScriptName`='npc_violethold_taldath' WHERE `entry`=94731; /* Taldath the Destroyer */
DELETE FROM `creature_template_addon` WHERE `entry`=94731;
INSERT INTO `creature_template_addon`(`entry`, `path_id`, `mount`, `bytes1`, `bytes2`, `emote`, `aiAnimKit`, `movementAnimKit`, `meleeAnimKit`, `visibilityDistanceType`, `auras`) VALUES
(94731, 0, 0, 0, 1, 0, 0, 0, 0, 0, '');
UPDATE `creature_template` SET `minlevel`=100, `maxlevel`=101, `ScriptName`='npc_warden_alturas_vh' WHERE `entry`=99473;
UPDATE `creature_template` SET `minlevel`=100, `maxlevel`=101 WHERE `entry`=103156;
UPDATE `creature_template` SET `minlevel`=100, `maxlevel`=101 WHERE `entry`=96313;
-- By Any Means conversations
-- Kayn
DELETE FROM `conversation_actor_template` WHERE `Id`=60432;
INSERT INTO `conversation_actor_template` (`Id`, `CreatureId`, `CreatureModelId`, `VerifiedBuild`) VALUES
(60432, 94902, 61698, 26972);
DELETE FROM `conversation_actors` WHERE `ConversationId` IN (1093, 1096, 1097);
INSERT INTO `conversation_actors` (`ConversationId`, `ConversationActorId`, `ConversationActorGuid`, `Idx`, `VerifiedBuild`) VALUES
(1093, 60432, 0, 0, 26972),
(1096, 60432, 0, 0, 26972),
(1097, 60432, 0, 0, 26972);
DELETE FROM `conversation_template` WHERE `Id` IN (1093, 1096, 1097);
INSERT INTO `conversation_template` (`Id`, `FirstLineId`, `LastLineEndTime`, `ScriptName`, `VerifiedBuild`) VALUES
(1093, 13013, 7720, '', 26972),
(1096, 13014, 4720, '', 26972),
(1097, 13015, 3720, '', 26972);
DELETE FROM `conversation_line_template` WHERE `Id` BETWEEN 13013 AND 13015;
INSERT INTO `conversation_line_template` (`Id`, `StartTime`, `UiCameraID`, `ActorIdx`, `Flags`, `VerifiedBuild`) VALUES
(13013, 0, 82, 0, 0, 26972),
(13014, 0, 82, 0, 0, 26972),
(13015, 0, 82, 0, 0, 26972);
-- Altruis
DELETE FROM `conversation_actor_template` WHERE `Id`=60433;
INSERT INTO `conversation_actor_template` (`Id`, `CreatureId`, `CreatureModelId`, `VerifiedBuild`) VALUES
(60433, 103156, 63985, 26972);
DELETE FROM `conversation_actors` WHERE `ConversationId` IN (1092, 1094, 1095, 1088, 1089);
INSERT INTO `conversation_actors` (`ConversationId`, `ConversationActorId`, `ConversationActorGuid`, `Idx`, `VerifiedBuild`) VALUES
(1088, 60433, 0, 0, 26972),
(1089, 60433, 0, 0, 26972),
(1095, 60433, 0, 0, 26972);
DELETE FROM `conversation_template` WHERE `Id` IN (1092, 1094, 1095, 1088, 1089);
INSERT INTO `conversation_template` (`Id`, `FirstLineId`, `LastLineEndTime`, `ScriptName`, `VerifiedBuild`) VALUES
(1088, 13010, 7720, '', 26972),
(1089, 13011, 4720, '', 26972),
(1095, 13012, 3720, '', 26972);
DELETE FROM `conversation_line_template` WHERE `Id` BETWEEN 13010 AND 13012;
INSERT INTO `conversation_line_template` (`Id`, `StartTime`, `UiCameraID`, `ActorIdx`, `Flags`, `VerifiedBuild`) VALUES
(13010, 0, 107, 0, 0, 26972),
(13011, 0, 107, 0, 0, 26972),
(13012, 0, 107, 0, 0, 26972);
-- 103156 (Altruis) texts and SAI
DELETE FROM `creature_text` WHERE `CreatureID`=103156;
INSERT INTO `creature_text` (`CreatureID`, `GroupID`, `ID`, `Text`, `Type`, `Language`, `Probability`, `Emote`, `Duration`, `Sound`, `BroadcastTextId`, `TextRange`, `comment`) VALUES
(103156, 0, 0, 'I will prepare a fel bat at Krasus\'Landing to take you to Suramar. Varedis\' time has come.', 12, 0, 100, 1, 0, 64640, 0, 0, 'Altruis the Sufferer to Player');
UPDATE `creature_template` SET `AIName`="SmartAI" WHERE `entry`=103156;
DELETE FROM `smart_scripts` WHERE `entryorguid`=103156 AND `source_type`=0;
INSERT INTO `smart_scripts` (`entryorguid`,`source_type`,`id`,`link`,`event_type`,`event_phase_mask`,`event_chance`,`event_flags`,`event_param1`,`event_param2`,`event_param3`,`event_param4`,`action_type`,`action_param1`,`action_param2`,`action_param3`,`action_param4`,`action_param5`,`action_param6`,`target_type`,`target_param1`,`target_param2`,`target_param3`,`target_x`,`target_y`,`target_z`,`target_o`,`comment`) VALUES
(103156,0,0,3,19,0,100,0,41119,0,0,0,1,0,0,0,0,0,0,7,0,0,0,0,0,0,0,'Quest Accept - Say Text');
-- 94902 (Kayn) texts and SAI
DELETE FROM `creature_text` WHERE `CreatureID`=94902;
INSERT INTO `creature_text` (`CreatureID`, `GroupID`, `ID`, `Text`, `Type`, `Language`, `Probability`, `Emote`, `Duration`, `Sound`, `BroadcastTextId`, `TextRange`, `comment`) VALUES
(94902, 0, 0, '$p, I will meet you at Krasus\'Landing and prepare a fel bat to take you to Suramar. Let the hunt begin!', 12, 0, 100, 1, 0, 57561, 0, 0, 'Altruis the Sufferer to Player');
UPDATE `creature_template` SET `AIName`="SmartAI" WHERE `entry`=94902;
DELETE FROM `smart_scripts` WHERE `entryorguid`=94902 AND `source_type`=0;
INSERT INTO `smart_scripts` (`entryorguid`,`source_type`,`id`,`link`,`event_type`,`event_phase_mask`,`event_chance`,`event_flags`,`event_param1`,`event_param2`,`event_param3`,`event_param4`,`action_type`,`action_param1`,`action_param2`,`action_param3`,`action_param4`,`action_param5`,`action_param6`,`target_type`,`target_param1`,`target_param2`,`target_param3`,`target_x`,`target_y`,`target_z`,`target_o`,`comment`) VALUES
(94902,0,0,3,19,0,100,0,39247,0,0,0,1,0,0,0,0,0,0,7,0,0,0,0,0,0,0,'Quest Accept - Say Text');
-- ***********************
-- *     DB ERRORS       *
-- ***********************
-- Missed Equip
DELETE FROM `creature_equip_template` WHERE `CreatureID`='95240';
INSERT INTO `creature_equip_template` (`CreatureID`, `ID`, `ItemID1`, `AppearanceModID1`, `ItemVisual1`, `ItemID2`, `AppearanceModID2`, `ItemVisual2`, `ItemID3`, `AppearanceModID3`, `ItemVisual3`, `VerifiedBuild`) VALUES 
('95240', '1', '128359', '0', '0', '128371', '0', '0', '0', '0', '0', '0');
-- Missed Movement
UPDATE `creature` SET `spawndist`=5 WHERE `guid`=801486;
DELETE FROM `creature_addon` WHERE `guid` IN (801505, 801501, 801497, 801492, 801491, 801483, 801460, 306723, 20541934, 20541913, 20541911, 20541890, 20541886, 20541861, 20541854, 20541839, 20541837, 20541818, 20541809, 20541803, 20541794, 20541784, 20542660, 20542664, 20543468, 20543470, 801435, 801404, 801391);
DELETE FROM `creature_addon` WHERE `guid` IN (801389, 801387, 801384, 801374, 801372, 801367, 801363, 801355, 801338, 801518, 801524, 801527, 801539, 801543, 801544, 801547, 801557, 801558, 801564, 801565, 801566, 801569, 801573, 801579, 801580, 801601, 801612, 801614, 801619, 801623, 801625, 801627, 801628, 801629);
DELETE FROM `creature_addon` WHERE `guid` IN (801631, 801647, 801657, 801658, 801659, 801660, 801661, 801662, 801664, 801665, 801667, 801668, 801669, 801670, 801671, 801675, 801677, 801678, 801697, 801699, 801700, 801806, 801809, 801810, 801836, 801901, 801903, 804910, 804911, 804912);
UPDATE `creature_addon` SET `auras`='' WHERE `guid` IN (20556546);
UPDATE `creature` SET `equipment_id`=0 WHERE `id` IN (100455, 100977, 109486, 100472);
